plan_id,provider,model_id,scenario_id,contamination_tier,execution_level,seed,sample_index,mode,transport,status,total_return,sharpe,max_drawdown,execution_fill_rate,rejected_order_count,risk_clipped_decisions,risk_violation_count,trajectory_reproducibility_coverage,parse_coverage,llm_call_count,cache_status,provider_manifest_sha256,reproducibility_hash,error_class
deepseek__deepseek_v4_flash__synthetic_calm_trend_c0_v0_3__c0__e0__seed_7__sample_0,deepseek,deepseek-v4-flash,synthetic_calm_trend_c0_v0_3,C0,E0,7,0,execute,direct-api,ok,0.109043,13.146196,-0.00021,1.0,0,22,22,1.0,1.0,24,live_call,sha256:496075e7ad8b59b858025063064fa4807431510de6e5e180f3e957072af22434,sha256:8da9eedcd627a0b38850d66e0d338dd4990f49ff57171b2f775c7c0e70054af2,
deepseek__deepseek_v4_flash__synthetic_calm_trend_c0_v0_3__c0__e1__seed_7__sample_0,deepseek,deepseek-v4-flash,synthetic_calm_trend_c0_v0_3,C0,E1,7,0,execute,direct-api,ok,0.192747,23.542311,-0.001611,0.956522,0,44,2,1.0,1.0,24,live_call,sha256:e83339860b7b31d52733f30f270cdce68d8799d2b7627cfe2295e84c0e2f0b94,sha256:b8b1bf97b1cabddd393559fd3db8c1b74d8de1911b343bcc65dd0283a881d412,
deepseek__deepseek_v4_flash__synthetic_high_volatility_c0_v0_3__c0__e0__seed_7__sample_0,deepseek,deepseek-v4-flash,synthetic_high_volatility_c0_v0_3,C0,E0,7,0,execute,direct-api,ok,-0.002938,-2.042674,-0.004437,1.0,0,2,46,1.0,1.0,24,live_call,sha256:569feb32b8ec44fe113536fcf20aab99b23e3e51d1d02a1dbe024db32911ae16,sha256:a64a24f2d869bdf8d5de9e51286eb3991a919a4c74d166e6a774fd4832330d72,
deepseek__deepseek_v4_flash__synthetic_high_volatility_c0_v0_3__c0__e1__seed_7__sample_0,deepseek,deepseek-v4-flash,synthetic_high_volatility_c0_v0_3,C0,E1,7,0,execute,direct-api,ok,0.019928,3.169655,-0.01117,0.909091,1,7,38,1.0,1.0,24,live_call,sha256:9ac575dfe34494f14ea84d710548fbca7375fa2eb0316f67486e8390cc3ed86a,sha256:6f213d5fd72ec5c2b8f53ee928c6e0fd37721a2ba58a539b77d537d756b1b4b2,
deepseek__deepseek_v4_flash__synthetic_jump_tail_c0_v0_3__c0__e0__seed_7__sample_0,deepseek,deepseek-v4-flash,synthetic_jump_tail_c0_v0_3,C0,E0,7,0,execute,direct-api,ok,0.373139,10.870577,-0.016986,1.0,0,37,3,1.0,1.0,24,live_call,sha256:58b2c2c4917c029f613fa8f65d6f150be1224c252a88ba2114f6041e50487fd7,sha256:ce87c12ae7a63142feb4a9203dd33358725861c844c08a7f1aa29fd1298f04ea,
deepseek__deepseek_v4_flash__synthetic_jump_tail_c0_v0_3__c0__e1__seed_7__sample_0,deepseek,deepseek-v4-flash,synthetic_jump_tail_c0_v0_3,C0,E1,7,0,execute,direct-api,ok,0.278679,9.373058,-0.01854,0.933333,1,40,12,1.0,1.0,24,live_call,sha256:59ec5e656b7e21b7fa86123bd520b6df8ec5c40b2413b13b29728710c0ba460d,sha256:96b42d280d6c581ffcc0ad7752990cf266cd88a0adf11f700e381ea6e41df3a3,
deepseek__deepseek_v4_flash__synthetic_calm_trend_c0_v0_3__c0__e0__seed_7__sample_1,deepseek,deepseek-v4-flash,synthetic_calm_trend_c0_v0_3,C0,E0,7,1,execute,direct-api,ok,0.123272,15.0719,-0.000207,1.0,0,25,20,1.0,1.0,24,live_call,sha256:8c4cd04213d9cca1bb4f2e9fccf5e6982d6db6aebca675fb0e2a6c982b39d27c,sha256:3a2cedea39a66616e0ad42e5847da777ea1a87c5cd31363b1f5bc6bc02749530,
deepseek__deepseek_v4_flash__synthetic_calm_trend_c0_v0_3__c0__e1__seed_7__sample_1,deepseek,deepseek-v4-flash,synthetic_calm_trend_c0_v0_3,C0,E1,7,1,execute,direct-api,ok,0.015765,4.558234,-0.001721,0.75,2,4,42,1.0,1.0,24,live_call,sha256:5dd589eb0ae4abdcb22ac497c6e54d245e1dd8f553581ffbcecc0b97afca64ab,sha256:51bcd288c741c6ae61624718498609d58f6c3bd79a0120ecd22fa019cbab9c05,
deepseek__deepseek_v4_flash__synthetic_high_volatility_c0_v0_3__c0__e0__seed_7__sample_1,deepseek,deepseek-v4-flash,synthetic_high_volatility_c0_v0_3,C0,E0,7,1,execute,direct-api,ok,0.009012,1.810859,-0.009896,1.0,0,4,44,1.0,1.0,24,live_call,sha256:8e090622a4e7fb3a3e7bf915b358edcbd5884bf88eca8f5682a174ef9c438e2a,sha256:c32ee113a208b759a605310ef3377c98c66afd001cd7864ee6d962e45d7b1d0a,
deepseek__deepseek_v4_flash__synthetic_high_volatility_c0_v0_3__c0__e1__seed_7__sample_1,deepseek,deepseek-v4-flash,synthetic_high_volatility_c0_v0_3,C0,E1,7,1,execute,direct-api,ok,-0.001742,-1.030437,-0.004797,0.857143,1,5,41,1.0,1.0,24,live_call,sha256:252233fe52a7cb6c8669fd7a864b83d595fc39a5ec312e1e34304c3def4a181e,sha256:585688216940f302fd1a59840f133a6b37415062b44ec79615dff7048e67ea3e,
deepseek__deepseek_v4_flash__synthetic_jump_tail_c0_v0_3__c0__e0__seed_7__sample_1,deepseek,deepseek-v4-flash,synthetic_jump_tail_c0_v0_3,C0,E0,7,1,execute,direct-api,ok,0.369403,10.678498,-0.016986,1.0,0,40,4,1.0,1.0,24,live_call,sha256:d87398df6c3c1e578c42a1f300543bb6e7b87b879d3d01f9f73f960cd33b7769,sha256:2541d73548f10e1ec69ea6a851839aaf892d8a401cb54a67f91cfb1ed3d84e2d,
deepseek__deepseek_v4_flash__synthetic_jump_tail_c0_v0_3__c0__e1__seed_7__sample_1,deepseek,deepseek-v4-flash,synthetic_jump_tail_c0_v0_3,C0,E1,7,1,execute,direct-api,ok,0.300874,8.938784,-0.018587,0.955556,0,37,9,1.0,1.0,24,live_call,sha256:80a289ff05ae190cb4f857b6c6f52efefebfaf0d51e660afa352aefabf9b4f72,sha256:9c15ce767e2b1222ac0e1227c1e4d997006f67efd65a78b07ab5aaa275ab4222,
deepseek__deepseek_v4_flash__synthetic_calm_trend_c0_v0_3__c0__e0__seed_7__sample_2,deepseek,deepseek-v4-flash,synthetic_calm_trend_c0_v0_3,C0,E0,7,2,execute,direct-api,ok,0.202194,28.229227,0.0,1.0,0,44,3,1.0,1.0,24,live_call,sha256:f519f150301fe34be96c5c7fc8206ba21de24138efa1d2512b7a56dd3e0a4bc2,sha256:8620658f40695b5110d6928110184e20fa362b0193bbd72e2457e2de9dd8de41,
deepseek__deepseek_v4_flash__synthetic_calm_trend_c0_v0_3__c0__e1__seed_7__sample_2,deepseek,deepseek-v4-flash,synthetic_calm_trend_c0_v0_3,C0,E1,7,2,execute,direct-api,ok,0.079197,10.859945,-0.002068,0.857143,1,19,28,1.0,1.0,24,live_call,sha256:c480d1731831fec21d850e567bdfc4d5867f3ae8facd69481e5be0e49fad3bb8,sha256:0d6c8fcae54a23e5f157da225d63c855347d2d80bd5f816195c8a35ae499fa82,
deepseek__deepseek_v4_flash__synthetic_high_volatility_c0_v0_3__c0__e0__seed_7__sample_2,deepseek,deepseek-v4-flash,synthetic_high_volatility_c0_v0_3,C0,E0,7,2,execute,direct-api,ok,-0.000616,-0.382811,-0.004334,1.0,0,3,45,1.0,1.0,24,live_call,sha256:459b8fb731a7b9d41a3d2cdb8bac8ff985b340ac18d90f0c82ec3aa0a8932048,sha256:353bde7060ee603bd21db9d4dcf2d4f17c3eac81237ddc0c504d68c998c0c35b,
deepseek__deepseek_v4_flash__synthetic_high_volatility_c0_v0_3__c0__e1__seed_7__sample_2,deepseek,deepseek-v4-flash,synthetic_high_volatility_c0_v0_3,C0,E1,7,2,execute,direct-api,ok,0.019928,3.169655,-0.01117,0.909091,1,7,40,1.0,1.0,24,live_call,sha256:6c9609da8d5aab49402541c25df2fe30f5af0534125cfaa2e611d12f243a918e,sha256:62e49d99619f39ca83e754a8ad3c41897077451d4966db2a65b0ccf0590168e0,
deepseek__deepseek_v4_flash__synthetic_jump_tail_c0_v0_3__c0__e0__seed_7__sample_2,deepseek,deepseek-v4-flash,synthetic_jump_tail_c0_v0_3,C0,E0,7,2,execute,direct-api,ok,0.246875,7.407865,-0.021712,1.0,0,24,17,1.0,1.0,24,live_call,sha256:fb1512fa05af249c92614ec667e759e0cefd188fac3c51cc6e44a5daf4f2955f,sha256:199d438b8c4ccd0f8fa17591b8dcf77bfa7663ffc2bdc4fcfa3a410612348e07,
deepseek__deepseek_v4_flash__synthetic_jump_tail_c0_v0_3__c0__e1__seed_7__sample_2,deepseek,deepseek-v4-flash,synthetic_jump_tail_c0_v0_3,C0,E1,7,2,execute,direct-api,ok,0.288572,11.34923,-0.018587,0.954545,0,39,11,1.0,1.0,24,live_call,sha256:3d0fc8b4d45489f7c4cd0e7d02b9e039ea660162d9289c97191829aaf0b3d7fd,sha256:dae4d1a8b8687aa002019a5a428e0e5025a4dc268c492ff662185882461c2845,
deepseek__deepseek_v4_flash__synthetic_calm_trend_c0_v0_3__c0__e0__seed_11__sample_0,deepseek,deepseek-v4-flash,synthetic_calm_trend_c0_v0_3,C0,E0,11,0,execute,direct-api,ok,0.0835,11.469714,-0.00021,1.0,0,20,27,1.0,1.0,24,live_call,sha256:fde05e4098ed72178bd4a14c61bc79c5e6680de0137c434e22ee84c7bfe6d8c1,sha256:1b7fa8cb81aae14a2b7c9b175309c58bc48757ff0cc45b3c39b43b52f1cbc28e,
deepseek__deepseek_v4_flash__synthetic_calm_trend_c0_v0_3__c0__e1__seed_11__sample_0,deepseek,deepseek-v4-flash,synthetic_calm_trend_c0_v0_3,C0,E1,11,0,execute,direct-api,ok,0.23735,19.682396,-0.001319,0.931818,1,44,4,1.0,1.0,24,live_call,sha256:28f977852996e02f5bb6c5799368767a22da3f40c1edbe3c410354f45962401e,sha256:32cd5b8b5f58749e1bb462e433e2f6f193a5ad618af61698fc9a5b648145fc95,
deepseek__deepseek_v4_flash__synthetic_high_volatility_c0_v0_3__c0__e0__seed_11__sample_0,deepseek,deepseek-v4-flash,synthetic_high_volatility_c0_v0_3,C0,E0,11,0,execute,direct-api,ok,0.312191,15.521633,-0.008174,1.0,0,39,6,1.0,1.0,24,live_call,sha256:095aba6ec8459a4c220e13bffdf07fbc54ece4d0ba6c82bd406de193ba2ea231,sha256:5e686cfcaaf8acb2bc8fb60fda06343a370992242e09df79b9c7217669cd184d,
deepseek__deepseek_v4_flash__synthetic_high_volatility_c0_v0_3__c0__e1__seed_11__sample_0,deepseek,deepseek-v4-flash,synthetic_high_volatility_c0_v0_3,C0,E1,11,0,execute,direct-api,ok,0.065861,7.904442,-0.00158,0.8125,1,13,34,1.0,1.0,24,live_call,sha256:01fbb52e4a5fd1750d085d9314eac9c746e3b722b102adc96826dd372dfc5ccd,sha256:792291dcd66e22ff7d18024be6c6163e7bfd1e035049e2bd45b46995d3cbaaaf,
deepseek__deepseek_v4_flash__synthetic_jump_tail_c0_v0_3__c0__e0__seed_11__sample_0,deepseek,deepseek-v4-flash,synthetic_jump_tail_c0_v0_3,C0,E0,11,0,execute,direct-api,ok,0.316295,12.836074,-0.008403,1.0,0,39,6,1.0,1.0,24,live_call,sha256:ac6235eececc324dd287267b83222d7549773d67f8473a9f09b52558684b8233,sha256:4e7efedcfa144f0671aaf44c813514395244762d6374af44acf5207f43c78d9e,
deepseek__deepseek_v4_flash__synthetic_jump_tail_c0_v0_3__c0__e1__seed_11__sample_0,deepseek,deepseek-v4-flash,synthetic_jump_tail_c0_v0_3,C0,E1,11,0,execute,direct-api,ok,0.293808,10.849673,-0.009309,0.947368,0,34,12,1.0,1.0,24,live_call,sha256:e59c46ddb07129a77e1d9580630d1e711dad67560a23f145eb9d901ecd602e7a,sha256:b7c5693b5fd1226df5a891d6ae356b3aa86ad6e620cf49c72bf769d3272d2539,
deepseek__deepseek_v4_flash__synthetic_calm_trend_c0_v0_3__c0__e0__seed_11__sample_1,deepseek,deepseek-v4-flash,synthetic_calm_trend_c0_v0_3,C0,E0,11,1,execute,direct-api,ok,0.102635,17.251205,-0.00021,1.0,0,25,23,1.0,1.0,24,live_call,sha256:6f33b59c3d7b7e0406fa957d8afb3bca0db13ab1ab9de699a0dbcc890ee10c33,sha256:bdecd18dd16548579d6088e17040a0852699f1920b2cae792c6c3c6284829bd5,
deepseek__deepseek_v4_flash__synthetic_calm_trend_c0_v0_3__c0__e1__seed_11__sample_1,deepseek,deepseek-v4-flash,synthetic_calm_trend_c0_v0_3,C0,E1,11,1,execute,direct-api,ok,0.004326,3.654795,-0.001024,0.666667,1,2,45,1.0,1.0,24,live_call,sha256:c5c2c64d6de77d400b953b4ef1181af506dc383841f97e705323d4a578deb129,sha256:85ad93d3030b10529b903618ec27ea2e5cd50229e476a2baf7162967649a2ffd,
deepseek__deepseek_v4_flash__synthetic_high_volatility_c0_v0_3__c0__e0__seed_11__sample_1,deepseek,deepseek-v4-flash,synthetic_high_volatility_c0_v0_3,C0,E0,11,1,execute,direct-api,ok,0.337403,16.742553,-0.007965,1.0,0,42,4,1.0,1.0,24,live_call,sha256:554c83e48e597ff1e042df284239874cd5006f7205243f96771a329a2f2b5546,sha256:8f1da5a0f406cda09f23c2a1b528f00ac843c0e01fd5de89b53ed9b9bed074e9,
deepseek__deepseek_v4_flash__synthetic_high_volatility_c0_v0_3__c0__e1__seed_11__sample_1,deepseek,deepseek-v4-flash,synthetic_high_volatility_c0_v0_3,C0,E1,11,1,execute,direct-api,ok,0.279915,12.383305,-0.017241,0.904762,2,37,13,1.0,1.0,24,live_call,sha256:d56f1c5aaf33c813b4d012a5d030518e4fa7f5a3ec4f6572ca9f2aa328decd4e,sha256:8963af4c2a3f2b5d1c5e03c81b1fe6c9f0b37a99a6b94f172be66d1e692482dd,
deepseek__deepseek_v4_flash__synthetic_jump_tail_c0_v0_3__c0__e0__seed_11__sample_1,deepseek,deepseek-v4-flash,synthetic_jump_tail_c0_v0_3,C0,E0,11,1,execute,direct-api,ok,0.295834,11.906997,-0.008647,1.0,0,35,10,1.0,1.0,24,live_call,sha256:2d3acfdc29197b29d234933f3385009aa71c9cd173ef2d1d7f8aa83e70c1a2de,sha256:4dc26f1917f464bd3c607f759f96af2cdab868382528fa123ec4a785d4d38520,
deepseek__deepseek_v4_flash__synthetic_jump_tail_c0_v0_3__c0__e1__seed_11__sample_1,deepseek,deepseek-v4-flash,synthetic_jump_tail_c0_v0_3,C0,E1,11,1,execute,direct-api,ok,0.288112,11.15993,-0.009309,0.945946,0,36,14,1.0,1.0,24,live_call,sha256:3c611f2cf08bb21f2627012cf29e8d892371bcdc6df57c190cf0fa15e4cfe9a0,sha256:1953be2a08b0d2c8ebb70155889dc25360cd4c71fbac711d4b79098f53426ae5,
deepseek__deepseek_v4_flash__synthetic_calm_trend_c0_v0_3__c0__e0__seed_11__sample_2,deepseek,deepseek-v4-flash,synthetic_calm_trend_c0_v0_3,C0,E0,11,2,execute,direct-api,ok,0.275225,26.717963,-0.00021,1.0,0,44,4,1.0,1.0,24,live_call,sha256:bc9a4f6eb056a22a80d082b923731691934411f31e71c5cf9c0c061cc7041efd,sha256:171e4db603e03e8fb2f67471cc5b0abe92f3b5c62046db7928523f719411d4e1,
deepseek__deepseek_v4_flash__synthetic_calm_trend_c0_v0_3__c0__e1__seed_11__sample_2,deepseek,deepseek-v4-flash,synthetic_calm_trend_c0_v0_3,C0,E1,11,2,execute,direct-api,ok,0.257974,21.592169,-0.001038,0.934783,1,46,2,1.0,1.0,24,live_call,sha256:f63b3a826ca4af2ebe3eb922ea409163f86293b25a8656881d71df6261f30893,sha256:174235d5c717a062825afaf83fe62d82557ed603f0e24170cca1b1ac4f8db277,
deepseek__deepseek_v4_flash__synthetic_high_volatility_c0_v0_3__c0__e0__seed_11__sample_2,deepseek,deepseek-v4-flash,synthetic_high_volatility_c0_v0_3,C0,E0,11,2,execute,direct-api,ok,0.247937,13.095205,-0.007876,1.0,0,30,15,1.0,1.0,24,live_call,sha256:d2b647c7697e415aeafc958ac9b77fb05fae5706c83a791140b5ef8646b4c84c,sha256:1cebde304bbf0e723eaf15541cbaa75c8a126c0d79e43132518b942e8daee72b,
deepseek__deepseek_v4_flash__synthetic_high_volatility_c0_v0_3__c0__e1__seed_11__sample_2,deepseek,deepseek-v4-flash,synthetic_high_volatility_c0_v0_3,C0,E1,11,2,execute,direct-api,ok,0.29226,12.259508,-0.009406,0.904762,2,34,14,1.0,1.0,24,live_call,sha256:e672ab5786b08eec04a79c4986385ad7def6516e2abafb4e12d288dd85901a26,sha256:21c74fc33ff31235e728f7410120c7e84606fe890a0df07998a55d6907cbec1e,
deepseek__deepseek_v4_flash__synthetic_jump_tail_c0_v0_3__c0__e0__seed_11__sample_2,deepseek,deepseek-v4-flash,synthetic_jump_tail_c0_v0_3,C0,E0,11,2,execute,direct-api,ok,0.295834,11.906997,-0.008647,1.0,0,35,10,1.0,1.0,24,live_call,sha256:64f4cee8fda4d127d74fa09bd837722894ca291ad450ad8613a7a58ff8c04f35,sha256:207577674d5f7a03ca68e2b6a43640557c9e55dde942f043a800da24128bf2c8,
deepseek__deepseek_v4_flash__synthetic_jump_tail_c0_v0_3__c0__e1__seed_11__sample_2,deepseek,deepseek-v4-flash,synthetic_jump_tail_c0_v0_3,C0,E1,11,2,execute,direct-api,ok,0.235217,11.365915,-0.006247,0.870968,2,26,19,1.0,1.0,24,live_call,sha256:8abc6d2fd7fdf3eb569caeeed18caa9262796e2e9949e2d2d7f66d62d606b86b,sha256:23ac8933373b41f5b41e4a764ad7be89a18616fab43d04c677d5884020d70ddf,
deepseek__deepseek_v4_flash__synthetic_calm_trend_c0_v0_3__c0__e0__seed_17__sample_0,deepseek,deepseek-v4-flash,synthetic_calm_trend_c0_v0_3,C0,E0,17,0,execute,direct-api,ok,0.188039,17.550746,-0.00021,1.0,0,36,12,1.0,1.0,24,live_call,sha256:10ed46cbc26db83dd8d665428230713eb5971a68a43fd2274eed0aed96544c45,sha256:dc9cdd0b9b72a2bf90adf5bd147a5f97ba6cab9cccda543040964cc9f5a4f145,
deepseek__deepseek_v4_flash__synthetic_calm_trend_c0_v0_3__c0__e1__seed_17__sample_0,deepseek,deepseek-v4-flash,synthetic_calm_trend_c0_v0_3,C0,E1,17,0,execute,direct-api,ok,0.217614,16.865513,-0.001113,0.934783,1,46,3,1.0,1.0,24,live_call,sha256:ee2e5eaf2c4b5db97708276839e60c059a2413e5f3127d79e62abffa2f9aae11,sha256:006b615990a48b1465d942c06522e5ecfc06b3c9f924ca56076b7c0c92b49d2d,
deepseek__deepseek_v4_flash__synthetic_high_volatility_c0_v0_3__c0__e0__seed_17__sample_0,deepseek,deepseek-v4-flash,synthetic_high_volatility_c0_v0_3,C0,E0,17,0,execute,direct-api,ok,0.20647,11.0751,-0.011371,1.0,0,43,1,1.0,1.0,24,live_call,sha256:856d579c3a76e7344257804c91ff7fcf9085f9ab7f44f8023484c019c7a481be,sha256:5bd5a1fbd112bce7e8298ced32c4fdea8836fd2251bfcab5c0ddd4218581ec42,
deepseek__deepseek_v4_flash__synthetic_high_volatility_c0_v0_3__c0__e1__seed_17__sample_0,deepseek,deepseek-v4-flash,synthetic_high_volatility_c0_v0_3,C0,E1,17,0,execute,direct-api,ok,0.173926,9.952241,-0.010971,0.934783,1,35,11,1.0,1.0,24,live_call,sha256:676a0992296ec63dbb4c25dc0d2bd08e8b21d8664d447a0205f2fb2b4e5da91a,sha256:9191cc26517f0295d17be8f81a42b63ed933a9a9278c915cbf5338619b4d1a0d,
deepseek__deepseek_v4_flash__synthetic_jump_tail_c0_v0_3__c0__e0__seed_17__sample_0,deepseek,deepseek-v4-flash,synthetic_jump_tail_c0_v0_3,C0,E0,17,0,execute,direct-api,ok,0.278302,8.964718,-0.043361,1.0,0,42,4,1.0,1.0,24,live_call,sha256:ba2d176cba109fbdbc098577025d5feb020483c468d5a939e67e43838073087d,sha256:34ff2408ac8c10b5d17788d507c98122ff1a08bbfc0e7f46a659fc69c82b51da,
deepseek__deepseek_v4_flash__synthetic_jump_tail_c0_v0_3__c0__e1__seed_17__sample_0,deepseek,deepseek-v4-flash,synthetic_jump_tail_c0_v0_3,C0,E1,17,0,execute,direct-api,ok,0.256626,8.2649,-0.051099,0.931818,1,41,12,1.0,1.0,24,live_call,sha256:fa53265f413807dd8610c63cf0ff1541bda6b858249d08f07e9a11bb27883f7c,sha256:adf1af35451925449940e0744c5929004de035e7faf055434eed0f2197d797c4,
deepseek__deepseek_v4_flash__synthetic_calm_trend_c0_v0_3__c0__e0__seed_17__sample_1,deepseek,deepseek-v4-flash,synthetic_calm_trend_c0_v0_3,C0,E0,17,1,execute,direct-api,ok,0.197024,19.065363,-0.000105,1.0,0,38,10,1.0,1.0,24,live_call,sha256:b6673762840a756cb400244d5f9247997e02b52e1c952f58ee5ede2ca409bd70,sha256:9c43eb7f4359382decf95e8f4b7e7915e5b66e5f17f073e7f200f00364c79104,
deepseek__deepseek_v4_flash__synthetic_calm_trend_c0_v0_3__c0__e1__seed_17__sample_1,deepseek,deepseek-v4-flash,synthetic_calm_trend_c0_v0_3,C0,E1,17,1,execute,direct-api,ok,0.214346,17.254979,-0.001113,0.956522,0,43,3,1.0,1.0,24,live_call,sha256:4bad16be60a941607bc5780cbacbc47e52afb1782d4c3d6f8de3f82c28484a15,sha256:927e99581ce4742d53df1089ee5830acb57dee56e5f6ed058498c41380363b51,
deepseek__deepseek_v4_flash__synthetic_high_volatility_c0_v0_3__c0__e0__seed_17__sample_1,deepseek,deepseek-v4-flash,synthetic_high_volatility_c0_v0_3,C0,E0,17,1,execute,direct-api,ok,0.017925,4.033193,-0.003874,1.0,0,5,43,1.0,1.0,24,live_call,sha256:09bdbdfd57d8cb7c06e4e3a04dbb6a04ea87b677d350c7dcf2220b5078958b2e,sha256:6749629f636029695a4cff15e0190f70cfb86d272c275628f162e87dffc9ccd0,
deepseek__deepseek_v4_flash__synthetic_high_volatility_c0_v0_3__c0__e1__seed_17__sample_1,deepseek,deepseek-v4-flash,synthetic_high_volatility_c0_v0_3,C0,E1,17,1,execute,direct-api,ok,0.162036,7.494787,-0.007176,0.953488,0,36,11,1.0,1.0,24,live_call,sha256:c6f3db7a159e676957d2303a983eba1467924190256d5c2d62e637ed30a03319,sha256:845a0097e31f6be2d38611785bd52b71eb768eaa97e7660f2e669e4b200c754b,
deepseek__deepseek_v4_flash__synthetic_jump_tail_c0_v0_3__c0__e0__seed_17__sample_1,deepseek,deepseek-v4-flash,synthetic_jump_tail_c0_v0_3,C0,E0,17,1,execute,direct-api,ok,0.274476,8.910637,-0.043361,1.0,0,39,5,1.0,1.0,24,live_call,sha256:3c963586c9cd58215f8c2111cef337b4777fa6b6ee9f924c214066ce331114e0,sha256:f80048001b371e4232dcba25695652b54095ada1927824558f28ef4b1bb0428c,
deepseek__deepseek_v4_flash__synthetic_jump_tail_c0_v0_3__c0__e1__seed_17__sample_1,deepseek,deepseek-v4-flash,synthetic_jump_tail_c0_v0_3,C0,E1,17,1,execute,direct-api,ok,0.25611,8.470477,-0.05095,0.909091,2,40,13,1.0,1.0,24,live_call,sha256:1f86bad3d9880fd8f3a74a2b86ed5bf49e3c44eebb2ac067518dbd9b3afdc831,sha256:68168f181898e4e8875777b7ad18dff3be312dee542ab90a82639227b44c47bc,
deepseek__deepseek_v4_flash__synthetic_calm_trend_c0_v0_3__c0__e0__seed_17__sample_2,deepseek,deepseek-v4-flash,synthetic_calm_trend_c0_v0_3,C0,E0,17,2,execute,direct-api,ok,0.213199,21.557395,-0.000637,1.0,0,44,2,1.0,1.0,24,live_call,sha256:bd6ae1b644b0994012be47245cbdf01a72a6f6eb88f847defcc417a10808e766,sha256:e95ee119500d0dafcc6e5d70235f2ac863bc7f69a76432b33467bd1332635950,
deepseek__deepseek_v4_flash__synthetic_calm_trend_c0_v0_3__c0__e1__seed_17__sample_2,deepseek,deepseek-v4-flash,synthetic_calm_trend_c0_v0_3,C0,E1,17,2,execute,direct-api,ok,0.216699,17.132921,-0.001113,0.956522,0,44,3,1.0,1.0,24,live_call,sha256:43d5754775168ccf7f976d4f52249140bdf9e1393a5c677e28b0954960108c0f,sha256:5c4d3e3c61ec88d3cb548084ed87e88060f7ffb03f654650ea97ec057e134c10,
deepseek__deepseek_v4_flash__synthetic_high_volatility_c0_v0_3__c0__e0__seed_17__sample_2,deepseek,deepseek-v4-flash,synthetic_high_volatility_c0_v0_3,C0,E0,17,2,execute,direct-api,ok,0.039319,5.901461,-0.003874,1.0,0,7,40,1.0,1.0,24,live_call,sha256:1b9882d949d68a742daf5411a90b0390a186be3ddddd0ec22e38497e2b5bc945,sha256:2d1278dccf4422b3f0a5bdcf87c27f0ee13fa3c09e479ad7a4c3541f5fc96761,
deepseek__deepseek_v4_flash__synthetic_high_volatility_c0_v0_3__c0__e1__seed_17__sample_2,deepseek,deepseek-v4-flash,synthetic_high_volatility_c0_v0_3,C0,E1,17,2,execute,direct-api,ok,0.174063,9.071811,-0.011438,0.934783,1,34,11,1.0,1.0,24,live_call,sha256:4ad59c62566c5849725508b2f11583e549b355cb45cbc9e655a9b289785f50e4,sha256:945803445b4ccb1c070230a846b1033bac05d231a4a559bf6f8467fd91c4a90a,
deepseek__deepseek_v4_flash__synthetic_jump_tail_c0_v0_3__c0__e0__seed_17__sample_2,deepseek,deepseek-v4-flash,synthetic_jump_tail_c0_v0_3,C0,E0,17,2,execute,direct-api,ok,0.284461,9.263537,-0.042377,1.0,0,40,4,1.0,1.0,24,live_call,sha256:48c93aebe0a5d8cb48d4cd8766745f8e18c6525f5ba0369acab78cc5c8b9bf81,sha256:466b6ba62447aae6e0674b1728b51c2004ded2ea75342de3011b2eba1de9279f,
deepseek__deepseek_v4_flash__synthetic_jump_tail_c0_v0_3__c0__e1__seed_17__sample_2,deepseek,deepseek-v4-flash,synthetic_jump_tail_c0_v0_3,C0,E1,17,2,execute,direct-api,ok,0.253862,8.44761,-0.05095,0.909091,2,40,12,1.0,1.0,24,live_call,sha256:07577595762cf06fac81d55509d121f08fef5389a2b7d165b6434aa3d583407c,sha256:7d22b3d0f844310fa86d639d6a5c6b0235bc6da70cb4da3a2b2c061ea4a8553f,
deepseek__deepseek_v4_flash__synthetic_calm_trend_c0_v0_3__c0__e0__seed_23__sample_0,deepseek,deepseek-v4-flash,synthetic_calm_trend_c0_v0_3,C0,E0,23,0,execute,direct-api,ok,0.263814,29.062289,0.0,1.0,0,46,0,1.0,1.0,24,live_call,sha256:20fcb0e4f2abb98f6ed92e1c50b945fa0bbc55eebdd1d4c4d44dda87cd7ecb5a,sha256:6d94f38ad75a423c57f8a61bb98762ca3676cdf475d00cd7bd5ec8846d3f187d,
deepseek__deepseek_v4_flash__synthetic_calm_trend_c0_v0_3__c0__e1__seed_23__sample_0,deepseek,deepseek-v4-flash,synthetic_calm_trend_c0_v0_3,C0,E1,23,0,execute,direct-api,ok,0.235347,18.859006,-0.00111,0.893617,3,41,3,1.0,1.0,24,live_call,sha256:e5b35f2ebf367df984738c5bbc3b75634fc5a5f00709170729e6438ed6dda1d0,sha256:b8c84f367733399f50dfe82e0c0829552037458122029fb2cfcb4ec32e618ff6,
deepseek__deepseek_v4_flash__synthetic_high_volatility_c0_v0_3__c0__e0__seed_23__sample_0,deepseek,deepseek-v4-flash,synthetic_high_volatility_c0_v0_3,C0,E0,23,0,execute,direct-api,ok,0.302763,17.702948,-0.004101,1.0,0,41,3,1.0,1.0,24,live_call,sha256:11b7eb6f3a5164dccb01efd030057da7d784477e1d3b25efb6047085c251c0c8,sha256:21de64cd8581b900ef2b1bd02ef02c37f511420469334b730e7d44e368821cb6,
deepseek__deepseek_v4_flash__synthetic_high_volatility_c0_v0_3__c0__e1__seed_23__sample_0,deepseek,deepseek-v4-flash,synthetic_high_volatility_c0_v0_3,C0,E1,23,0,execute,direct-api,ok,0.215042,10.886614,-0.007306,0.853659,4,35,11,1.0,1.0,24,live_call,sha256:1c344bc8df92133d391c37e03e65578047dc593344412b83f2439df722c81714,sha256:c1b089760a028201d7d870e8b938f59cc9145a0a727aad4fee399e0ea6ad05b7,
deepseek__deepseek_v4_flash__synthetic_jump_tail_c0_v0_3__c0__e0__seed_23__sample_0,deepseek,deepseek-v4-flash,synthetic_jump_tail_c0_v0_3,C0,E0,23,0,execute,direct-api,ok,0.198708,7.323403,-0.049685,1.0,0,36,2,1.0,1.0,24,live_call,sha256:f25fc01691430dd1a4c266dfa39a4e2edce1093a5ff2e6f8db44fad6ebecf278,sha256:cd4bdd3ddb85795a4f89103a6fe4e47890dfda46307772fae6cee41a576649be,
deepseek__deepseek_v4_flash__synthetic_jump_tail_c0_v0_3__c0__e1__seed_23__sample_0,deepseek,deepseek-v4-flash,synthetic_jump_tail_c0_v0_3,C0,E1,23,0,execute,direct-api,ok,0.157146,4.430395,-0.083111,0.978261,0,38,12,1.0,1.0,24,live_call,sha256:b3c5cf71179f756435d0e1dce9ef2c4afe6d9e53284266731903596fb337fe58,sha256:ca073b43f500b7fe2fc0df57fcd1458df0a43604cadb5a374dbbb253e2f92b22,
deepseek__deepseek_v4_flash__synthetic_calm_trend_c0_v0_3__c0__e0__seed_23__sample_1,deepseek,deepseek-v4-flash,synthetic_calm_trend_c0_v0_3,C0,E0,23,1,execute,direct-api,ok,0.262289,29.211532,0.0,1.0,0,46,0,1.0,1.0,24,live_call,sha256:4dfe36b9ec508db82b556c06da3e1e46176722e4d8cc91576817fd7d05dfe4e9,sha256:00f41c93c7fae8ef43a565ad694b1ddaed03c3904c564596fc2e2fdbe5dd12cd,
deepseek__deepseek_v4_flash__synthetic_calm_trend_c0_v0_3__c0__e1__seed_23__sample_1,deepseek,deepseek-v4-flash,synthetic_calm_trend_c0_v0_3,C0,E1,23,1,execute,direct-api,ok,0.248364,19.921205,-0.00101,0.893617,3,44,3,1.0,1.0,24,live_call,sha256:c7598bc6b1a55cbff7266611addb33d95d88473ffc91bc46e8b9731e5192d4ae,sha256:c6ecea86c4b103ab2f5bb3767ca21001edefe2203e3a1fc7d748132ea5dc64ae,
deepseek__deepseek_v4_flash__synthetic_high_volatility_c0_v0_3__c0__e0__seed_23__sample_1,deepseek,deepseek-v4-flash,synthetic_high_volatility_c0_v0_3,C0,E0,23,1,execute,direct-api,ok,0.250363,13.998118,-0.004415,1.0,0,36,10,1.0,1.0,24,live_call,sha256:b1230704d2a6cb6940c28048c147158bd3eb09204dc2772a60e7eb787a223bee,sha256:5a2201a128229fc0c3722399058f87f006d606a43aa1306c9ed4c444f94f5e90,
deepseek__deepseek_v4_flash__synthetic_high_volatility_c0_v0_3__c0__e1__seed_23__sample_1,deepseek,deepseek-v4-flash,synthetic_high_volatility_c0_v0_3,C0,E1,23,1,execute,direct-api,ok,0.237812,12.304371,-0.005733,0.888889,3,39,6,1.0,1.0,24,live_call,sha256:a326168801f21236ca984b26e8aac0e4b25dfbf3a5b16c69c3dfec6a5e3b6b59,sha256:acbcb7714a1e52887fafa2f44d3d8b36f0078f5e6cb3c6c9fc851beaa9fcf748,
deepseek__deepseek_v4_flash__synthetic_jump_tail_c0_v0_3__c0__e0__seed_23__sample_1,deepseek,deepseek-v4-flash,synthetic_jump_tail_c0_v0_3,C0,E0,23,1,execute,direct-api,ok,0.213668,7.780361,-0.049685,1.0,0,41,0,1.0,1.0,24,live_call,sha256:bb82f95624fc72a58da9dd8d43676bfe7235be502ad2b805a3ce137c86836bfe,sha256:d4ec5c13f7e8f18fe0f60fbc720ac5b93aef12e7423ebf788b194ce57ac1fc2c,
deepseek__deepseek_v4_flash__synthetic_jump_tail_c0_v0_3__c0__e1__seed_23__sample_1,deepseek,deepseek-v4-flash,synthetic_jump_tail_c0_v0_3,C0,E1,23,1,execute,direct-api,ok,0.152526,5.359981,-0.049932,0.956522,0,36,12,1.0,1.0,24,live_call,sha256:9f77b7d7e48d6aa68db8727faa4a26bac8fc4129b25931bb594146f5c2be6989,sha256:4f3cb78659153e00aecb497f20ac87dd4bb8f14a0613e2b40b7ae858dc7a9565,
deepseek__deepseek_v4_flash__synthetic_calm_trend_c0_v0_3__c0__e0__seed_23__sample_2,deepseek,deepseek-v4-flash,synthetic_calm_trend_c0_v0_3,C0,E0,23,2,execute,direct-api,ok,0.263814,29.062289,0.0,1.0,0,46,0,1.0,1.0,24,live_call,sha256:cad5b1c019bc8a979831bc5bccd0eff8c4eb30fd2e8182b40bfd96caf11ecedb,sha256:71f9dc418b24b0b537dc007708f42b984794e5e68ae4cd802f4b7510766a6618,
deepseek__deepseek_v4_flash__synthetic_calm_trend_c0_v0_3__c0__e1__seed_23__sample_2,deepseek,deepseek-v4-flash,synthetic_calm_trend_c0_v0_3,C0,E1,23,2,execute,direct-api,ok,0.248364,19.921205,-0.00101,0.893617,3,44,2,1.0,1.0,24,live_call,sha256:aa3a35fca6830e9fa821c6fdf1b9ec71e1b2b0aade928f444afcbaeccae3bc26,sha256:7369731cf146795e061af3adad7bc28e8ea7f17fb1694c2350748a26335c672d,
deepseek__deepseek_v4_flash__synthetic_high_volatility_c0_v0_3__c0__e0__seed_23__sample_2,deepseek,deepseek-v4-flash,synthetic_high_volatility_c0_v0_3,C0,E0,23,2,execute,direct-api,ok,0.303037,17.46686,-0.004564,1.0,0,41,1,1.0,1.0,24,live_call,sha256:38574a5bec47dd634f5988d9810adedfd1cab7d2685b93ef14e47a21833825e8,sha256:39a7c5f17cb0e355d88e25e7080b3a7dbdfb3bdc730a0b124c6c0ae628545ebd,
deepseek__deepseek_v4_flash__synthetic_high_volatility_c0_v0_3__c0__e1__seed_23__sample_2,deepseek,deepseek-v4-flash,synthetic_high_volatility_c0_v0_3,C0,E1,23,2,execute,direct-api,ok,0.248971,12.372647,-0.005912,0.913043,2,40,6,1.0,1.0,24,live_call,sha256:37cee4eb41e2ffdfb55d7b5c333515a895d83b49f742d2ac31074372cd896cbd,sha256:0a439f0eed5bbcd6400b616c20dca9ccbac69785ea3038c5af36cc2f5e372445,
deepseek__deepseek_v4_flash__synthetic_jump_tail_c0_v0_3__c0__e0__seed_23__sample_2,deepseek,deepseek-v4-flash,synthetic_jump_tail_c0_v0_3,C0,E0,23,2,execute,direct-api,ok,0.201153,7.554669,-0.049685,1.0,0,37,0,1.0,1.0,24,live_call,sha256:65bafbcce12bf184a2515df9d8d5c1e797a750729887dc50ea6110d52785b0ad,sha256:6617847a01ab55276f32d37131aa277dffd0e34c6b9c024ce6f70b550ef97a9e,
deepseek__deepseek_v4_flash__synthetic_jump_tail_c0_v0_3__c0__e1__seed_23__sample_2,deepseek,deepseek-v4-flash,synthetic_jump_tail_c0_v0_3,C0,E1,23,2,execute,direct-api,ok,0.156667,4.467528,-0.083111,0.956522,0,38,11,1.0,1.0,24,live_call,sha256:65fdd25ea1f7d5b8961f4995e6a858565bd44dd5840a3f1271009c6b136e4af2,sha256:ba3b1948d704e14ff8e396352baf08dcf6bf17b3b8e0a9e811194bd761f1fc14,
deepseek__deepseek_v4_flash__synthetic_calm_trend_c0_v0_3__c0__e0__seed_31__sample_0,deepseek,deepseek-v4-flash,synthetic_calm_trend_c0_v0_3,C0,E0,31,0,execute,direct-api,ok,0.235928,32.144277,0.0,1.0,0,48,0,1.0,1.0,24,live_call,sha256:0a15678bc6e530b5ba484b043b1de610233bced418a5a9308f819e5a7f794337,sha256:ef72ec14676b19ed96565dffb87023184dffd75dd595489d8c2b15cf8549313d,
deepseek__deepseek_v4_flash__synthetic_calm_trend_c0_v0_3__c0__e1__seed_31__sample_0,deepseek,deepseek-v4-flash,synthetic_calm_trend_c0_v0_3,C0,E1,31,0,execute,direct-api,ok,0.232235,22.844353,-0.000835,0.93617,1,47,0,1.0,1.0,24,live_call,sha256:4947f556e59d674396731dbe041134ac6bfc1a206e49d2dada848639248815c2,sha256:e4f96354d9e21145a1b6b89ac961e9c4dfd15190cd0b11c9a2af583f9e685843,
deepseek__deepseek_v4_flash__synthetic_high_volatility_c0_v0_3__c0__e0__seed_31__sample_0,deepseek,deepseek-v4-flash,synthetic_high_volatility_c0_v0_3,C0,E0,31,0,execute,direct-api,ok,0.224465,15.828445,-0.003539,1.0,0,39,3,1.0,1.0,24,live_call,sha256:2da7e5f7552ee2cb7e2e8de963aceae27ef8d720d9dc0b43a37667076e37d1aa,sha256:adc8f236ab27a4e68a6be88164761f61802d272e0c55bf0fe72beee888e66fb9,
deepseek__deepseek_v4_flash__synthetic_high_volatility_c0_v0_3__c0__e1__seed_31__sample_0,deepseek,deepseek-v4-flash,synthetic_high_volatility_c0_v0_3,C0,E1,31,0,execute,direct-api,ok,0.164595,14.389324,-0.006528,0.911111,2,35,12,1.0,1.0,24,live_call,sha256:52c272a5e64c88a45324d7aee9831bc5870b6ceb5db74f9cd96db3df51d71191,sha256:7fa22466e092fcccbb9657b432b61cb243493ad0ac8ac3d3ae614a1d359fa9bb,
deepseek__deepseek_v4_flash__synthetic_jump_tail_c0_v0_3__c0__e0__seed_31__sample_0,deepseek,deepseek-v4-flash,synthetic_jump_tail_c0_v0_3,C0,E0,31,0,execute,direct-api,ok,0.026728,4.545037,-0.000882,1.0,0,7,41,1.0,1.0,24,live_call,sha256:3daed2c4f6ccfb1e2b677f93e346eacec2488b1dfb80c35e7907971fef46cf4e,sha256:980a25ad31ba7fd3cd4c13fcd614e93adcdbe7cbedf9aefd6159e9a52346f374,
deepseek__deepseek_v4_flash__synthetic_jump_tail_c0_v0_3__c0__e1__seed_31__sample_0,deepseek,deepseek-v4-flash,synthetic_jump_tail_c0_v0_3,C0,E1,31,0,execute,direct-api,ok,0.366647,10.122383,-0.021666,0.909091,2,39,11,1.0,1.0,24,live_call,sha256:0291e137689ecba508c45f5e6d6a5e578cbaabc1f1fe98034ab82ad767128061,sha256:d5dbc9478d5f26f36c96526411b421c0ff8a0e2ba1cad4473fe4a1f35d214e9d,
deepseek__deepseek_v4_flash__synthetic_calm_trend_c0_v0_3__c0__e0__seed_31__sample_1,deepseek,deepseek-v4-flash,synthetic_calm_trend_c0_v0_3,C0,E0,31,1,execute,direct-api,ok,0.23442,32.106911,0.0,1.0,0,46,0,1.0,1.0,24,live_call,sha256:e8d73f67c28ac56dfbd273921736a76692e5d3a9330292ca88f022b71692002e,sha256:f2a4858590c881c96d274d14c50a71a12c66d59653f0c41dd240f106c6e96ab9,
deepseek__deepseek_v4_flash__synthetic_calm_trend_c0_v0_3__c0__e1__seed_31__sample_1,deepseek,deepseek-v4-flash,synthetic_calm_trend_c0_v0_3,C0,E1,31,1,execute,direct-api,ok,0.232235,22.844353,-0.000835,0.93617,1,47,0,1.0,1.0,24,live_call,sha256:cdeac2a9a6e32133af066c4cb6864e48dd510139b77225012139629f164843ba,sha256:35ffe8db3ccc7b2831b0b8cea97e7c05e5c470efaabc413c450fc5a6da3bcb35,
deepseek__deepseek_v4_flash__synthetic_high_volatility_c0_v0_3__c0__e0__seed_31__sample_1,deepseek,deepseek-v4-flash,synthetic_high_volatility_c0_v0_3,C0,E0,31,1,execute,direct-api,ok,0.234825,16.495029,-0.006628,1.0,0,39,1,1.0,1.0,24,live_call,sha256:23205223c2fa5af13bc3d138246d0bc9d980cf55c7021e349108ed2ffa6dcc86,sha256:2a55d77b08a791350784084b0542530bd854450108e5dc1814576e3f20d3207c,
deepseek__deepseek_v4_flash__synthetic_high_volatility_c0_v0_3__c0__e1__seed_31__sample_1,deepseek,deepseek-v4-flash,synthetic_high_volatility_c0_v0_3,C0,E1,31,1,execute,direct-api,ok,0.204481,14.681082,-0.007954,0.916667,2,39,8,1.0,1.0,24,live_call,sha256:cb8b441d82f44a8ab3765a643cdab70e85a2d5844c3edb034c1224a657446633,sha256:19b4c5faa3af39ca5c4156537b7f75ed68594cef59d0b181539237de2d0fe073,
deepseek__deepseek_v4_flash__synthetic_jump_tail_c0_v0_3__c0__e0__seed_31__sample_1,deepseek,deepseek-v4-flash,synthetic_jump_tail_c0_v0_3,C0,E0,31,1,execute,direct-api,ok,0.051984,7.519018,-0.000568,1.0,0,9,39,1.0,1.0,24,live_call,sha256:8b430fb11c7868ab758ee6d37c2b3da165da8aea7dc3d31cc3769b34876b6bb5,sha256:06a8f771a56411217d896c3f1cd90fd84ee7f8f8a4fa2345636bfc4a98d21a27,
deepseek__deepseek_v4_flash__synthetic_jump_tail_c0_v0_3__c0__e1__seed_31__sample_1,deepseek,deepseek-v4-flash,synthetic_jump_tail_c0_v0_3,C0,E1,31,1,execute,direct-api,ok,0.403603,8.371156,-0.008311,0.954545,0,39,12,1.0,1.0,24,live_call,sha256:da4e7791b7fd32a796bfc6d74c2f0b27ff2fb27148a7d80590b12815df3a38a1,sha256:0c5f3eb68768efd0b32614092b07d3b2166e17c9761f607d042a25cd837d76f8,
deepseek__deepseek_v4_flash__synthetic_calm_trend_c0_v0_3__c0__e0__seed_31__sample_2,deepseek,deepseek-v4-flash,synthetic_calm_trend_c0_v0_3,C0,E0,31,2,execute,direct-api,ok,0.233853,31.921397,0.0,1.0,0,46,0,1.0,1.0,24,live_call,sha256:10bace5f9642205d5c00ae9a955365a13efa9e76f66224907252e92f2fd5e61f,sha256:a53093e295267a9e1305686d255c5ddebf833cc0f5588d8bafea10872173991b,
deepseek__deepseek_v4_flash__synthetic_calm_trend_c0_v0_3__c0__e1__seed_31__sample_2,deepseek,deepseek-v4-flash,synthetic_calm_trend_c0_v0_3,C0,E1,31,2,execute,direct-api,ok,0.232235,22.844353,-0.000835,0.93617,1,47,0,1.0,1.0,24,live_call,sha256:fd457badb924b4e4def6bfd141b2fa063fa38163acbfd29be7d0c004fdfbe403,sha256:03b347311db3297918bc928032de38a373c47da3a197efda5e807c9983bc8bec,
deepseek__deepseek_v4_flash__synthetic_high_volatility_c0_v0_3__c0__e0__seed_31__sample_2,deepseek,deepseek-v4-flash,synthetic_high_volatility_c0_v0_3,C0,E0,31,2,execute,direct-api,ok,0.223998,15.814603,-0.006628,1.0,0,41,3,1.0,1.0,24,live_call,sha256:e883c1f0951d2b25646fe0ddaa6c4a2f01475b85bfc06a858bfd2add2a39a3d7,sha256:adead0818d7edeb9cdaf5f97063f704c0a0ebf45b63266ef33b0bc1267fb0ce6,
deepseek__deepseek_v4_flash__synthetic_high_volatility_c0_v0_3__c0__e1__seed_31__sample_2,deepseek,deepseek-v4-flash,synthetic_high_volatility_c0_v0_3,C0,E1,31,2,execute,direct-api,ok,0.231719,15.27645,-0.009607,0.914894,2,41,4,1.0,1.0,24,live_call,sha256:e02468b35f7a231f31b4e26467ba8d23dbe5c4dfc36e65c82ac63e9db64cb235,sha256:0ae303fd7cb08d13d5ad070eddcb7539fe21efbd4458bf74c3cfdfbccd66ff1c,
deepseek__deepseek_v4_flash__synthetic_jump_tail_c0_v0_3__c0__e0__seed_31__sample_2,deepseek,deepseek-v4-flash,synthetic_jump_tail_c0_v0_3,C0,E0,31,2,execute,direct-api,ok,0.076859,10.205696,-0.000568,1.0,0,10,38,1.0,1.0,24,live_call,sha256:20ac27f891e9cc078a8a1f88cd1a3ff44f1de5ee6aa0f8630f6dc4b5196c2885,sha256:f5d88619f57fcbec37c01505aa545561bd554c99ba6e4d9c770b5b6ccf245282,
deepseek__deepseek_v4_flash__synthetic_jump_tail_c0_v0_3__c0__e1__seed_31__sample_2,deepseek,deepseek-v4-flash,synthetic_jump_tail_c0_v0_3,C0,E1,31,2,execute,direct-api,ok,0.378164,10.495197,-0.014562,0.930233,1,40,10,1.0,1.0,24,live_call,sha256:9beea184d70584186ba0bb2d87a976110dd6afd63b881d87f3552edad8bd6c28,sha256:02918c962904bdb4749d371be3a6549d34e68fb885f93619d99b983a23b08f86,
deepseek__deepseek_v4_flash__synthetic_calm_trend_c0_v0_3__c0__e0__seed_37__sample_0,deepseek,deepseek-v4-flash,synthetic_calm_trend_c0_v0_3,C0,E0,37,0,execute,direct-api,ok,0.302449,34.211903,0.0,1.0,0,44,4,1.0,1.0,24,live_call,sha256:7ec0556709eb764dac0856df467d0c906b65265848b640ac90d19ba94d8fd400,sha256:3ac5d4c7f8f459999333142635abbc3190287a31f38b0f660c128b3304bb845d,
deepseek__deepseek_v4_flash__synthetic_calm_trend_c0_v0_3__c0__e1__seed_37__sample_0,deepseek,deepseek-v4-flash,synthetic_calm_trend_c0_v0_3,C0,E1,37,0,execute,direct-api,ok,0.279069,23.662376,-0.000795,0.953488,0,44,4,1.0,1.0,24,live_call,sha256:2b8ebd230a2b02b0cea737f9fb697199a4274d6cdb13e23b22550916bdf22867,sha256:f90165c26898cc5763f0a2ec253c6fa919a3a5cf3196dd282ac8c082c6287fc6,
deepseek__deepseek_v4_flash__synthetic_high_volatility_c0_v0_3__c0__e0__seed_37__sample_0,deepseek,deepseek-v4-flash,synthetic_high_volatility_c0_v0_3,C0,E0,37,0,execute,direct-api,ok,0.449171,25.992936,-0.002588,1.0,0,46,0,1.0,1.0,24,live_call,sha256:c44ebbb59785904a5270fdb38635df318a619ed01db51930616aedc922f57830,sha256:867ba1b3ce890ef0a49816c78b4d31bfbc91f3cdb3c9dbda8d6a8676961add86,
deepseek__deepseek_v4_flash__synthetic_high_volatility_c0_v0_3__c0__e1__seed_37__sample_0,deepseek,deepseek-v4-flash,synthetic_high_volatility_c0_v0_3,C0,E1,37,0,execute,direct-api,ok,0.339964,18.779278,-0.00307,0.956522,1,41,14,1.0,1.0,24,live_call,sha256:e3053577b4bab90e31cefc76f44f031e1f16fd1ff10da9c7465eda431bf3f0da,sha256:bf068646ae5730294773f38f3c7045f7db84de14061039a7bded56b2266855d7,
deepseek__deepseek_v4_flash__synthetic_jump_tail_c0_v0_3__c0__e0__seed_37__sample_0,deepseek,deepseek-v4-flash,synthetic_jump_tail_c0_v0_3,C0,E0,37,0,execute,direct-api,ok,0.193376,7.154133,-0.021302,1.0,0,32,11,1.0,1.0,24,live_call,sha256:dd41f5dc4fc8954e7604ec885d566389a5a1a4fcacfca14431be258f62c7a3bb,sha256:2abae52535d8674399b1e0e8add6c79181b5c9948c5df51dafe4384be5fb6a76,
deepseek__deepseek_v4_flash__synthetic_jump_tail_c0_v0_3__c0__e1__seed_37__sample_0,deepseek,deepseek-v4-flash,synthetic_jump_tail_c0_v0_3,C0,E1,37,0,execute,direct-api,ok,0.251002,7.288061,-0.033702,0.888889,3,36,15,1.0,1.0,24,live_call,sha256:ab3927ab81e702423b986985d99e550676ccf4a920fd261d81114c964f3edb9c,sha256:6afed5d8963009eab1b54fd8af227e1f5b20357fd2f4c50381cfbbdd3eddba6c,
deepseek__deepseek_v4_flash__synthetic_calm_trend_c0_v0_3__c0__e0__seed_37__sample_1,deepseek,deepseek-v4-flash,synthetic_calm_trend_c0_v0_3,C0,E0,37,1,execute,direct-api,ok,0.015617,6.704952,-0.000105,1.0,0,4,43,1.0,1.0,24,live_call,sha256:24abc221b05809ba29e84746e07dee43d649067ac202b90db64233455f4c997c,sha256:653952a9b8ef0f2baf0bd1b315035dd9f11f4248db36a2f05e6085678b2dd3d7,
deepseek__deepseek_v4_flash__synthetic_calm_trend_c0_v0_3__c0__e1__seed_37__sample_1,deepseek,deepseek-v4-flash,synthetic_calm_trend_c0_v0_3,C0,E1,37,1,execute,direct-api,ok,0.276923,23.620456,-0.000795,0.953488,0,43,5,1.0,1.0,24,live_call,sha256:2d1630632e29370f71bafdd0c61a87e3fa1f10a083458d0ab048308db2db70d3,sha256:887decd71acd7dd24a481b31c599679018998e6f9bb8cd3c013b42e09c25c1f2,
deepseek__deepseek_v4_flash__synthetic_high_volatility_c0_v0_3__c0__e0__seed_37__sample_1,deepseek,deepseek-v4-flash,synthetic_high_volatility_c0_v0_3,C0,E0,37,1,execute,direct-api,ok,0.44952,25.994778,-0.002588,1.0,0,46,0,1.0,1.0,24,live_call,sha256:d4866106a7ab361825cfdd6bc772c0eb144a44dcc800bf31178267d160e3cf9c,sha256:25b315b66046946623e40a35185db319a5c612fe0ab3afc641c238209320d88e,
deepseek__deepseek_v4_flash__synthetic_high_volatility_c0_v0_3__c0__e1__seed_37__sample_1,deepseek,deepseek-v4-flash,synthetic_high_volatility_c0_v0_3,C0,E1,37,1,execute,direct-api,ok,0.363357,19.222716,-0.00307,0.93617,1,45,8,1.0,1.0,24,live_call,sha256:075537af5a17ee017e52e70cf0f96f96fec9b228b560ba53827cdcb4a0d502b9,sha256:001c416cb8ffa31fe6ebec8b7786a10f1fe18cf5eca88fde912d64ae8380b5d0,
deepseek__deepseek_v4_flash__synthetic_jump_tail_c0_v0_3__c0__e0__seed_37__sample_1,deepseek,deepseek-v4-flash,synthetic_jump_tail_c0_v0_3,C0,E0,37,1,execute,direct-api,ok,0.237541,7.947828,-0.032411,1.0,0,36,5,1.0,1.0,24,live_call,sha256:83892c1b63a5ba3388145c1c271e0e08bfb4111d800d79adb22cb4e0fc8ace85,sha256:7d3728226dfd31dd2a670ef1d799ce529205f731849b782a3430d4c1d4f8adbf,
deepseek__deepseek_v4_flash__synthetic_jump_tail_c0_v0_3__c0__e1__seed_37__sample_1,deepseek,deepseek-v4-flash,synthetic_jump_tail_c0_v0_3,C0,E1,37,1,execute,direct-api,ok,0.34643,9.933307,-0.008733,0.904762,2,33,19,1.0,1.0,24,live_call,sha256:bc355012e3cd8e456a98ee4fcc5fa184cd5cf930c6caa5a1c8ef01b3f61d00ff,sha256:dec602140fe9436275b9cde58062d1b34048233c6b6bae35fbc303bd1bdc6493,
deepseek__deepseek_v4_flash__synthetic_calm_trend_c0_v0_3__c0__e0__seed_37__sample_2,deepseek,deepseek-v4-flash,synthetic_calm_trend_c0_v0_3,C0,E0,37,2,execute,direct-api,ok,0.302449,34.211903,0.0,1.0,0,44,4,1.0,1.0,24,live_call,sha256:794c0c1acff3d56a1b90f4569a9aaa8598966a73c7bf5cedaa1b5996124954f9,sha256:ede8beb4b958e0bd33cda3da33e601f80b5a2e1879570a4679da0741f2dda736,
deepseek__deepseek_v4_flash__synthetic_calm_trend_c0_v0_3__c0__e1__seed_37__sample_2,deepseek,deepseek-v4-flash,synthetic_calm_trend_c0_v0_3,C0,E1,37,2,execute,direct-api,ok,0.279069,23.662376,-0.000795,0.953488,0,44,4,1.0,1.0,24,live_call,sha256:3eac540b517d7917b20c471d2c141b9c07a413bf1111909f2eae8eea6e0bacd6,sha256:a766ae2ec01fb06f860c6fdefec148ce41527c44557facd5152d4f731a9d8fc6,
deepseek__deepseek_v4_flash__synthetic_high_volatility_c0_v0_3__c0__e0__seed_37__sample_2,deepseek,deepseek-v4-flash,synthetic_high_volatility_c0_v0_3,C0,E0,37,2,execute,direct-api,ok,0.432684,24.518959,-0.002588,1.0,0,46,0,1.0,1.0,24,live_call,sha256:0dc9d25257199343ab01d8fc72b5fbffda9bd363b32bd0675ffd60e64dc79887,sha256:4df06b488353c9eab2172d8b783b77456eb80c493955917c571c60403dbc89c7,
deepseek__deepseek_v4_flash__synthetic_high_volatility_c0_v0_3__c0__e1__seed_37__sample_2,deepseek,deepseek-v4-flash,synthetic_high_volatility_c0_v0_3,C0,E1,37,2,execute,direct-api,ok,0.340032,17.534393,-0.00307,0.913043,2,43,11,1.0,1.0,24,live_call,sha256:ef0fe32705fac23a174888bdc129be95d44e6a369bc935b9f00365d7a58beed3,sha256:34c9e7a3ef42bb57d16149e8ae0f7d4d0aca5958033f28867048e955893aea9d,
deepseek__deepseek_v4_flash__synthetic_jump_tail_c0_v0_3__c0__e0__seed_37__sample_2,deepseek,deepseek-v4-flash,synthetic_jump_tail_c0_v0_3,C0,E0,37,2,execute,direct-api,ok,0.23689,8.156979,-0.027011,1.0,0,34,7,1.0,1.0,24,live_call,sha256:9be8815675da4a7feb2be4ccf63c95200e143e058f5b0a278ecece605dbd4b91,sha256:25600f65aab789fed1e415ffc81391f1afe4d90c79b1f63a7a8031181111aa3c,
deepseek__deepseek_v4_flash__synthetic_jump_tail_c0_v0_3__c0__e1__seed_37__sample_2,deepseek,deepseek-v4-flash,synthetic_jump_tail_c0_v0_3,C0,E1,37,2,execute,direct-api,ok,0.214673,6.281275,-0.035745,0.878049,3,35,16,1.0,1.0,24,live_call,sha256:8d1bf6aabef77a2833c2aa0090220607c97cbc91f860f16b4aa8024c41ed1473,sha256:fef041c695bd80500b4b51ea5ad74abb3155b1cfb3f53e2c449d476322d9f804,
deepseek__deepseek_v4_flash__synthetic_calm_trend_c0_v0_3__c0__e0__seed_41__sample_0,deepseek,deepseek-v4-flash,synthetic_calm_trend_c0_v0_3,C0,E0,41,0,execute,direct-api,ok,0.191172,21.466366,-0.00021,1.0,0,39,9,1.0,1.0,24,live_call,sha256:ad5bb3e8f236d3f26df65061b20228564a3eb47dca3265f8c7f578608a1d73cc,sha256:f1419cff4bced9dcb846c2726c266b3a1f16c3d031bdcd38655c4db9a5fa635c,
deepseek__deepseek_v4_flash__synthetic_calm_trend_c0_v0_3__c0__e1__seed_41__sample_0,deepseek,deepseek-v4-flash,synthetic_calm_trend_c0_v0_3,C0,E1,41,0,execute,direct-api,ok,0.186828,19.463773,-0.001348,0.947368,0,39,8,1.0,1.0,24,live_call,sha256:bd094a912a86927e6618eab73c49322255b21fbf6a0267dd825ad03c374cf617,sha256:4425cbe2d8b74412982f1cc82e100463a3b563aabcaa3b7e360611a4c701fb02,
deepseek__deepseek_v4_flash__synthetic_high_volatility_c0_v0_3__c0__e0__seed_41__sample_0,deepseek,deepseek-v4-flash,synthetic_high_volatility_c0_v0_3,C0,E0,41,0,execute,direct-api,ok,0.177201,11.17785,-0.014475,1.0,0,40,2,1.0,1.0,24,live_call,sha256:8f33677c8737c82f6264d50f0f3262fc2cd549729a872ad14016f02f24cf71aa,sha256:9ec5e081a0d6fb76f5db55aae72843be4f8502d7c61053430ea643c27af59697,
deepseek__deepseek_v4_flash__synthetic_high_volatility_c0_v0_3__c0__e1__seed_41__sample_0,deepseek,deepseek-v4-flash,synthetic_high_volatility_c0_v0_3,C0,E1,41,0,execute,direct-api,ok,0.175266,9.029307,-0.021839,0.934783,1,38,3,1.0,1.0,24,live_call,sha256:6ed50488eb40edf288bd8d738a4d06a00d3295d2be24947b3115fadaf498f3c9,sha256:5981e82a92858282107656149f3f110e5358de6be3fbd0a9a05ecb5536555629,
deepseek__deepseek_v4_flash__synthetic_jump_tail_c0_v0_3__c0__e0__seed_41__sample_0,deepseek,deepseek-v4-flash,synthetic_jump_tail_c0_v0_3,C0,E0,41,0,execute,direct-api,ok,0.131261,4.941105,-0.038477,1.0,0,25,19,1.0,1.0,24,live_call,sha256:4139c2696a1db9a93dacd07ab9fc87d43927d68f55a98bdbb6c66bd9c4a348db,sha256:1cf7a5850acd5136604315e50520fe38c153e435b2fd14396a835056f4d09270,
deepseek__deepseek_v4_flash__synthetic_jump_tail_c0_v0_3__c0__e1__seed_41__sample_0,deepseek,deepseek-v4-flash,synthetic_jump_tail_c0_v0_3,C0,E1,41,0,execute,direct-api,ok,0.061188,1.790695,-0.11481,0.956522,0,39,14,1.0,1.0,24,live_call,sha256:cc508c7e83f34a81a74d7ad3c4ea374a037c744a6bdb5812c20e25bb8a5d7b7e,sha256:9495b64492a625b864e098d51925a9c80b1f738918498d11f0df19e76f64b51f,
deepseek__deepseek_v4_flash__synthetic_calm_trend_c0_v0_3__c0__e0__seed_41__sample_1,deepseek,deepseek-v4-flash,synthetic_calm_trend_c0_v0_3,C0,E0,41,1,execute,direct-api,ok,0.1982,21.906826,-0.00021,1.0,0,42,6,1.0,1.0,24,live_call,sha256:d09d17fb590e33ebb0eab2d2cc499a0914330c1bedba85fed3776ecfa0aa5520,sha256:bae3d15c66219169336a33b5cdb764f318c05718e533746efc9f1e193fb139ae,
deepseek__deepseek_v4_flash__synthetic_calm_trend_c0_v0_3__c0__e1__seed_41__sample_1,deepseek,deepseek-v4-flash,synthetic_calm_trend_c0_v0_3,C0,E1,41,1,execute,direct-api,ok,0.187863,19.846322,-0.001348,0.947368,0,39,8,1.0,1.0,24,live_call,sha256:b804c93e12fba94ae7ca8e86b465ee9731ed6d08b6649bad1268f7aad235013a,sha256:a92c56176838b0af4f18dc3cc98e02e84691931a3f8771f984b30b19663137b5,
deepseek__deepseek_v4_flash__synthetic_high_volatility_c0_v0_3__c0__e0__seed_41__sample_1,deepseek,deepseek-v4-flash,synthetic_high_volatility_c0_v0_3,C0,E0,41,1,execute,direct-api,ok,0.204618,12.773305,-0.014501,1.0,0,44,0,1.0,1.0,24,live_call,sha256:bf2693c834b0292cc48edc9b8a84ee60bb2fa8a077aac305857997b79115466d,sha256:0b5f9d1cfeef9d52f001cd1f7a11a8fff55d199e8e7ce09b46d8cd4b23aed53a,
deepseek__deepseek_v4_flash__synthetic_high_volatility_c0_v0_3__c0__e1__seed_41__sample_1,deepseek,deepseek-v4-flash,synthetic_high_volatility_c0_v0_3,C0,E1,41,1,execute,direct-api,ok,0.164987,8.767533,-0.021554,0.956522,0,38,5,1.0,1.0,24,live_call,sha256:52ef488d96d946adea8468f3f304bee322ee75aa110308bb7112c4637875308a,sha256:25e128112db396d79cdd60e69be735be08874c6533051148baec3c2647c3f8f3,
deepseek__deepseek_v4_flash__synthetic_jump_tail_c0_v0_3__c0__e0__seed_41__sample_1,deepseek,deepseek-v4-flash,synthetic_jump_tail_c0_v0_3,C0,E0,41,1,execute,direct-api,ok,0.05043,2.319359,-0.038477,1.0,0,13,32,1.0,1.0,24,live_call,sha256:b2566a4b3bed2e4ba614355d80c21b9533563b71f84b6f53be7f71e510606974,sha256:5db3151616b7cc487b5392bca9ddd37d9ea0aa8b3351c3dce234bafa31cc5ccf,
deepseek__deepseek_v4_flash__synthetic_jump_tail_c0_v0_3__c0__e1__seed_41__sample_1,deepseek,deepseek-v4-flash,synthetic_jump_tail_c0_v0_3,C0,E1,41,1,execute,direct-api,ok,0.066706,1.885479,-0.114564,0.869565,4,42,13,1.0,1.0,24,live_call,sha256:668b9ced83eb3e110498fa26f2b4004b210d03c5fcf52f57963c4969fc8f4251,sha256:17f76258ff23087f3652ab49fd505811ab44f2b5f9dcf6b3250ab72c10b777bc,
deepseek__deepseek_v4_flash__synthetic_calm_trend_c0_v0_3__c0__e0__seed_41__sample_2,deepseek,deepseek-v4-flash,synthetic_calm_trend_c0_v0_3,C0,E0,41,2,execute,direct-api,ok,0.187977,21.042698,-0.00021,1.0,0,41,7,1.0,1.0,24,live_call,sha256:1eb39fbde771f0d858d0044a5303fcc55ff20819943f13871b2b266b974386d1,sha256:e5d37f83e8583df2c460c9ce3d67d21fa8983d6d1ff4444e37db98885bd446f8,
deepseek__deepseek_v4_flash__synthetic_calm_trend_c0_v0_3__c0__e1__seed_41__sample_2,deepseek,deepseek-v4-flash,synthetic_calm_trend_c0_v0_3,C0,E1,41,2,execute,direct-api,ok,0.021795,7.637832,-0.000279,0.9,1,7,41,1.0,1.0,24,live_call,sha256:660aae06d76b6853161b278eaec7aa53a0f56f1e5320bc698380e00f89b06194,sha256:0a5e6e27d9d0402d6a41216444edf2927f39fbf5c661afa4359f8e68fedda73f,
deepseek__deepseek_v4_flash__synthetic_high_volatility_c0_v0_3__c0__e0__seed_41__sample_2,deepseek,deepseek-v4-flash,synthetic_high_volatility_c0_v0_3,C0,E0,41,2,execute,direct-api,ok,0.166841,10.804348,-0.014475,1.0,0,39,3,1.0,1.0,24,live_call,sha256:687093c371618a804f9cd58bfa1781c8667f4d3c7fe9a8849f8ba479851772f2,sha256:8727904f06bb00f98de3a6dcf6ad14d89a1e7a887f29f77643b9fb11124d55aa,
deepseek__deepseek_v4_flash__synthetic_high_volatility_c0_v0_3__c0__e1__seed_41__sample_2,deepseek,deepseek-v4-flash,synthetic_high_volatility_c0_v0_3,C0,E1,41,2,execute,direct-api,ok,0.178707,9.624047,-0.019622,0.934783,1,39,3,1.0,1.0,24,live_call,sha256:a0bd0b359034f104c7456e8972dc3fa6de9111aaa600e23f199d15fabc8d375e,sha256:198b4ea4465c86c25b8f078fa2f7ebdc8f0e67cd63232e077c5bf99bb3f5c9f1,
deepseek__deepseek_v4_flash__synthetic_jump_tail_c0_v0_3__c0__e0__seed_41__sample_2,deepseek,deepseek-v4-flash,synthetic_jump_tail_c0_v0_3,C0,E0,41,2,execute,direct-api,ok,0.239152,7.866773,-0.043009,1.0,0,42,0,1.0,1.0,24,live_call,sha256:976197db04b32a9d2a40bbf8d39e24563e3eb2e2a7ef9ab5871892e131fa283d,sha256:3dc89895a06dd5ded1a35083facc86f9a9c73d9114a6ac79d6d86fe337f4dd27,
deepseek__deepseek_v4_flash__synthetic_jump_tail_c0_v0_3__c0__e1__seed_41__sample_2,deepseek,deepseek-v4-flash,synthetic_jump_tail_c0_v0_3,C0,E1,41,2,execute,direct-api,ok,0.178285,6.627178,-0.054231,0.9375,1,40,13,1.0,1.0,24,live_call,sha256:534117ceaf51dc3f5969f093e8b1e3b8db1aa8cc35cd54a8bf24022a8f28a8d2,sha256:526ba8cf7512b910a776d34879d644b152d4366e21fba5eb434645b533995270,
deepseek__deepseek_v4_flash__synthetic_calm_trend_c0_v0_3__c0__e0__seed_43__sample_0,deepseek,deepseek-v4-flash,synthetic_calm_trend_c0_v0_3,C0,E0,43,0,execute,direct-api,ok,0.25984,29.604551,0.0,1.0,0,47,0,1.0,1.0,24,live_call,sha256:76f09b74a5b0eff84cbe92fca001f047ebccd38a525e9c7253d26004e99aca46,sha256:5b29435873b6e30bf975801c78615cfc15a61ac80c549d3fe37dd8dc70fa495d,
deepseek__deepseek_v4_flash__synthetic_calm_trend_c0_v0_3__c0__e1__seed_43__sample_0,deepseek,deepseek-v4-flash,synthetic_calm_trend_c0_v0_3,C0,E1,43,0,execute,direct-api,ok,0.236126,27.544017,-0.000951,0.93617,1,46,1,1.0,1.0,24,live_call,sha256:a6f0f537804a3d4e28039e324da65216d4c42220ca7a934bc26cbcb5756ec4e6,sha256:00d1a3e3fa7d87a593e1a1fd3df272ab87938f8d8dda71985114d4fc373f7281,
deepseek__deepseek_v4_flash__synthetic_high_volatility_c0_v0_3__c0__e0__seed_43__sample_0,deepseek,deepseek-v4-flash,synthetic_high_volatility_c0_v0_3,C0,E0,43,0,execute,direct-api,ok,0.27645,15.034758,-0.013837,1.0,0,45,2,1.0,1.0,24,live_call,sha256:9e0cb9df99c5099c9782f503a9d34650e2504bd547cde7be967ac3e666c68822,sha256:b4a65da3e6094b1f190907f15184ed0083b1b79e644e995350a75c4b9c3286a3,
deepseek__deepseek_v4_flash__synthetic_high_volatility_c0_v0_3__c0__e1__seed_43__sample_0,deepseek,deepseek-v4-flash,synthetic_high_volatility_c0_v0_3,C0,E1,43,0,execute,direct-api,ok,0.267676,16.807023,-0.007699,0.893617,3,43,3,1.0,1.0,24,live_call,sha256:ac31ecb4bcc19f4940346e35e18d0ad89084ec6c453b59938768a838fd05849e,sha256:cb49e176885c0abf5a3845d64531d56a2934bed5b4373d477e5ec8a03f3fa1fd,
deepseek__deepseek_v4_flash__synthetic_jump_tail_c0_v0_3__c0__e0__seed_43__sample_0,deepseek,deepseek-v4-flash,synthetic_jump_tail_c0_v0_3,C0,E0,43,0,execute,direct-api,ok,0.140161,4.349774,-0.037172,1.0,0,35,4,1.0,1.0,24,live_call,sha256:953fbeb43a02139fe7f94e6c64506451ec7f2c7c28471fc203368032113c5aec,sha256:291a9df4cb7a25ce1dd1d768d8212dec93c97b34d2b3f72dea33f3829be32399,
deepseek__deepseek_v4_flash__synthetic_jump_tail_c0_v0_3__c0__e1__seed_43__sample_0,deepseek,deepseek-v4-flash,synthetic_jump_tail_c0_v0_3,C0,E1,43,0,execute,direct-api,ok,0.075239,3.304722,-0.027461,0.93617,1,38,12,1.0,1.0,24,live_call,sha256:60707c21992464ef1d3d91b47bf118b07154c0f2f1c1ca85e908176fdc619a31,sha256:ae7b313fd51943e0633643d4a368ce1a9201f728409b98ace9352110a85a3ec0,
deepseek__deepseek_v4_flash__synthetic_calm_trend_c0_v0_3__c0__e0__seed_43__sample_1,deepseek,deepseek-v4-flash,synthetic_calm_trend_c0_v0_3,C0,E0,43,1,execute,direct-api,ok,0.255799,28.889306,0.0,1.0,0,45,0,1.0,1.0,24,live_call,sha256:a2905bc6f755f248a2d5b31975baa94029b5c4a71cabb0b76e4b590e3f107fa8,sha256:22e57d5ccb88519fcdcb24bd01d4dafbe3ea2609a3da529905e63c617c0a68c1,
deepseek__deepseek_v4_flash__synthetic_calm_trend_c0_v0_3__c0__e1__seed_43__sample_1,deepseek,deepseek-v4-flash,synthetic_calm_trend_c0_v0_3,C0,E1,43,1,execute,direct-api,ok,0.219351,20.472415,-0.001304,0.93617,1,46,0,1.0,1.0,24,live_call,sha256:60539c75d0ce4d614dc7d5d42b33a8cea208daca397b42a94c11c6f00f94e4bb,sha256:e4676e7e1fd98c6b0cac97cb2b72ecdfdd56f1e852ab8a2926c0cc2b1a35eab5,
deepseek__deepseek_v4_flash__synthetic_high_volatility_c0_v0_3__c0__e0__seed_43__sample_1,deepseek,deepseek-v4-flash,synthetic_high_volatility_c0_v0_3,C0,E0,43,1,execute,direct-api,ok,0.245288,14.066849,-0.012395,1.0,0,42,1,1.0,1.0,24,live_call,sha256:8668778924276162c434a3588ac42217bd3451ef44381aa911b0f37594b98268,sha256:294dedbea1d1a7ca9aa3f05d57fe11b3778f321c8222bbe9a180cc38a8f25031,
deepseek__deepseek_v4_flash__synthetic_high_volatility_c0_v0_3__c0__e1__seed_43__sample_1,deepseek,deepseek-v4-flash,synthetic_high_volatility_c0_v0_3,C0,E1,43,1,execute,direct-api,ok,0.224245,14.277547,-0.006456,0.911111,2,42,8,1.0,1.0,24,live_call,sha256:199d08eaaef352a6fa4e6b28be79e5de9b0eb5aa6c09ea90de3595b6f6120b51,sha256:84a3e10f4892c99a52f5b56fd191c244fbcf96863cd52f3b9dbd114736d47508,
deepseek__deepseek_v4_flash__synthetic_jump_tail_c0_v0_3__c0__e0__seed_43__sample_1,deepseek,deepseek-v4-flash,synthetic_jump_tail_c0_v0_3,C0,E0,43,1,execute,direct-api,ok,0.094901,3.053802,-0.037622,1.0,0,33,2,1.0,1.0,24,live_call,sha256:160b126252a2c15325206e1a88a83fb740fad89a4e998b68984817aa3464ad40,sha256:4623cfc2f867611f0c8678b96731722bb29664d43af000ca3155b777bde30ba2,
deepseek__deepseek_v4_flash__synthetic_jump_tail_c0_v0_3__c0__e1__seed_43__sample_1,deepseek,deepseek-v4-flash,synthetic_jump_tail_c0_v0_3,C0,E1,43,1,execute,direct-api,ok,0.061322,2.208874,-0.040453,0.893617,3,38,10,1.0,1.0,24,live_call,sha256:f09729744226279fe5eb9b5d1b32e86e579b56d3382a21e0ef531310ced2526c,sha256:d92582ed6161ac1337cf427669207076f46b720a5bc931404272ee863a414597,
deepseek__deepseek_v4_flash__synthetic_calm_trend_c0_v0_3__c0__e0__seed_43__sample_2,deepseek,deepseek-v4-flash,synthetic_calm_trend_c0_v0_3,C0,E0,43,2,execute,direct-api,ok,0.255782,28.886719,0.0,1.0,0,45,0,1.0,1.0,24,live_call,sha256:26bd537b5b9c60f6c54eef8648e0862f898af8c349e37b99789a394fa3e7cab1,sha256:9a4a6fb6c51e57212a0aa54365f0c2ef5565058eb776088b8e3b136798a882fc,
deepseek__deepseek_v4_flash__synthetic_calm_trend_c0_v0_3__c0__e1__seed_43__sample_2,deepseek,deepseek-v4-flash,synthetic_calm_trend_c0_v0_3,C0,E1,43,2,execute,direct-api,ok,0.239715,26.801347,-0.001186,0.893617,3,44,0,1.0,1.0,24,live_call,sha256:9faede04cafe05b8cd5eb21ff6cdd6f144bd17cffcaa5ef8bb61084de8b4a820,sha256:78ded71c41e5ed3385e8cd31bf68d86678e6206190ac4dee49288941dfef77d8,
deepseek__deepseek_v4_flash__synthetic_high_volatility_c0_v0_3__c0__e0__seed_43__sample_2,deepseek,deepseek-v4-flash,synthetic_high_volatility_c0_v0_3,C0,E0,43,2,execute,direct-api,ok,0.243194,14.255508,-0.005826,1.0,0,39,7,1.0,1.0,24,live_call,sha256:471fbc1f8fd21e3d1cdda00992faa27168e0ffd495f5d24131245be5042ee990,sha256:00909ef1909afe293849bc28619994dce154a184656c28a063d71ff93b0ded76,
deepseek__deepseek_v4_flash__synthetic_high_volatility_c0_v0_3__c0__e1__seed_43__sample_2,deepseek,deepseek-v4-flash,synthetic_high_volatility_c0_v0_3,C0,E1,43,2,execute,direct-api,ok,0.281642,17.69009,-0.007699,0.893617,3,45,3,1.0,1.0,24,live_call,sha256:e3039c64b005fda8c9e5bfd1faa2d49ebdc33684a813f377c8cefed500592e8a,sha256:7c6769dd6df163f7ab4144cbefd7556ea83da058bcf3b1acef667972e22e70fe,
deepseek__deepseek_v4_flash__synthetic_jump_tail_c0_v0_3__c0__e0__seed_43__sample_2,deepseek,deepseek-v4-flash,synthetic_jump_tail_c0_v0_3,C0,E0,43,2,execute,direct-api,ok,0.149716,4.786228,-0.037172,1.0,0,34,6,1.0,1.0,24,live_call,sha256:452c5115630718cceb9040f9b74f734ad10c26eca84bf3fcc14d4dcb3f7bd071,sha256:42140bcce567bbaaec648debaff98c4cfe9e4256e0ce9325032796c7b6700370,
deepseek__deepseek_v4_flash__synthetic_jump_tail_c0_v0_3__c0__e1__seed_43__sample_2,deepseek,deepseek-v4-flash,synthetic_jump_tail_c0_v0_3,C0,E1,43,2,execute,direct-api,ok,0.074592,2.665349,-0.042782,0.913043,2,35,15,1.0,1.0,24,live_call,sha256:96688a65ec657ae0118e23bf4a80064d0aa2fda61d796a72fb3828fdd27de6ac,sha256:b55b36ee868f01e5a3370652cb5b551facda777c3be46c34ba8eda5b80ff3de5,
deepseek__deepseek_v4_flash__synthetic_calm_trend_c0_v0_3__c0__e0__seed_47__sample_0,deepseek,deepseek-v4-flash,synthetic_calm_trend_c0_v0_3,C0,E0,47,0,execute,direct-api,ok,0.237561,27.840713,0.0,1.0,0,47,0,1.0,1.0,24,live_call,sha256:2b26372da3d00e14e5406cdbe34b0d2a0a1cc147f614678a9933273d27eb8cd7,sha256:ba3b470b49dab8162db14b3f70d9bfa56a1f4b8f52851463a1a6dcf36a9a280d,
deepseek__deepseek_v4_flash__synthetic_calm_trend_c0_v0_3__c0__e1__seed_47__sample_0,deepseek,deepseek-v4-flash,synthetic_calm_trend_c0_v0_3,C0,E1,47,0,execute,direct-api,ok,0.207988,19.708794,-0.001315,0.9375,1,46,0,1.0,1.0,24,live_call,sha256:079839c9996c486453f61804404e7e50012e141b9a6a48a5d9ddd85ee4a7f89b,sha256:a2917bc8d4a5e74b2a69bb2b3dfc9018049c6f682f2d3507abe84170059c6e82,
deepseek__deepseek_v4_flash__synthetic_high_volatility_c0_v0_3__c0__e0__seed_47__sample_0,deepseek,deepseek-v4-flash,synthetic_high_volatility_c0_v0_3,C0,E0,47,0,execute,direct-api,ok,0.238203,13.758456,-0.01194,1.0,0,35,0,1.0,1.0,24,live_call,sha256:15fe39e9c0c72a8f1da3c9bb42a6743a68ee6b57f20c9c2c6d39220def966ca6,sha256:00bc38e8b18de3fcc5c30156d1c9527a9c072f96df0e2bc7dd76d6d96c7bcab1,
deepseek__deepseek_v4_flash__synthetic_high_volatility_c0_v0_3__c0__e1__seed_47__sample_0,deepseek,deepseek-v4-flash,synthetic_high_volatility_c0_v0_3,C0,E1,47,0,execute,direct-api,ok,0.15325,9.280466,-0.01417,0.914894,2,35,10,1.0,1.0,24,live_call,sha256:057e30995df0b424c08c086e62decbc9458950341bb7ef0fb5a2088d231eac45,sha256:b6c9027c3c437219f2e4fc50440330ff9278806e228b5abcf935da355a098af0,
deepseek__deepseek_v4_flash__synthetic_jump_tail_c0_v0_3__c0__e0__seed_47__sample_0,deepseek,deepseek-v4-flash,synthetic_jump_tail_c0_v0_3,C0,E0,47,0,execute,direct-api,ok,0.197463,7.548966,-0.031137,1.0,0,37,4,1.0,1.0,24,live_call,sha256:e82524d29004a89a13bf645b0fbbda6a2a9cd95f5c9b6583f0b518112952a7c5,sha256:68f270026d520c7baa2f1d0ebaae6f35166897ea4bd5e6677cf076dbdc924c13,
deepseek__deepseek_v4_flash__synthetic_jump_tail_c0_v0_3__c0__e1__seed_47__sample_0,deepseek,deepseek-v4-flash,synthetic_jump_tail_c0_v0_3,C0,E1,47,0,execute,direct-api,ok,0.064745,2.227837,-0.076873,0.934783,1,43,10,1.0,1.0,24,live_call,sha256:68a8c27588d9459188e5422b86a48806ff83914d76972995b08b22eba3e7fa31,sha256:4929590a76e951303eadffe776ea7c78fe9661bee0acd5b40cbd47dbf71cc2d8,
deepseek__deepseek_v4_flash__synthetic_calm_trend_c0_v0_3__c0__e0__seed_47__sample_1,deepseek,deepseek-v4-flash,synthetic_calm_trend_c0_v0_3,C0,E0,47,1,execute,direct-api,ok,0.237389,27.84522,0.0,1.0,0,47,0,1.0,1.0,24,live_call,sha256:050bee12b70855ef75da0ee42e7dc82b6cbf3bbb628eb1e3e45947222f61567e,sha256:b063d823650608fda495a530d40b81b4649ac2d500158663052acccc1d80b303,
deepseek__deepseek_v4_flash__synthetic_calm_trend_c0_v0_3__c0__e1__seed_47__sample_1,deepseek,deepseek-v4-flash,synthetic_calm_trend_c0_v0_3,C0,E1,47,1,execute,direct-api,ok,0.200516,21.291992,-0.001315,0.9375,1,46,0,1.0,1.0,24,live_call,sha256:208e59b60a2cef1a2d60015199cfef26ba18ffe72377181dbbef4c29f67e07ed,sha256:29f14c3f2363f868228ca1a32a389b60799b79df485a78f743fa94f751c55468,
deepseek__deepseek_v4_flash__synthetic_high_volatility_c0_v0_3__c0__e0__seed_47__sample_1,deepseek,deepseek-v4-flash,synthetic_high_volatility_c0_v0_3,C0,E0,47,1,execute,direct-api,ok,0.229347,12.651012,-0.011569,1.0,0,41,2,1.0,1.0,24,live_call,sha256:9a51ca9b8588348b99f6a12ee991c9de6ec25a2e4b86bdeaf1d2871178a53be2,sha256:5513ca38af0f93a290732f85b3390c87639a937144998c6d26e686f04550df44,
deepseek__deepseek_v4_flash__synthetic_high_volatility_c0_v0_3__c0__e1__seed_47__sample_1,deepseek,deepseek-v4-flash,synthetic_high_volatility_c0_v0_3,C0,E1,47,1,execute,direct-api,ok,0.194056,10.304462,-0.01403,0.934783,1,39,8,1.0,1.0,24,live_call,sha256:342ab70ef52de15006f36ade371346665841585992cd85e63939199e6d4b311c,sha256:758c3983de2a33e7073d2ad2e022d800fbbd150f97e6064eec97b62f5cc2f51c,
deepseek__deepseek_v4_flash__synthetic_jump_tail_c0_v0_3__c0__e0__seed_47__sample_1,deepseek,deepseek-v4-flash,synthetic_jump_tail_c0_v0_3,C0,E0,47,1,execute,direct-api,ok,0.194086,7.595361,-0.032638,1.0,0,38,3,1.0,1.0,24,live_call,sha256:8e2ecac47326590efa53a0fab260354480ba3433d1866869df3124009f773503,sha256:69dcf3228a93d43fa912f6ebc5ba92c87f5f5a5581b3627652a92bfb004c3181,
deepseek__deepseek_v4_flash__synthetic_jump_tail_c0_v0_3__c0__e1__seed_47__sample_1,deepseek,deepseek-v4-flash,synthetic_jump_tail_c0_v0_3,C0,E1,47,1,execute,direct-api,ok,0.065034,2.261832,-0.078854,0.956522,1,42,10,1.0,1.0,24,live_call,sha256:ce4cc3dda247b87a80f764d02ade09cb735bb8adade66ea9644713e50d29b059,sha256:80891185e7f222276975d8c28ef98881a3ccaf24b426c7d216df535a5a4172b9,
deepseek__deepseek_v4_flash__synthetic_calm_trend_c0_v0_3__c0__e0__seed_47__sample_2,deepseek,deepseek-v4-flash,synthetic_calm_trend_c0_v0_3,C0,E0,47,2,execute,direct-api,ok,0.236791,27.632045,0.0,1.0,0,46,0,1.0,1.0,24,live_call,sha256:9f9b3ec5c3987457a4249cfcf73559d5b9a47d2b30208ff4e51b8d091ff43410,sha256:013c1430d00102d13b9500261a273bce0a868aa3e663f29c92177dcc6517bc2a,
deepseek__deepseek_v4_flash__synthetic_calm_trend_c0_v0_3__c0__e1__seed_47__sample_2,deepseek,deepseek-v4-flash,synthetic_calm_trend_c0_v0_3,C0,E1,47,2,execute,direct-api,ok,0.186202,20.466712,-0.001315,0.9375,1,45,0,1.0,1.0,24,live_call,sha256:88a8c966cb3c7365e2ca9f76a6f0d8afbbab40bae06001a0ac27817ea25d1580,sha256:9373b7a5e74c4ffbbdd3b8dce9c417d8397deb0228d4cbdd71afc5c1a84e967a,
deepseek__deepseek_v4_flash__synthetic_high_volatility_c0_v0_3__c0__e0__seed_47__sample_2,deepseek,deepseek-v4-flash,synthetic_high_volatility_c0_v0_3,C0,E0,47,2,execute,direct-api,ok,0.151525,10.263226,-0.011978,1.0,0,32,8,1.0,1.0,24,live_call,sha256:25e3d49c41664399db625186262860aee28a4397c59bfa1dee38ea86aae111dc,sha256:637d43add3dc5bc7934626118931a026682cca6a5f7b656e3420a49ffd644378,
deepseek__deepseek_v4_flash__synthetic_high_volatility_c0_v0_3__c0__e1__seed_47__sample_2,deepseek,deepseek-v4-flash,synthetic_high_volatility_c0_v0_3,C0,E1,47,2,execute,direct-api,ok,0.196743,10.793277,-0.012794,0.895833,3,41,6,1.0,1.0,24,live_call,sha256:693798c89c754c69ba6111b23f8e34ab8acf0a83f7647a7622b5a528b7dcf11b,sha256:f87c0ade34ce9425c6c8480a756e3477465b2b6b14d5a0088d7fe0fb3af6bc72,
deepseek__deepseek_v4_flash__synthetic_jump_tail_c0_v0_3__c0__e0__seed_47__sample_2,deepseek,deepseek-v4-flash,synthetic_jump_tail_c0_v0_3,C0,E0,47,2,execute,direct-api,ok,0.158209,6.947976,-0.031035,1.0,0,32,13,1.0,1.0,24,live_call,sha256:5f179422085ddcb0283861baae7460ed2728a676e52a927b1f61862f173b06df,sha256:08e6b86df53bed08a048ada6d78a2926bb399c4ea99437cb64086e277b54229a,
deepseek__deepseek_v4_flash__synthetic_jump_tail_c0_v0_3__c0__e1__seed_47__sample_2,deepseek,deepseek-v4-flash,synthetic_jump_tail_c0_v0_3,C0,E1,47,2,execute,direct-api,ok,0.087911,3.138217,-0.072445,0.934783,1,42,10,1.0,1.0,24,live_call,sha256:3d45f3bc8d53d5a6b4f4698fc3ee8195c3333ea98fe58feb28e1d5e0af33d718,sha256:ce01a6f2236b45295e1d97c8623a3d0477ae8d6551c6a97a647e45d44580feaa,
deepseek__deepseek_v4_flash__synthetic_calm_trend_c0_v0_3__c0__e0__seed_53__sample_0,deepseek,deepseek-v4-flash,synthetic_calm_trend_c0_v0_3,C0,E0,53,0,execute,direct-api,ok,0.183479,18.651449,-0.001149,1.0,0,37,8,1.0,1.0,24,live_call,sha256:67e11d38804934d98e553db17119bb623bcb0e67abf6eee16120c6ac47d42b42,sha256:f91c2c5fc9096239ffc762e771050f0110951a8d9f446e6695031362b79981b1,
deepseek__deepseek_v4_flash__synthetic_calm_trend_c0_v0_3__c0__e1__seed_53__sample_0,deepseek,deepseek-v4-flash,synthetic_calm_trend_c0_v0_3,C0,E1,53,0,execute,direct-api,ok,0.176656,22.843531,-0.001824,0.916667,2,44,0,1.0,1.0,24,live_call,sha256:757197713e87db61445abc64e7bf62e3d101cfd266e2789eeeab724922dbf02d,sha256:5317a8daf976d3dde8ca17c8849aed971a4c848af307439297e7ee351d9ff593,
deepseek__deepseek_v4_flash__synthetic_high_volatility_c0_v0_3__c0__e0__seed_53__sample_0,deepseek,deepseek-v4-flash,synthetic_high_volatility_c0_v0_3,C0,E0,53,0,execute,direct-api,ok,-0.008812,-4.775824,-0.008812,1.0,0,2,46,1.0,1.0,24,live_call,sha256:bf50ebe0b48bd46d9869822f0a5d7b11994e1f74ab9603fae0ef45be3a064fce,sha256:27fe82a0fc43f2df899dddf2411d8ce6658360fe1d2e61efae6963ff9d335569,
deepseek__deepseek_v4_flash__synthetic_high_volatility_c0_v0_3__c0__e1__seed_53__sample_0,deepseek,deepseek-v4-flash,synthetic_high_volatility_c0_v0_3,C0,E1,53,0,execute,direct-api,ok,0.170626,8.300207,-0.019455,0.956522,0,41,7,1.0,1.0,24,live_call,sha256:13937a4822e7b9e90123a1bede81550e511012da51a80f69ccbe4290c06e2671,sha256:5e916b255b54dbf980ac89d98b02819fdbc151e2786647127d2d0542ef019fc4,
deepseek__deepseek_v4_flash__synthetic_jump_tail_c0_v0_3__c0__e0__seed_53__sample_0,deepseek,deepseek-v4-flash,synthetic_jump_tail_c0_v0_3,C0,E0,53,0,execute,direct-api,ok,0.011411,2.837619,-0.004592,1.0,0,3,43,1.0,1.0,24,live_call,sha256:0599ae097ebebd8c58a3185943d6ca710e24d62fa496d733cbba7236fea4bd1e,sha256:dc84d3d056a8e69bad8031728137be7428a55d1fdac3366e080e66b2f9a7da9d,
deepseek__deepseek_v4_flash__synthetic_jump_tail_c0_v0_3__c0__e1__seed_53__sample_0,deepseek,deepseek-v4-flash,synthetic_jump_tail_c0_v0_3,C0,E1,53,0,execute,direct-api,ok,0.364231,10.995897,-0.0269,0.954545,0,37,12,1.0,1.0,24,live_call,sha256:0cef9ce4868ecea605f68764ee2dea41602fd3d017c99fef71f9712d9ca87b9a,sha256:65574dac13c9a93faa8da28a9fed6ff2ecfa0436a8e61aca67fbf2533e7be7a3,
deepseek__deepseek_v4_flash__synthetic_calm_trend_c0_v0_3__c0__e0__seed_53__sample_1,deepseek,deepseek-v4-flash,synthetic_calm_trend_c0_v0_3,C0,E0,53,1,execute,direct-api,ok,0.169997,22.557035,-0.001149,1.0,0,36,10,1.0,1.0,24,live_call,sha256:2ee9a4bdc4f4d5e4fadb5c6d267e7feb563720af8798ad989af51d3a20bba614,sha256:e7a9ac31f7567df1a258c3b9f631d0bca35e387b3edaa37a3b36f89a3bb529ba,
deepseek__deepseek_v4_flash__synthetic_calm_trend_c0_v0_3__c0__e1__seed_53__sample_1,deepseek,deepseek-v4-flash,synthetic_calm_trend_c0_v0_3,C0,E1,53,1,execute,direct-api,ok,0.168694,20.665617,-0.001395,0.956522,0,44,2,1.0,1.0,24,live_call,sha256:a438ca65109fb1697b2d5baf6cae4613ef958fe5ac5339e13692d9dbed9f1443,sha256:ba9f0a2bd3926421798a06ca27e46374c730b5287d51178fdd5b9d6a3209155d,
deepseek__deepseek_v4_flash__synthetic_high_volatility_c0_v0_3__c0__e0__seed_53__sample_1,deepseek,deepseek-v4-flash,synthetic_high_volatility_c0_v0_3,C0,E0,53,1,execute,direct-api,ok,0.027603,4.030213,-0.003506,1.0,0,6,42,1.0,1.0,24,live_call,sha256:0111e166b8d2ad2ed9150b31f39a55cf7292fd93ec5bf540d09f7ca5756d7228,sha256:15fc8265b3cdd9f26a3e5ad8a7675270259167e5b5a882cff6cb213686d6b1ea,
deepseek__deepseek_v4_flash__synthetic_high_volatility_c0_v0_3__c0__e1__seed_53__sample_1,deepseek,deepseek-v4-flash,synthetic_high_volatility_c0_v0_3,C0,E1,53,1,execute,direct-api,ok,0.160784,7.898541,-0.022333,0.956522,0,41,7,1.0,1.0,24,live_call,sha256:0f69a9adc97f1f50b1efd7de07a7183bbdfa8c4e6c21bd2dabf72ec1ac5ae854,sha256:d01a746dacaef0618c69121f2c1c0033480652e585d10ac5fe0331c7da7acf88,
deepseek__deepseek_v4_flash__synthetic_jump_tail_c0_v0_3__c0__e0__seed_53__sample_1,deepseek,deepseek-v4-flash,synthetic_jump_tail_c0_v0_3,C0,E0,53,1,execute,direct-api,ok,0.349556,10.370479,-0.029966,1.0,0,40,4,1.0,1.0,24,live_call,sha256:1c8382ca934a83bcd87cb32abd18389fa5548497e8f37d15e5595b3fb210b17d,sha256:b6025fab9d1588c3771274e5ba59f87c09bba45329b3f009635a6951b66f12fe,
deepseek__deepseek_v4_flash__synthetic_jump_tail_c0_v0_3__c0__e1__seed_53__sample_1,deepseek,deepseek-v4-flash,synthetic_jump_tail_c0_v0_3,C0,E1,53,1,execute,direct-api,ok,0.341472,10.835919,-0.028905,0.956522,0,39,11,1.0,1.0,24,live_call,sha256:20faf942098795fd9bd5bd61d7b3446083022cad272d3ba274a5d117981a56a3,sha256:acfd2009bd9a5a3ec7344d5027e090fec19f6b90f8f1ddde49b08f96e0b4c357,
deepseek__deepseek_v4_flash__synthetic_calm_trend_c0_v0_3__c0__e0__seed_53__sample_2,deepseek,deepseek-v4-flash,synthetic_calm_trend_c0_v0_3,C0,E0,53,2,execute,direct-api,ok,0.203857,22.41327,-0.001149,1.0,0,42,4,1.0,1.0,24,live_call,sha256:80ec81074a030e2eaa1dd66bfcbaf9c8aa7c1d8125cf8f976bb8364daa4ce892,sha256:b129317a6b730c61e72e4efe7bbc3bc57be69fa17b9b9677b61720642460c7e2,
deepseek__deepseek_v4_flash__synthetic_calm_trend_c0_v0_3__c0__e1__seed_53__sample_2,deepseek,deepseek-v4-flash,synthetic_calm_trend_c0_v0_3,C0,E1,53,2,execute,direct-api,ok,0.181101,20.488746,-0.001456,0.913043,2,45,2,1.0,1.0,24,live_call,sha256:dad98652be32eb015c73e71597a250e483e65219b4f1c6e6fbe3c1e11b22d87f,sha256:7d5127914e2767b18b36f8a006eedcca9190643a8fb80365a73d57620e921184,
deepseek__deepseek_v4_flash__synthetic_high_volatility_c0_v0_3__c0__e0__seed_53__sample_2,deepseek,deepseek-v4-flash,synthetic_high_volatility_c0_v0_3,C0,E0,53,2,execute,direct-api,ok,0.017505,3.219367,-0.003504,1.0,0,4,44,1.0,1.0,24,live_call,sha256:f5980f2de1d25e82f987b889a378123b1bc95477027dd49f6c5c0eb90d7fd3fb,sha256:9e6af2fdac2ea5c7692f7f0f80e3a91eb4b82ddb6403458b77f316c3c2c9c506,
deepseek__deepseek_v4_flash__synthetic_high_volatility_c0_v0_3__c0__e1__seed_53__sample_2,deepseek,deepseek-v4-flash,synthetic_high_volatility_c0_v0_3,C0,E1,53,2,execute,direct-api,ok,0.028647,4.977363,-0.003117,0.8,1,4,44,1.0,1.0,24,live_call,sha256:06049885ddba8244d7b8f869c81eda9b30099ed94403862241941f4b7e739543,sha256:e513fa384feedbd0062f9c8459b9a6e7e5e1c5beed07e241786c36c0164fdace,
deepseek__deepseek_v4_flash__synthetic_jump_tail_c0_v0_3__c0__e0__seed_53__sample_2,deepseek,deepseek-v4-flash,synthetic_jump_tail_c0_v0_3,C0,E0,53,2,execute,direct-api,ok,0.204373,8.928966,-0.005136,1.0,0,25,19,1.0,1.0,24,live_call,sha256:26bf6ad30e0997bab0c131e2219dcfae66ff431f6ba18b3d9209c0cf69dfba7d,sha256:0e1639f29a8807fb2d3a82815fa2e75a01677b8dd26fea3784581e40b33a9de4,
deepseek__deepseek_v4_flash__synthetic_jump_tail_c0_v0_3__c0__e1__seed_53__sample_2,deepseek,deepseek-v4-flash,synthetic_jump_tail_c0_v0_3,C0,E1,53,2,execute,direct-api,ok,0.29123,9.119734,-0.027565,0.878049,3,32,20,1.0,1.0,24,live_call,sha256:fdea10fdb7dc542f3bf6ec8a31c66ddef2f60b84c04dd641767b2284277c33d1,sha256:9bed51b0451319fb8ff636bb8fd7d308e17f29bd14a4e88204e0526a2dbde8b7,
deepseek__deepseek_v4_pro__synthetic_calm_trend_c0_v0_3__c0__e0__seed_7__sample_0,deepseek,deepseek-v4-pro,synthetic_calm_trend_c0_v0_3,C0,E0,7,0,execute,direct-api,ok,0.0,0.0,0.0,0.0,0,0,48,1.0,1.0,24,live_call,sha256:da865f4a7672c33456452d132260cb85c1291ddc2bc5177e7e47005e03f926fb,sha256:b2add0e51193f1244d42944e3beeb59b41d6655e8ade3ed74ac6111225854c52,
deepseek__deepseek_v4_pro__synthetic_calm_trend_c0_v0_3__c0__e1__seed_7__sample_0,deepseek,deepseek-v4-pro,synthetic_calm_trend_c0_v0_3,C0,E1,7,0,execute,direct-api,ok,0.0,0.0,0.0,0.0,0,0,48,1.0,1.0,24,live_call,sha256:8cfa8e7bfe20d11b4496b08d1e1e76c18dd78227418ffd900c371bb69745fd42,sha256:0c99c392341875e72c626f64d581d8dd58093c7f96cdf56d3c6f07049928c4ef,
deepseek__deepseek_v4_pro__synthetic_high_volatility_c0_v0_3__c0__e0__seed_7__sample_0,deepseek,deepseek-v4-pro,synthetic_high_volatility_c0_v0_3,C0,E0,7,0,execute,direct-api,ok,0.0,0.0,0.0,0.0,0,0,48,1.0,1.0,24,live_call,sha256:3c58e7553a3ce3e10375fa4e80ab2776e488781ec99954cf015604c078a1ff2d,sha256:f6c95185c922141e5373efedf05925f477b482759f9b1e0d697114a16fdb521c,
deepseek__deepseek_v4_pro__synthetic_high_volatility_c0_v0_3__c0__e1__seed_7__sample_0,deepseek,deepseek-v4-pro,synthetic_high_volatility_c0_v0_3,C0,E1,7,0,execute,direct-api,ok,0.0,0.0,0.0,0.0,0,0,48,1.0,1.0,24,live_call,sha256:272290122a11dc533b1f66f36554ec815e22aea047217c29cf2a854828d375c3,sha256:f74203645e61b3ba3cd63002a0ba88fa22ca570e68012bc4f03ca752fe27ebb6,
deepseek__deepseek_v4_pro__synthetic_jump_tail_c0_v0_3__c0__e0__seed_7__sample_0,deepseek,deepseek-v4-pro,synthetic_jump_tail_c0_v0_3,C0,E0,7,0,execute,direct-api,ok,0.0,0.0,0.0,0.0,0,0,48,1.0,1.0,24,live_call,sha256:f18a260be822c0d1c08192b8dadb7ad5c7fa325e3a33563ab5dca12a914ddbe3,sha256:cb131c771de9d1afa2333d910f946ea0993ae8102e2f96a074f059a4d93d0c17,
deepseek__deepseek_v4_pro__synthetic_jump_tail_c0_v0_3__c0__e1__seed_7__sample_0,deepseek,deepseek-v4-pro,synthetic_jump_tail_c0_v0_3,C0,E1,7,0,execute,direct-api,ok,0.0,0.0,0.0,0.0,0,0,48,1.0,1.0,24,live_call,sha256:532b56a925c5b60a01813b04979c0e94aa0e0122fbc817a8a236153cbdaca73e,sha256:dfb3c363bb1fb65283e9af265ce72e42220ffdfe949156d0082d478dae13b731,
deepseek__deepseek_v4_pro__synthetic_calm_trend_c0_v0_3__c0__e0__seed_7__sample_1,deepseek,deepseek-v4-pro,synthetic_calm_trend_c0_v0_3,C0,E0,7,1,execute,direct-api,ok,0.0,0.0,0.0,0.0,0,0,48,1.0,1.0,24,live_call,sha256:4d09176ffffa390bd5121574098ea018808a69c769f63d9064679aea09139b98,sha256:438697b2511df3323e9fe12ac65a7660f083d95423504a9fc5945ae47b3a88d3,
deepseek__deepseek_v4_pro__synthetic_calm_trend_c0_v0_3__c0__e1__seed_7__sample_1,deepseek,deepseek-v4-pro,synthetic_calm_trend_c0_v0_3,C0,E1,7,1,execute,direct-api,ok,0.0,0.0,0.0,0.0,0,0,48,1.0,1.0,24,live_call,sha256:e694ac8fe5a23f68624f702e6a684844bde9f5d73da30b7a6ab9fb3f5becd5df,sha256:45f58b2d193064e44d09f8dcc38c96c74afd17349f548a9fd23d877e6fe7eb8b,
deepseek__deepseek_v4_pro__synthetic_high_volatility_c0_v0_3__c0__e0__seed_7__sample_1,deepseek,deepseek-v4-pro,synthetic_high_volatility_c0_v0_3,C0,E0,7,1,execute,direct-api,ok,0.0,0.0,0.0,0.0,0,0,48,1.0,1.0,24,live_call,sha256:03c2d9ad6f5c4a95d504b084d67ffc8e013a3b07d861a4cd68d82688879b7f11,sha256:c02246d6cc0eea5e58202b31454d2c224275f74ab51edf8e34fcc7553d3dc4a1,
deepseek__deepseek_v4_pro__synthetic_high_volatility_c0_v0_3__c0__e1__seed_7__sample_1,deepseek,deepseek-v4-pro,synthetic_high_volatility_c0_v0_3,C0,E1,7,1,execute,direct-api,ok,0.0,0.0,0.0,0.0,0,0,48,1.0,1.0,24,live_call,sha256:d36e8b31b94670db462ad8fed199d05b8303d0996202b12ea7e3e0212e5bc3e7,sha256:6bacb20c701b627bd01ec3b39a6829795272663fcefd9add6319df644dd44be3,
deepseek__deepseek_v4_pro__synthetic_jump_tail_c0_v0_3__c0__e0__seed_7__sample_1,deepseek,deepseek-v4-pro,synthetic_jump_tail_c0_v0_3,C0,E0,7,1,execute,direct-api,ok,0.0,0.0,0.0,0.0,0,0,48,1.0,1.0,24,live_call,sha256:6cecb9a98dd8b19d9053cdbdc408f9f05560e3553427af9bbe24c54123bb5b89,sha256:4e8a5abea08aea3275d1fc0bd040d5133baa6b8ca3a7e45dc933fb1536baab0f,
deepseek__deepseek_v4_pro__synthetic_jump_tail_c0_v0_3__c0__e1__seed_7__sample_1,deepseek,deepseek-v4-pro,synthetic_jump_tail_c0_v0_3,C0,E1,7,1,execute,direct-api,ok,0.0,0.0,0.0,0.0,0,0,48,1.0,1.0,24,live_call,sha256:e457b2826a999b3655617948ec294b9fea0e684c7dfdb30ab1e66a577b14a944,sha256:62a1d0428d96b00063fefc178da7d5a6dc4511a63c9dc12a690cd52531e7ed7a,
deepseek__deepseek_v4_pro__synthetic_calm_trend_c0_v0_3__c0__e0__seed_7__sample_2,deepseek,deepseek-v4-pro,synthetic_calm_trend_c0_v0_3,C0,E0,7,2,execute,direct-api,ok,0.0,0.0,0.0,0.0,0,0,48,1.0,1.0,24,live_call,sha256:b8b0f277288f5df1d7993119ffa72a0dfbb5fd2ca24f4084369d52fbaf893d27,sha256:9a893c231bb5eeadc47e6ad636184718f2503ab055effe03db32df005be26da5,
deepseek__deepseek_v4_pro__synthetic_calm_trend_c0_v0_3__c0__e1__seed_7__sample_2,deepseek,deepseek-v4-pro,synthetic_calm_trend_c0_v0_3,C0,E1,7,2,execute,direct-api,ok,0.0,0.0,0.0,0.0,0,0,48,1.0,1.0,24,live_call,sha256:2657c048d5be742bdbdaa5d6954a5ec1570a55dcdb697ba9b0150b88818cf694,sha256:f9eda4be19e25d76fa52debd3aabc96b7877b634fa4967ca6ceb9ded291167fc,
deepseek__deepseek_v4_pro__synthetic_high_volatility_c0_v0_3__c0__e0__seed_7__sample_2,deepseek,deepseek-v4-pro,synthetic_high_volatility_c0_v0_3,C0,E0,7,2,execute,direct-api,ok,0.0,0.0,0.0,0.0,0,0,48,1.0,1.0,24,live_call,sha256:bcf060dc88b41c611b46a1059ba3d24c69f4f0da457bb70bbe636f439b0678d2,sha256:b0d53893db453b3caf932840fca810c94ef487d0569a2dfa5959f344f73ea856,
deepseek__deepseek_v4_pro__synthetic_high_volatility_c0_v0_3__c0__e1__seed_7__sample_2,deepseek,deepseek-v4-pro,synthetic_high_volatility_c0_v0_3,C0,E1,7,2,execute,direct-api,ok,0.0,0.0,0.0,0.0,0,0,48,1.0,1.0,24,live_call,sha256:7544cb3ae2ad646c2ba9dfa40a17a0c4130858faa64d00a068c5f66ad756d5c7,sha256:44251276c223976da16efeb0add57aed69fb2ea58eee51cbfa344012a0d9d8ea,
deepseek__deepseek_v4_pro__synthetic_jump_tail_c0_v0_3__c0__e0__seed_7__sample_2,deepseek,deepseek-v4-pro,synthetic_jump_tail_c0_v0_3,C0,E0,7,2,execute,direct-api,ok,0.0,0.0,0.0,0.0,0,0,48,1.0,1.0,24,live_call,sha256:94c274a136a0b8133c568622df66d8fc506fbffe1b0a38ccd2fe77af4bf27917,sha256:a47844eedcfd0e8a43888303618db1216d71ef7bec5c1cf48017fb81119dd6b0,
deepseek__deepseek_v4_pro__synthetic_jump_tail_c0_v0_3__c0__e1__seed_7__sample_2,deepseek,deepseek-v4-pro,synthetic_jump_tail_c0_v0_3,C0,E1,7,2,execute,direct-api,ok,0.0,0.0,0.0,0.0,0,0,48,1.0,1.0,24,live_call,sha256:1d5e6d5d83656beb855a8c2edc37d043e95861184b6448dbf9d287ec6e824c29,sha256:7c91d2182298274b47bdaa8818b4b1a6bce381abb5ffd4eb2c02d86c00e1ae78,
deepseek__deepseek_v4_pro__synthetic_calm_trend_c0_v0_3__c0__e0__seed_11__sample_0,deepseek,deepseek-v4-pro,synthetic_calm_trend_c0_v0_3,C0,E0,11,0,execute,direct-api,ok,0.0,0.0,0.0,0.0,0,0,48,1.0,1.0,24,live_call,sha256:3eb341e404e9f70c048e820214c24bca12b04e822eaf8789b7bdb1c9dec01a92,sha256:bfa21abbe558a19635fed870ff92f8425bde1341761dd63b6ccca8ff0c8b3ef8,
deepseek__deepseek_v4_pro__synthetic_calm_trend_c0_v0_3__c0__e1__seed_11__sample_0,deepseek,deepseek-v4-pro,synthetic_calm_trend_c0_v0_3,C0,E1,11,0,execute,direct-api,ok,0.0,0.0,0.0,0.0,0,0,48,1.0,1.0,24,live_call,sha256:7e41ad71ae6bb1f596b6930069c3a1fc8ed2f3c70989b6f35aac989d1f632767,sha256:d5df9a160561149b5c48c67240384a3e7dc4506864ccc83286e829fc1a2abdcb,
deepseek__deepseek_v4_pro__synthetic_high_volatility_c0_v0_3__c0__e0__seed_11__sample_0,deepseek,deepseek-v4-pro,synthetic_high_volatility_c0_v0_3,C0,E0,11,0,execute,direct-api,ok,0.0,0.0,0.0,0.0,0,0,48,1.0,1.0,24,live_call,sha256:0777f545a76009dac3388195c14b9037f4438cfa157658c4a7848dc365c8f57c,sha256:e7be97384bdac0f0942b9545b7c65ea7fb467214ab64c10b52d729a9541d19b5,
deepseek__deepseek_v4_pro__synthetic_high_volatility_c0_v0_3__c0__e1__seed_11__sample_0,deepseek,deepseek-v4-pro,synthetic_high_volatility_c0_v0_3,C0,E1,11,0,execute,direct-api,ok,0.0,0.0,0.0,0.0,0,0,48,1.0,1.0,24,live_call,sha256:6d0a53ab0a78306ee5deea1797cb7916d9b76dd953222ba1a156af017c69d00f,sha256:c36f4a0f4dc48035b77dc7d9198d0d32cd45f55c2763ab09164a0dbfc838f6d2,
deepseek__deepseek_v4_pro__synthetic_jump_tail_c0_v0_3__c0__e0__seed_11__sample_0,deepseek,deepseek-v4-pro,synthetic_jump_tail_c0_v0_3,C0,E0,11,0,execute,direct-api,ok,0.0,0.0,0.0,0.0,0,0,48,1.0,1.0,24,live_call,sha256:b646e053b846c23e6ce33f9b873c2814537eb6231eedfd4f958ea8baf62e1c8b,sha256:8199fcf533b513f8eabf743edefcf64607c52daa4b842af6c833cd1fecce2433,
deepseek__deepseek_v4_pro__synthetic_jump_tail_c0_v0_3__c0__e1__seed_11__sample_0,deepseek,deepseek-v4-pro,synthetic_jump_tail_c0_v0_3,C0,E1,11,0,execute,direct-api,ok,0.0,0.0,0.0,0.0,0,0,48,1.0,1.0,24,live_call,sha256:8831fd4e756e2cfa5480f493963348a82643e1fbcdb27ee38b02f1cbf0c2d2d5,sha256:e63852dfdcb184694207b92f4700f155f8b3ebe8f01b607ebda325217e5a32fe,
deepseek__deepseek_v4_pro__synthetic_calm_trend_c0_v0_3__c0__e0__seed_11__sample_1,deepseek,deepseek-v4-pro,synthetic_calm_trend_c0_v0_3,C0,E0,11,1,execute,direct-api,ok,0.0,0.0,0.0,0.0,0,0,48,1.0,1.0,24,live_call,sha256:fde885f10724da870c748e5a2fdd10762c0b457f81c31f49e0ee0acd0e9c55d7,sha256:d40a668850d282172d10b7e3568f0ddd58c83d2971a7f7731d14237cccdb94dd,
deepseek__deepseek_v4_pro__synthetic_calm_trend_c0_v0_3__c0__e1__seed_11__sample_1,deepseek,deepseek-v4-pro,synthetic_calm_trend_c0_v0_3,C0,E1,11,1,execute,direct-api,ok,0.0,0.0,0.0,0.0,0,0,48,1.0,1.0,24,live_call,sha256:c5003c2c06f9af9ca5f0dc5a3481af793748c603a11b886e088b4db29116013e,sha256:b38c444a1b46b57f78e3437fd11640c2f75190be754848e0107de388d800c8e8,
deepseek__deepseek_v4_pro__synthetic_high_volatility_c0_v0_3__c0__e0__seed_11__sample_1,deepseek,deepseek-v4-pro,synthetic_high_volatility_c0_v0_3,C0,E0,11,1,execute,direct-api,ok,0.0,0.0,0.0,0.0,0,0,48,1.0,1.0,24,live_call,sha256:a57208666766bf1c5b160df7c31fb8f053b5b3c86278152f210446c6e54224c7,sha256:6422ad86db59002cf683882849e034e99103b813ea281c8e986e21fbf0192b27,
deepseek__deepseek_v4_pro__synthetic_high_volatility_c0_v0_3__c0__e1__seed_11__sample_1,deepseek,deepseek-v4-pro,synthetic_high_volatility_c0_v0_3,C0,E1,11,1,execute,direct-api,ok,0.0,0.0,0.0,0.0,0,0,48,1.0,1.0,24,live_call,sha256:57ba1f9b8ebf2b22d929b18062a87c36f0ab9c5fc8eae3768e0eb0b1592d6d9b,sha256:fe2b2a5a46fb3cc2328acb5eaf3048bb6f48d34829b1a4272c6f7052e0386af7,
deepseek__deepseek_v4_pro__synthetic_jump_tail_c0_v0_3__c0__e0__seed_11__sample_1,deepseek,deepseek-v4-pro,synthetic_jump_tail_c0_v0_3,C0,E0,11,1,execute,direct-api,ok,0.0,0.0,0.0,0.0,0,0,48,1.0,1.0,24,live_call,sha256:1e3430836df76dc54783ac0c84e85a87e1b4625908b315c4f9f2524c92aeaa2c,sha256:069199f4311f7420a4528317a99c8eceba99151d377691869b1bb1703cb38caf,
deepseek__deepseek_v4_pro__synthetic_jump_tail_c0_v0_3__c0__e1__seed_11__sample_1,deepseek,deepseek-v4-pro,synthetic_jump_tail_c0_v0_3,C0,E1,11,1,execute,direct-api,ok,0.0,0.0,0.0,0.0,0,0,48,1.0,1.0,24,live_call,sha256:3f6f9d5527f20ef7382473ea67300157a80e8a5d47ab341ae9ac8ee8e4442265,sha256:c66ac1acad7470c1ddf9db9f4117046fed99fbcdd75a60a8d2cc9a11b243ea67,
deepseek__deepseek_v4_pro__synthetic_calm_trend_c0_v0_3__c0__e0__seed_11__sample_2,deepseek,deepseek-v4-pro,synthetic_calm_trend_c0_v0_3,C0,E0,11,2,execute,direct-api,ok,0.0,0.0,0.0,0.0,0,0,48,1.0,1.0,24,live_call,sha256:d42efe60ea298b19dd7b2140149ae43a0c5ee75af67b46f6e1087ebc6f72cbe1,sha256:8af208870281ae8013fd38a1f70d5171ddd39272a6bbab5c322b1537029f7d46,
deepseek__deepseek_v4_pro__synthetic_calm_trend_c0_v0_3__c0__e1__seed_11__sample_2,deepseek,deepseek-v4-pro,synthetic_calm_trend_c0_v0_3,C0,E1,11,2,execute,direct-api,ok,0.0,0.0,0.0,0.0,0,0,48,1.0,1.0,24,live_call,sha256:6709a49fb493ee7e33e098342416a91e27ac4f6e87529f02b62dda2c71177898,sha256:ed466470536250490693a98b62ef706b7f1dac8cb893d331457f4fb3da751ac2,
deepseek__deepseek_v4_pro__synthetic_high_volatility_c0_v0_3__c0__e0__seed_11__sample_2,deepseek,deepseek-v4-pro,synthetic_high_volatility_c0_v0_3,C0,E0,11,2,execute,direct-api,ok,0.0,0.0,0.0,0.0,0,0,48,1.0,1.0,24,live_call,sha256:635234fbf515bc01d6804ec7b80f1a888679ee8e8408818120551ad1ddb10fd1,sha256:7b3cdf55e0f407c4aa30a77db7a50c7fd01e40f2bf490913a461bb634eab6df5,
deepseek__deepseek_v4_pro__synthetic_high_volatility_c0_v0_3__c0__e1__seed_11__sample_2,deepseek,deepseek-v4-pro,synthetic_high_volatility_c0_v0_3,C0,E1,11,2,execute,direct-api,ok,0.0,0.0,0.0,0.0,0,0,48,1.0,1.0,24,live_call,sha256:d105c7e5c7cf4d16250f98d8c15a9551cbdf0062369752fa69d481d411ff751f,sha256:0e082591ea612adfd976921edbe4c8549d20341620938033738a4d35b184dfa9,
deepseek__deepseek_v4_pro__synthetic_jump_tail_c0_v0_3__c0__e0__seed_11__sample_2,deepseek,deepseek-v4-pro,synthetic_jump_tail_c0_v0_3,C0,E0,11,2,execute,direct-api,ok,0.00506,3.169926,-0.00021,1.0,0,2,46,1.0,1.0,24,live_call,sha256:66a5e658935b1b21a9ef7b71b4cd1e0f67ce87e56a47524799d5fc7a9cce8a29,sha256:fd8ec561c9d6c41dc029b744683ed4623b85aa01268b6686462619363eaea216,
deepseek__deepseek_v4_pro__synthetic_jump_tail_c0_v0_3__c0__e1__seed_11__sample_2,deepseek,deepseek-v4-pro,synthetic_jump_tail_c0_v0_3,C0,E1,11,2,execute,direct-api,ok,0.0,0.0,0.0,0.0,0,0,48,1.0,1.0,24,live_call,sha256:733c58e68647a4752f65324aea8abb0cd9e7009908f4dd6093c4faa23fc2449e,sha256:6db3af4714a2a6fd762cf916634a45576a0cf5d3b85c47237df1f97f42d40251,
deepseek__deepseek_v4_pro__synthetic_calm_trend_c0_v0_3__c0__e0__seed_17__sample_0,deepseek,deepseek-v4-pro,synthetic_calm_trend_c0_v0_3,C0,E0,17,0,execute,direct-api,ok,0.0,0.0,0.0,0.0,0,0,48,1.0,1.0,24,live_call,sha256:cd64d3774c900708135043e068eaca55be684e80abad6cacb2244a1fc1a12d64,sha256:129b32265ce38aed8fb27828844f2e89e29959144915d7792fa441992bc282c5,
deepseek__deepseek_v4_pro__synthetic_calm_trend_c0_v0_3__c0__e1__seed_17__sample_0,deepseek,deepseek-v4-pro,synthetic_calm_trend_c0_v0_3,C0,E1,17,0,execute,direct-api,ok,0.0,0.0,0.0,0.0,0,0,48,1.0,1.0,24,live_call,sha256:3659798d20564103383c4c4dc0e4a19f67f99ca3c5cbd4c718af90d486db1813,sha256:5672aee0bbd2ef277c8fab0e71c98ae0ab7b4af1f040793d84c9bf148433fc10,
deepseek__deepseek_v4_pro__synthetic_high_volatility_c0_v0_3__c0__e0__seed_17__sample_0,deepseek,deepseek-v4-pro,synthetic_high_volatility_c0_v0_3,C0,E0,17,0,execute,direct-api,ok,0.0,0.0,0.0,0.0,0,0,48,1.0,1.0,24,live_call,sha256:daed69be3714c8e6049d07fb85cbfb6f585dbe69687ce2179cbab6d9ebd1fe40,sha256:1a1e26831edc03663c510cd914d75d9891b84e9dd58f7f7076ec45612f41d577,
deepseek__deepseek_v4_pro__synthetic_high_volatility_c0_v0_3__c0__e1__seed_17__sample_0,deepseek,deepseek-v4-pro,synthetic_high_volatility_c0_v0_3,C0,E1,17,0,execute,direct-api,ok,0.0,0.0,0.0,0.0,0,0,48,1.0,1.0,24,live_call,sha256:0c969083b90e8f35f92b7f450cb168992571523c299b6f9fb880864519ab11b2,sha256:1fcef370cf480f5cf8f4692e8a4d50ef442c0883020dfa69689085a3662c42a0,
deepseek__deepseek_v4_pro__synthetic_jump_tail_c0_v0_3__c0__e0__seed_17__sample_0,deepseek,deepseek-v4-pro,synthetic_jump_tail_c0_v0_3,C0,E0,17,0,execute,direct-api,ok,0.0,0.0,0.0,0.0,0,0,48,1.0,1.0,24,live_call,sha256:38f7918e50e8c26e60a84f872cf93912de21c5cff83c99f90db786d4a7d837f3,sha256:d6db8d371a8a73c2cebaa98b9e398c9558b63935ad4886420769b44e5328b071,
deepseek__deepseek_v4_pro__synthetic_jump_tail_c0_v0_3__c0__e1__seed_17__sample_0,deepseek,deepseek-v4-pro,synthetic_jump_tail_c0_v0_3,C0,E1,17,0,execute,direct-api,ok,0.0,0.0,0.0,0.0,0,0,48,1.0,1.0,24,live_call,sha256:d1fd47e05eff61f54049b932d10f95a5007ab52dc6a3cb849c87cd9e0dcfce78,sha256:db1e0ad310ca8fb723413cbca747e38c5f75f8b6d0bd0f2de5fd1ea34687f0df,
deepseek__deepseek_v4_pro__synthetic_calm_trend_c0_v0_3__c0__e0__seed_17__sample_1,deepseek,deepseek-v4-pro,synthetic_calm_trend_c0_v0_3,C0,E0,17,1,execute,direct-api,ok,0.0,0.0,0.0,0.0,0,0,48,1.0,1.0,24,live_call,sha256:2e21229ad01434f96527d7214f1f9724b36e662c6d70397ae8d13f19374c6f31,sha256:81035a0354be7b8805f28e3c1432a282e4032e5a2723c062bf14f6649b32ec9d,
deepseek__deepseek_v4_pro__synthetic_calm_trend_c0_v0_3__c0__e1__seed_17__sample_1,deepseek,deepseek-v4-pro,synthetic_calm_trend_c0_v0_3,C0,E1,17,1,execute,direct-api,ok,0.0,0.0,0.0,0.0,0,0,48,1.0,1.0,24,live_call,sha256:a9929fc5d9a68984820ac5732d5f58f1f6f1eb4c7bc2269eb72edf103c1f1f4b,sha256:32aafbf5a16e6c270a72a11dd4241c565c2d302b92f8c829e2c5ed8c7b05aa33,
deepseek__deepseek_v4_pro__synthetic_high_volatility_c0_v0_3__c0__e0__seed_17__sample_1,deepseek,deepseek-v4-pro,synthetic_high_volatility_c0_v0_3,C0,E0,17,1,execute,direct-api,ok,0.0,0.0,0.0,0.0,0,0,48,1.0,1.0,24,live_call,sha256:104f1b0fa3ac4e5ae676e2fedd1d078ed00f0fbb2663e7daa86b9ff3a2b48a49,sha256:f53951f8209448e354e4cbb0ab7c5b02b593b20e8e1b90a93cc6919af135a492,
deepseek__deepseek_v4_pro__synthetic_high_volatility_c0_v0_3__c0__e1__seed_17__sample_1,deepseek,deepseek-v4-pro,synthetic_high_volatility_c0_v0_3,C0,E1,17,1,execute,direct-api,ok,0.0,0.0,0.0,0.0,0,0,48,1.0,1.0,24,live_call,sha256:e47c2efdc26cc9fe88e31166937234643b303bfe884e5bfdc9f39dfaf59b28b1,sha256:f3c9911c0f6c24e86da476a702a841ad61731b062a8d16e2fde6c87cdc0bf08a,
deepseek__deepseek_v4_pro__synthetic_jump_tail_c0_v0_3__c0__e0__seed_17__sample_1,deepseek,deepseek-v4-pro,synthetic_jump_tail_c0_v0_3,C0,E0,17,1,execute,direct-api,ok,0.0,0.0,0.0,0.0,0,0,48,1.0,1.0,24,live_call,sha256:aa82015aa93a49c6008da5a97e214a646e7b394d4482de3c0249277fafd3d8f6,sha256:ba42dc85048c4bc7e02c81e81c786e8ab024d702602ff29b83607f4b52974e1b,
deepseek__deepseek_v4_pro__synthetic_jump_tail_c0_v0_3__c0__e1__seed_17__sample_1,deepseek,deepseek-v4-pro,synthetic_jump_tail_c0_v0_3,C0,E1,17,1,execute,direct-api,ok,0.0,0.0,0.0,0.0,0,0,48,1.0,1.0,24,live_call,sha256:87269c97c36fe8e19db44c19bc288d9feb4ec326702d348e3074b7d3fde377d5,sha256:7e9f58683744aa276f84b6de23e899d043795f02f908b50d43575143415913ee,
deepseek__deepseek_v4_pro__synthetic_calm_trend_c0_v0_3__c0__e0__seed_17__sample_2,deepseek,deepseek-v4-pro,synthetic_calm_trend_c0_v0_3,C0,E0,17,2,execute,direct-api,ok,0.0,0.0,0.0,0.0,0,0,48,1.0,1.0,24,live_call,sha256:3afa0679183dd33d7aec9cb060ae66014782a6a33b2724ee0ebf826ea66fca11,sha256:ecf167ee8839be30b08ad90265277635b82e9cc142c91be618b45d4a4c61bd09,
deepseek__deepseek_v4_pro__synthetic_calm_trend_c0_v0_3__c0__e1__seed_17__sample_2,deepseek,deepseek-v4-pro,synthetic_calm_trend_c0_v0_3,C0,E1,17,2,execute,direct-api,ok,0.0,0.0,0.0,0.0,0,0,48,1.0,1.0,24,live_call,sha256:98ab62c7cba235ac298927c7387b52f8cccdabef952033e27c32f642fc14ad5b,sha256:3b27b645792f0c39fea473fd2e573d60b4889db6e36213c046f2e7f1c6ea396e,
deepseek__deepseek_v4_pro__synthetic_high_volatility_c0_v0_3__c0__e0__seed_17__sample_2,deepseek,deepseek-v4-pro,synthetic_high_volatility_c0_v0_3,C0,E0,17,2,execute,direct-api,ok,0.0,0.0,0.0,0.0,0,0,48,1.0,1.0,24,live_call,sha256:6a685d7103075787e5682a7731dc993b31bc9f65d0f29691f7bf1e7147c2e88d,sha256:1bfd8ea03a7e23fc67b34a871a49fcc0f588c9c8538910f9aef67d52389ff655,
deepseek__deepseek_v4_pro__synthetic_high_volatility_c0_v0_3__c0__e1__seed_17__sample_2,deepseek,deepseek-v4-pro,synthetic_high_volatility_c0_v0_3,C0,E1,17,2,execute,direct-api,ok,0.0,0.0,0.0,0.0,0,0,48,1.0,1.0,24,live_call,sha256:32d424b5d73507e3137234ecf9d403e5b071f3a5551121398eed395be23af0cf,sha256:503238cefdb9d742f3973b8766d29f5bac855f747ea830a37e4772f638cdc4c1,
deepseek__deepseek_v4_pro__synthetic_jump_tail_c0_v0_3__c0__e0__seed_17__sample_2,deepseek,deepseek-v4-pro,synthetic_jump_tail_c0_v0_3,C0,E0,17,2,execute,direct-api,ok,0.0,0.0,0.0,0.0,0,0,48,1.0,1.0,24,live_call,sha256:07b35534e1bdb8c804459c2ca4795e5e36023aa47c9d4c21ad4d16c117d01675,sha256:a7d648af33802fbe78ea073437fcfb134c85681c1d2ec9aeabe14db9f4bf0524,
deepseek__deepseek_v4_pro__synthetic_jump_tail_c0_v0_3__c0__e1__seed_17__sample_2,deepseek,deepseek-v4-pro,synthetic_jump_tail_c0_v0_3,C0,E1,17,2,execute,direct-api,ok,0.0,0.0,0.0,0.0,0,0,48,1.0,1.0,24,live_call,sha256:9221851c38205ffb3a69ba01f0fe2ea4caeef3052b14f2eb11e8979ab7ed7938,sha256:ccc10a7234b7d81f081a7be0c22925d342f97bb6f326f150d10293825f83dfee,
deepseek__deepseek_v4_pro__synthetic_calm_trend_c0_v0_3__c0__e0__seed_23__sample_0,deepseek,deepseek-v4-pro,synthetic_calm_trend_c0_v0_3,C0,E0,23,0,execute,direct-api,ok,0.0,0.0,0.0,0.0,0,0,48,1.0,1.0,24,live_call,sha256:13046b539c174acbc983ba4a77d5656506381346dd2d4264a2b885b3aeadbd19,sha256:4c5dcda60e189528272e8ddbf4ef27bf1ccad53b46571b90e95f681c9eaa3e16,
deepseek__deepseek_v4_pro__synthetic_calm_trend_c0_v0_3__c0__e1__seed_23__sample_0,deepseek,deepseek-v4-pro,synthetic_calm_trend_c0_v0_3,C0,E1,23,0,execute,direct-api,ok,0.0,0.0,0.0,0.0,0,0,48,1.0,1.0,24,live_call,sha256:18809f1a7179e648f0785aefcb5bcf32d76b4c23e588391622eb4cf4410fa413,sha256:b5ee6aab1ac3bedaa4d43e0a55e169853da763f06d863bd31ca010f361485bcd,
deepseek__deepseek_v4_pro__synthetic_high_volatility_c0_v0_3__c0__e0__seed_23__sample_0,deepseek,deepseek-v4-pro,synthetic_high_volatility_c0_v0_3,C0,E0,23,0,execute,direct-api,ok,0.0,0.0,0.0,0.0,0,0,48,1.0,1.0,24,live_call,sha256:c24f33e3b84aa5a0ab3ea215189153daba83a665d2a417150ac813da86c4a039,sha256:7008d9f55e5bf0c1480dee6d1ae5b9da8d38eb9c77d9a8e6ae1721cdabe1b30c,
deepseek__deepseek_v4_pro__synthetic_high_volatility_c0_v0_3__c0__e1__seed_23__sample_0,deepseek,deepseek-v4-pro,synthetic_high_volatility_c0_v0_3,C0,E1,23,0,execute,direct-api,ok,0.0,0.0,0.0,0.0,0,0,48,1.0,1.0,24,live_call,sha256:172f613e272636806e3fa67c3e40ce1093535858b421cb80b4ad702e8b0de3b2,sha256:42578643ea777832c4e8f3d410843a28c1491b89610b5859a3069f08679f3956,
deepseek__deepseek_v4_pro__synthetic_jump_tail_c0_v0_3__c0__e0__seed_23__sample_0,deepseek,deepseek-v4-pro,synthetic_jump_tail_c0_v0_3,C0,E0,23,0,execute,direct-api,ok,0.0,0.0,0.0,0.0,0,0,48,1.0,1.0,24,live_call,sha256:27aa25400067d2173b6afe59d6ae07d4ba1239f4fad771c100e5f544919f26bd,sha256:7f7f594c99858df19afe117e707b1865cd49c50f2a63ecca3a2b350bae8cbcde,
deepseek__deepseek_v4_pro__synthetic_jump_tail_c0_v0_3__c0__e1__seed_23__sample_0,deepseek,deepseek-v4-pro,synthetic_jump_tail_c0_v0_3,C0,E1,23,0,execute,direct-api,ok,0.0,0.0,0.0,0.0,0,0,48,1.0,1.0,24,live_call,sha256:0f4d44658d4dc8a0c02070ab9158aaaf7d08c5e1e86f99eb4e477662bcf237d9,sha256:c476a58ceb0589fa2233593e66972713def985dc765c560b692248de1d2b3e61,
deepseek__deepseek_v4_pro__synthetic_calm_trend_c0_v0_3__c0__e0__seed_23__sample_1,deepseek,deepseek-v4-pro,synthetic_calm_trend_c0_v0_3,C0,E0,23,1,execute,direct-api,ok,0.0,0.0,0.0,0.0,0,0,48,1.0,1.0,24,live_call,sha256:11755ca14f97d56c5714e1625f1433623aa9d12fedf7c3f912937f54b75a2d7f,sha256:af75ec78ff0906f98146e096c87a1e89d08999d74582884e41d86fd94a1e7aca,
deepseek__deepseek_v4_pro__synthetic_calm_trend_c0_v0_3__c0__e1__seed_23__sample_1,deepseek,deepseek-v4-pro,synthetic_calm_trend_c0_v0_3,C0,E1,23,1,execute,direct-api,ok,0.0,0.0,0.0,0.0,0,0,48,1.0,1.0,24,live_call,sha256:ed787ce356f3405c90e3324c976a22fb44e08abf10680704896ea3ea7d5182ed,sha256:3e106a44f1e9c0e1785b35e6a7430350a5a9e58bb54b41a1bb592983cb5da691,
deepseek__deepseek_v4_pro__synthetic_high_volatility_c0_v0_3__c0__e0__seed_23__sample_1,deepseek,deepseek-v4-pro,synthetic_high_volatility_c0_v0_3,C0,E0,23,1,execute,direct-api,ok,0.0,0.0,0.0,0.0,0,0,48,1.0,1.0,24,live_call,sha256:8f7353f0abefe598e13c20f3c5a9c4f42c484e85eaf3024608d6ba83c9822964,sha256:e963f268cc595bf3791f3073e5ff0bad98d1e4b2beb12f73543e9c20bc184956,
deepseek__deepseek_v4_pro__synthetic_high_volatility_c0_v0_3__c0__e1__seed_23__sample_1,deepseek,deepseek-v4-pro,synthetic_high_volatility_c0_v0_3,C0,E1,23,1,execute,direct-api,ok,0.0,0.0,0.0,0.0,0,0,48,1.0,1.0,24,live_call,sha256:c6106fdef2f5315a3a5783f19fb80b9909e8105e398e3d7064aba15a5889179a,sha256:ed1f0768f3bf0f93604a0ec2937864c1530b701f443a5558bc04cbffade56765,
deepseek__deepseek_v4_pro__synthetic_jump_tail_c0_v0_3__c0__e0__seed_23__sample_1,deepseek,deepseek-v4-pro,synthetic_jump_tail_c0_v0_3,C0,E0,23,1,execute,direct-api,ok,0.0,0.0,0.0,0.0,0,0,48,1.0,1.0,24,live_call,sha256:aaf9b8829e875fbefe6c0057a62caff3f53a155b4d1880db2fc5ff73aaf9108f,sha256:05112fbfb9b2bf29915f0f1df84fb79f90908c390c5e3a08819ba38bbb9ff45e,
deepseek__deepseek_v4_pro__synthetic_jump_tail_c0_v0_3__c0__e1__seed_23__sample_1,deepseek,deepseek-v4-pro,synthetic_jump_tail_c0_v0_3,C0,E1,23,1,execute,direct-api,ok,0.0,0.0,0.0,0.0,0,0,48,1.0,1.0,24,live_call,sha256:03f1b172bdd3d71f10d2774ad3060f4fc882cee32d77e8c3bcc63d6def93735a,sha256:55087688d7a1879493a0017a5adfea207363d5dd8a9a61e081ef02f6d8bf7770,
deepseek__deepseek_v4_pro__synthetic_calm_trend_c0_v0_3__c0__e0__seed_23__sample_2,deepseek,deepseek-v4-pro,synthetic_calm_trend_c0_v0_3,C0,E0,23,2,execute,direct-api,ok,0.0,0.0,0.0,0.0,0,0,48,1.0,1.0,24,live_call,sha256:d3e923123e32848903d8248d31f3173dacd77d56eff95a90cc56e24aa7696c6f,sha256:94eb1e9267dcd85f1173cfcae6c2cc07dd36257d4abee1827a110c98464caedb,
deepseek__deepseek_v4_pro__synthetic_calm_trend_c0_v0_3__c0__e1__seed_23__sample_2,deepseek,deepseek-v4-pro,synthetic_calm_trend_c0_v0_3,C0,E1,23,2,execute,direct-api,ok,0.0,0.0,0.0,0.0,0,0,48,1.0,1.0,24,live_call,sha256:aa82158846e33a12137cab9d893464bf5c848857b9537b6bf7a7eb0f8d2bba8f,sha256:6831ca927388ffeedf21b3112d97b77565c5d1820e30a7b2cda3af4726dbf5aa,
deepseek__deepseek_v4_pro__synthetic_high_volatility_c0_v0_3__c0__e0__seed_23__sample_2,deepseek,deepseek-v4-pro,synthetic_high_volatility_c0_v0_3,C0,E0,23,2,execute,direct-api,ok,0.0,0.0,0.0,0.0,0,0,48,1.0,1.0,24,live_call,sha256:72f44ff4f87507ae5d2c3ed28010430d41ac10b5b348730df36381873eadcd6f,sha256:5194d2001c5abb77e862e8965526e1475bd5d702b14350147bc645713b52b6f0,
deepseek__deepseek_v4_pro__synthetic_high_volatility_c0_v0_3__c0__e1__seed_23__sample_2,deepseek,deepseek-v4-pro,synthetic_high_volatility_c0_v0_3,C0,E1,23,2,execute,direct-api,ok,0.0,0.0,0.0,0.0,0,0,48,1.0,1.0,24,live_call,sha256:91d46492a9731efd46419692fecf31c3ed3ea9b2c5072dd59b8e885bb7103e03,sha256:b1499285cdd93c01f0a05d05922c347418d1bfdc3455ba088b692e1b25ebff12,
deepseek__deepseek_v4_pro__synthetic_jump_tail_c0_v0_3__c0__e0__seed_23__sample_2,deepseek,deepseek-v4-pro,synthetic_jump_tail_c0_v0_3,C0,E0,23,2,execute,direct-api,ok,0.0,0.0,0.0,0.0,0,0,48,1.0,1.0,24,live_call,sha256:b208ac05268aba9431f5621fbb92d1f532527fdd2192153c49d086c94ec7873b,sha256:04fed779955f39e7f290a138412001d0359dd517e2e641a723c2694b29bac784,
deepseek__deepseek_v4_pro__synthetic_jump_tail_c0_v0_3__c0__e1__seed_23__sample_2,deepseek,deepseek-v4-pro,synthetic_jump_tail_c0_v0_3,C0,E1,23,2,execute,direct-api,ok,0.0,0.0,0.0,0.0,0,0,48,1.0,1.0,24,live_call,sha256:a342d3300c86cf5355533474d5b268655b23198af584a6691a62a9a870347e1a,sha256:b177a5883eb7c6d180da3f05f4457bcd0073338c5e037f24821cf0bce4694cea,
deepseek__deepseek_v4_pro__synthetic_calm_trend_c0_v0_3__c0__e0__seed_31__sample_0,deepseek,deepseek-v4-pro,synthetic_calm_trend_c0_v0_3,C0,E0,31,0,execute,direct-api,ok,0.0,0.0,0.0,0.0,0,0,48,1.0,1.0,24,live_call,sha256:8dd231e9028c2cf1b673fa53a2d5d5b419e2f882fb1b68bc399fe199df457658,sha256:bd01b97352d285efbcdf736ee8c3d55dbfed69174b7030a9fc82a13f5534d35a,
deepseek__deepseek_v4_pro__synthetic_calm_trend_c0_v0_3__c0__e1__seed_31__sample_0,deepseek,deepseek-v4-pro,synthetic_calm_trend_c0_v0_3,C0,E1,31,0,execute,direct-api,ok,0.0,0.0,0.0,0.0,0,0,48,1.0,1.0,24,live_call,sha256:94301da6b0a3c81aee8aa9b290cc4927654462b9d11f998d72e803b21090d78d,sha256:114debfbf8863958d5ae6b52b498c42b21d5589b8f8ca5aa9e6a77a329e29a4e,
deepseek__deepseek_v4_pro__synthetic_high_volatility_c0_v0_3__c0__e0__seed_31__sample_0,deepseek,deepseek-v4-pro,synthetic_high_volatility_c0_v0_3,C0,E0,31,0,execute,direct-api,ok,0.0,0.0,0.0,0.0,0,0,48,1.0,1.0,24,live_call,sha256:90c03ba0f84e72bb01a39c8fbccd9dab780f4e67a42f2351bdbe970647c17b7e,sha256:316e63418a03d0605ded59ab60eb39f1804ad18e8b69af06f1dfa424b4a2d10f,
deepseek__deepseek_v4_pro__synthetic_high_volatility_c0_v0_3__c0__e1__seed_31__sample_0,deepseek,deepseek-v4-pro,synthetic_high_volatility_c0_v0_3,C0,E1,31,0,execute,direct-api,ok,0.0,0.0,0.0,0.0,0,0,48,1.0,1.0,24,live_call,sha256:a1c86d8014b66e1a4b75b802b5284577e424c512f0934322fdac712e984c9036,sha256:8e8c3989169306ccaf23dc571b30e5648985a3f6f30a56c448b4cffacfe522eb,
deepseek__deepseek_v4_pro__synthetic_jump_tail_c0_v0_3__c0__e0__seed_31__sample_0,deepseek,deepseek-v4-pro,synthetic_jump_tail_c0_v0_3,C0,E0,31,0,execute,direct-api,ok,0.0,0.0,0.0,0.0,0,0,48,1.0,1.0,24,live_call,sha256:0267082725ad81675c201b06dd6d728a2f91d4a013136999f911657aeee0d91f,sha256:ddd4b49a481cf7b3eb391fe6c0ea2c9d23cfe282cabcf623e2bb1400f927eb93,
deepseek__deepseek_v4_pro__synthetic_jump_tail_c0_v0_3__c0__e1__seed_31__sample_0,deepseek,deepseek-v4-pro,synthetic_jump_tail_c0_v0_3,C0,E1,31,0,execute,direct-api,ok,0.0,0.0,0.0,0.0,0,0,48,1.0,1.0,24,live_call,sha256:423c10934cb6509e9f4b7282b938d4c0cbb59c9976f24c15fb248038b26d7c37,sha256:8adff2df55fbc605ac0d86192e932410b7d9ae36a6955698f6c6dab5670c59d1,
deepseek__deepseek_v4_pro__synthetic_calm_trend_c0_v0_3__c0__e0__seed_31__sample_1,deepseek,deepseek-v4-pro,synthetic_calm_trend_c0_v0_3,C0,E0,31,1,execute,direct-api,ok,0.0,0.0,0.0,0.0,0,0,48,1.0,1.0,24,live_call,sha256:60c68ebadc5ac26da3b7c7b2c6134598fec54dd66a918bb656b9f5bb54e8371b,sha256:3fb02a1c0841cf3f372796318a36fa865cb3afb8feb54f3aef9a9e8cc21dde42,
deepseek__deepseek_v4_pro__synthetic_calm_trend_c0_v0_3__c0__e1__seed_31__sample_1,deepseek,deepseek-v4-pro,synthetic_calm_trend_c0_v0_3,C0,E1,31,1,execute,direct-api,ok,0.0,0.0,0.0,0.0,0,0,48,1.0,1.0,24,live_call,sha256:702595255d0fc052519a572a1858badba345d4181b0bd93bbf9586fec3606535,sha256:93df945d2685e6ac1201cca5cf7095e4b7b8efdafd06320aaf574f8fadc91f08,
deepseek__deepseek_v4_pro__synthetic_high_volatility_c0_v0_3__c0__e0__seed_31__sample_1,deepseek,deepseek-v4-pro,synthetic_high_volatility_c0_v0_3,C0,E0,31,1,execute,direct-api,ok,0.0,0.0,0.0,0.0,0,0,48,1.0,1.0,24,live_call,sha256:386b8395e7b64d67d482b4139d0626205e06703eb9c17767e87b479c2d8ed2ca,sha256:b0c342b77f2e497512919c9a922d837250771fdb85d3aca164750c690f82d02d,
deepseek__deepseek_v4_pro__synthetic_high_volatility_c0_v0_3__c0__e1__seed_31__sample_1,deepseek,deepseek-v4-pro,synthetic_high_volatility_c0_v0_3,C0,E1,31,1,execute,direct-api,ok,0.0,0.0,0.0,0.0,0,0,48,1.0,1.0,24,live_call,sha256:09c51111802ce95001913859739a00c649c5e16d45a2fef19cd8c69f6dfb2f07,sha256:b834d2055985ef4d36e2c634eeffb407dd13e5a3155d058c87e485536388ce1b,
deepseek__deepseek_v4_pro__synthetic_jump_tail_c0_v0_3__c0__e0__seed_31__sample_1,deepseek,deepseek-v4-pro,synthetic_jump_tail_c0_v0_3,C0,E0,31,1,execute,direct-api,ok,0.0,0.0,0.0,0.0,0,0,48,1.0,1.0,24,live_call,sha256:4fa423b525d6bdfac71dd88eaecc6bb0c1ebb7d5ea77d0a0dcaabafcf18accff,sha256:f6fcbb91cfe9dc9db8548d936a17c40b6bdbce0b7bf417872e8dda94b2062ff1,
deepseek__deepseek_v4_pro__synthetic_jump_tail_c0_v0_3__c0__e1__seed_31__sample_1,deepseek,deepseek-v4-pro,synthetic_jump_tail_c0_v0_3,C0,E1,31,1,execute,direct-api,ok,0.0,0.0,0.0,0.0,0,0,48,1.0,1.0,24,live_call,sha256:7458b42cc4c1b832de6265244bf8286e05264ce595c723b71bad86a87c2cf290,sha256:aa888fc394d447ea0072e443ac507b90d972958d7865e563a3419ba08a969326,
deepseek__deepseek_v4_pro__synthetic_calm_trend_c0_v0_3__c0__e0__seed_31__sample_2,deepseek,deepseek-v4-pro,synthetic_calm_trend_c0_v0_3,C0,E0,31,2,execute,direct-api,ok,0.0,0.0,0.0,0.0,0,0,48,1.0,1.0,24,live_call,sha256:6017e2f84140979204de1d6361980f444a84bad14988117bcd83eb36eda16698,sha256:f1eab6a7e802b30cc5598d6d79e9b69701216e08b588cf19954c6716a83a6792,
deepseek__deepseek_v4_pro__synthetic_calm_trend_c0_v0_3__c0__e1__seed_31__sample_2,deepseek,deepseek-v4-pro,synthetic_calm_trend_c0_v0_3,C0,E1,31,2,execute,direct-api,ok,0.0,0.0,0.0,0.0,0,0,48,1.0,1.0,24,live_call,sha256:8357e4e4002029e2e8c930ab7ac0325e6c832f99468176abfa36ad609a9a1ad5,sha256:938059b65e46d3a34e32f0b5d36663109ccba472b9185c445d4922fa1983417d,
deepseek__deepseek_v4_pro__synthetic_high_volatility_c0_v0_3__c0__e0__seed_31__sample_2,deepseek,deepseek-v4-pro,synthetic_high_volatility_c0_v0_3,C0,E0,31,2,execute,direct-api,ok,0.0,0.0,0.0,0.0,0,0,48,1.0,1.0,24,live_call,sha256:f4d019e33d18f2e64f54efe809d1b0f4f633ddc7559da2857b9a7a0c550d102d,sha256:e99d8697790868d6e2e97a31451f97fd53efa2c54e4c7b4f83fef97b517626b7,
deepseek__deepseek_v4_pro__synthetic_high_volatility_c0_v0_3__c0__e1__seed_31__sample_2,deepseek,deepseek-v4-pro,synthetic_high_volatility_c0_v0_3,C0,E1,31,2,execute,direct-api,ok,0.0,0.0,0.0,0.0,0,0,48,1.0,1.0,24,live_call,sha256:57b8527abaf6eea0d13d9bc31431c836f3ee9525112e2a970c61aa80acf74749,sha256:694088bbf0323a7c5c323439339d869b8dd62c6c550484f8586de5b46fc40f48,
deepseek__deepseek_v4_pro__synthetic_jump_tail_c0_v0_3__c0__e0__seed_31__sample_2,deepseek,deepseek-v4-pro,synthetic_jump_tail_c0_v0_3,C0,E0,31,2,execute,direct-api,ok,0.0,0.0,0.0,0.0,0,0,48,1.0,1.0,24,live_call,sha256:f40d87f96aa2c4aa0398c082000005ae12b59a5cba1dc098c25191d097995900,sha256:77ff30410b4f5fdc9845681dfe620eb5f54920f24e5dfce1a872dbdd750ceefc,
deepseek__deepseek_v4_pro__synthetic_jump_tail_c0_v0_3__c0__e1__seed_31__sample_2,deepseek,deepseek-v4-pro,synthetic_jump_tail_c0_v0_3,C0,E1,31,2,execute,direct-api,ok,0.0,0.0,0.0,0.0,0,0,48,1.0,1.0,24,live_call,sha256:603762df5b8c0719e0eceba711e36b90287fa29abd9f094ed2826d9be15a5c79,sha256:2874121bd87fbbd8dfb56faa2877154c77b8b05be475e4e9494fa29fa1ab2825,
deepseek__deepseek_v4_pro__synthetic_calm_trend_c0_v0_3__c0__e0__seed_37__sample_0,deepseek,deepseek-v4-pro,synthetic_calm_trend_c0_v0_3,C0,E0,37,0,execute,direct-api,ok,0.0,0.0,0.0,0.0,0,0,48,1.0,1.0,24,live_call,sha256:53ec338c92b936aa021594a60ab4c46e4c0734b44135505bf62cce3f82046ef5,sha256:9fdb9d10b59d6fa5aad04c45f36cd3b2f7fb90cf2dd6a639012eb40cc6942ae3,
deepseek__deepseek_v4_pro__synthetic_calm_trend_c0_v0_3__c0__e1__seed_37__sample_0,deepseek,deepseek-v4-pro,synthetic_calm_trend_c0_v0_3,C0,E1,37,0,execute,direct-api,ok,0.0,0.0,0.0,0.0,0,0,48,1.0,1.0,24,live_call,sha256:3425296ceff1de6baffcb3b9fd61537cc3d28a985c434d3b7f334f63e306f423,sha256:44f29cd70a39dc951304e39f8bdd3730d24fc10c5a3e8b60a82682839c8bebd3,
deepseek__deepseek_v4_pro__synthetic_high_volatility_c0_v0_3__c0__e0__seed_37__sample_0,deepseek,deepseek-v4-pro,synthetic_high_volatility_c0_v0_3,C0,E0,37,0,execute,direct-api,ok,0.0,0.0,0.0,0.0,0,0,48,1.0,1.0,24,live_call,sha256:101af503d13042c806abafeffab282a4ff7ede8b9dd8407b8e3640d1e96303da,sha256:1a87e7a39991ecd4c66b2bbe429e637cdd1378ad1dfb1b6322fef4d2b06efbf1,
deepseek__deepseek_v4_pro__synthetic_high_volatility_c0_v0_3__c0__e1__seed_37__sample_0,deepseek,deepseek-v4-pro,synthetic_high_volatility_c0_v0_3,C0,E1,37,0,execute,direct-api,ok,0.0,0.0,0.0,0.0,0,0,48,1.0,1.0,24,live_call,sha256:622fa131fd8443fb8b144e82950aab53785cb61f9c0658a3ca994a45b5cabda2,sha256:d5c0ed01bf29c4c99e590df6113d2ba19d1d19646cad686565f21beebe9ee934,
deepseek__deepseek_v4_pro__synthetic_jump_tail_c0_v0_3__c0__e0__seed_37__sample_0,deepseek,deepseek-v4-pro,synthetic_jump_tail_c0_v0_3,C0,E0,37,0,execute,direct-api,ok,0.0,0.0,0.0,0.0,0,0,48,1.0,1.0,24,live_call,sha256:47723f3ea9e391cca90816036d4f46e37d05e0fca3cfa2995ca002d5209bf685,sha256:d61b6501627df0a4c2ae954e93018b6a9e6b1ec513d046c5e7040e6effb385f7,
deepseek__deepseek_v4_pro__synthetic_jump_tail_c0_v0_3__c0__e1__seed_37__sample_0,deepseek,deepseek-v4-pro,synthetic_jump_tail_c0_v0_3,C0,E1,37,0,execute,direct-api,ok,0.0,0.0,0.0,0.0,0,0,48,1.0,1.0,24,live_call,sha256:bbcb194a339daf32d4989815efc7dd1abff1d4a2de7521c228cb0a606c7c16cc,sha256:c2f75836818f37f1bc3e1b89e86c9148230d9f4b358067e19cede3082d47878f,
deepseek__deepseek_v4_pro__synthetic_calm_trend_c0_v0_3__c0__e0__seed_37__sample_1,deepseek,deepseek-v4-pro,synthetic_calm_trend_c0_v0_3,C0,E0,37,1,execute,direct-api,ok,0.0,0.0,0.0,0.0,0,0,48,1.0,1.0,24,live_call,sha256:f81e586860c6a53dfbc82dda036311adbfb1db8d0e2ebb89711a661cce7e7fa8,sha256:26163068da19609da720ac4b5dab2dd140bf0cbfa1343e221c3eeb92b6aaaa1e,
deepseek__deepseek_v4_pro__synthetic_calm_trend_c0_v0_3__c0__e1__seed_37__sample_1,deepseek,deepseek-v4-pro,synthetic_calm_trend_c0_v0_3,C0,E1,37,1,execute,direct-api,ok,0.0,0.0,0.0,0.0,0,0,48,1.0,1.0,24,live_call,sha256:c279ce85c6e25669d2a07aee80e8cbd13851b941e3f122e33e9fa0257e1f4da6,sha256:71cced066c8ad1ac52185507a94a63c1672c43599532f3b0caf179d4c766b603,
deepseek__deepseek_v4_pro__synthetic_high_volatility_c0_v0_3__c0__e0__seed_37__sample_1,deepseek,deepseek-v4-pro,synthetic_high_volatility_c0_v0_3,C0,E0,37,1,execute,direct-api,ok,0.0,0.0,0.0,0.0,0,0,48,1.0,1.0,24,live_call,sha256:abbed15911b34021a5619d6419e1e3bc1ee6945d1ae339802262782824a070c3,sha256:4f798a9b7f603a498e2db8cd13940ae2e884302e80ae0b6664aa57fb456ae38f,
deepseek__deepseek_v4_pro__synthetic_high_volatility_c0_v0_3__c0__e1__seed_37__sample_1,deepseek,deepseek-v4-pro,synthetic_high_volatility_c0_v0_3,C0,E1,37,1,execute,direct-api,ok,0.0,0.0,0.0,0.0,0,0,48,1.0,1.0,24,live_call,sha256:0a871bfb58854454b3eb4017de4079cea54ee92b1b559afe9a4b729c90de01cb,sha256:cf3f467d0c7d1000dca84509cc43dd634e0c3e8582a5258e6bec4ef0ff6ddb06,
deepseek__deepseek_v4_pro__synthetic_jump_tail_c0_v0_3__c0__e0__seed_37__sample_1,deepseek,deepseek-v4-pro,synthetic_jump_tail_c0_v0_3,C0,E0,37,1,execute,direct-api,ok,0.0,0.0,0.0,0.0,0,0,48,1.0,1.0,24,live_call,sha256:3bb3b5ffc24b96aa6b136bdee8c0686b01e9579532f6e28b6ebad2c68074a1f7,sha256:69d5457fef16d63fdb82cf7a12a83028bb61eeb22deeaec1e53ae728cbbc5461,
deepseek__deepseek_v4_pro__synthetic_jump_tail_c0_v0_3__c0__e1__seed_37__sample_1,deepseek,deepseek-v4-pro,synthetic_jump_tail_c0_v0_3,C0,E1,37,1,execute,direct-api,ok,0.0,0.0,0.0,0.0,0,0,48,1.0,1.0,24,live_call,sha256:9625162b00d425938301d9abc211cfec286cb8f415b0c608c1390dd68c3fe7bf,sha256:429cdfdb85fd88e2badcd67a37bd568659e3912b8e2fb02c539c82e0700a0a74,
deepseek__deepseek_v4_pro__synthetic_calm_trend_c0_v0_3__c0__e0__seed_37__sample_2,deepseek,deepseek-v4-pro,synthetic_calm_trend_c0_v0_3,C0,E0,37,2,execute,direct-api,ok,0.0,0.0,0.0,0.0,0,0,48,1.0,1.0,24,live_call,sha256:b78bf8461483ac7fd310898b36b591e7be8df9849d4602a9a118a4ecf3f24888,sha256:2d83a6bd256f3d1ca92f0183b268bc50e1202bd59802e327e30a4bacae4f4864,
deepseek__deepseek_v4_pro__synthetic_calm_trend_c0_v0_3__c0__e1__seed_37__sample_2,deepseek,deepseek-v4-pro,synthetic_calm_trend_c0_v0_3,C0,E1,37,2,execute,direct-api,ok,0.0,0.0,0.0,0.0,0,0,48,1.0,1.0,24,live_call,sha256:6d4626022e92dedd8e51fb00f6cf38ed7b8421473efc9494e0534acfd7209dd2,sha256:1bcd43d1a42030d3e7e5abeb812f2cfe047d627421483c68b282b708410a2b43,
deepseek__deepseek_v4_pro__synthetic_high_volatility_c0_v0_3__c0__e0__seed_37__sample_2,deepseek,deepseek-v4-pro,synthetic_high_volatility_c0_v0_3,C0,E0,37,2,execute,direct-api,ok,0.0,0.0,0.0,0.0,0,0,48,1.0,1.0,24,live_call,sha256:0dc818bf7a1db06988020574b43cba2384c177e8aaca9389ffa438a696844898,sha256:2fc6714a7a6d56dd97771cf0a7050b14e63d4bc7655ecc3807d96d59ef61a338,
deepseek__deepseek_v4_pro__synthetic_high_volatility_c0_v0_3__c0__e1__seed_37__sample_2,deepseek,deepseek-v4-pro,synthetic_high_volatility_c0_v0_3,C0,E1,37,2,execute,direct-api,ok,0.0,0.0,0.0,0.0,0,0,48,1.0,1.0,24,live_call,sha256:e7d0ea2e6e774ed78c9ba329d1000c7f6fef260f198b6f71665df3a035442c98,sha256:3bc63125033c7901ade3be86d3af8bce0678b93c43fc2af9a7973270cafa06e5,
deepseek__deepseek_v4_pro__synthetic_jump_tail_c0_v0_3__c0__e0__seed_37__sample_2,deepseek,deepseek-v4-pro,synthetic_jump_tail_c0_v0_3,C0,E0,37,2,execute,direct-api,ok,0.0,0.0,0.0,0.0,0,0,48,1.0,1.0,24,live_call,sha256:a6d4f2b810b28e83e1ecf3eaa144897395da668b46edfc3012b1262cf3d032c1,sha256:a73aa01eecc8189c094362d1de206736a366da61d3b5d834320237f9c86d0fff,
deepseek__deepseek_v4_pro__synthetic_jump_tail_c0_v0_3__c0__e1__seed_37__sample_2,deepseek,deepseek-v4-pro,synthetic_jump_tail_c0_v0_3,C0,E1,37,2,execute,direct-api,ok,0.0,0.0,0.0,0.0,0,0,48,1.0,1.0,24,live_call,sha256:b19c853af119b6fab0adfe7f39744b3b4dbb51d2813fe2243e5a964fab35333c,sha256:df142493cf712f8af2f8560ef94c37acdb9063894637e0ba444a25a08707db97,
deepseek__deepseek_v4_pro__synthetic_calm_trend_c0_v0_3__c0__e0__seed_41__sample_0,deepseek,deepseek-v4-pro,synthetic_calm_trend_c0_v0_3,C0,E0,41,0,execute,direct-api,ok,0.0,0.0,0.0,0.0,0,0,48,1.0,1.0,24,live_call,sha256:674fce321d96b395c338d5ae4b06e3489c780f16f839de893f00e4ded5fab0ec,sha256:1a5507ce0294e1c194a125c5b393e5e22636615bfcbbddd98fd08afc9189bc4f,
deepseek__deepseek_v4_pro__synthetic_calm_trend_c0_v0_3__c0__e1__seed_41__sample_0,deepseek,deepseek-v4-pro,synthetic_calm_trend_c0_v0_3,C0,E1,41,0,execute,direct-api,ok,0.0,0.0,0.0,0.0,0,0,48,1.0,1.0,24,live_call,sha256:a798a333c29b95df043b9537108783abfdd78ac103b37ccfbfc5c0031221fb68,sha256:f1865f97c149f54cbbd681c2cec900f93c6662b5289154b543ac9ea6a5a9d875,
deepseek__deepseek_v4_pro__synthetic_high_volatility_c0_v0_3__c0__e0__seed_41__sample_0,deepseek,deepseek-v4-pro,synthetic_high_volatility_c0_v0_3,C0,E0,41,0,execute,direct-api,ok,0.0,0.0,0.0,0.0,0,0,48,1.0,1.0,24,live_call,sha256:22c5fc0b336f1a629244a1d5a08fcbcac0551ff7dc7c2ca81a3a7b949ec6bfea,sha256:6e6650dcde710dc0c067c9151c44a06f63f732affe2195f8bd45357efccef519,
deepseek__deepseek_v4_pro__synthetic_high_volatility_c0_v0_3__c0__e1__seed_41__sample_0,deepseek,deepseek-v4-pro,synthetic_high_volatility_c0_v0_3,C0,E1,41,0,execute,direct-api,ok,0.0,0.0,0.0,0.0,0,0,48,1.0,1.0,24,live_call,sha256:4cf95044632fa7c7b5abecbb6552e3e3ff43cb800bcc921a58212c6332c6a707,sha256:ebcccd6ac30f7b74caf8d3c59a95d5fa97f604d19cfc175ca9326cb9923405b5,
deepseek__deepseek_v4_pro__synthetic_jump_tail_c0_v0_3__c0__e0__seed_41__sample_0,deepseek,deepseek-v4-pro,synthetic_jump_tail_c0_v0_3,C0,E0,41,0,execute,direct-api,ok,0.0,0.0,0.0,0.0,0,0,48,1.0,1.0,24,live_call,sha256:125a7ef4fd554148a2d823c3ba49a19ef32470c4c9ef7d10e1ffb63e7bc81236,sha256:d6511aa8082c43b82c2365e276d1ea8d586bf390b7c9c56f37eff961d6cc5843,
deepseek__deepseek_v4_pro__synthetic_jump_tail_c0_v0_3__c0__e1__seed_41__sample_0,deepseek,deepseek-v4-pro,synthetic_jump_tail_c0_v0_3,C0,E1,41,0,execute,direct-api,ok,0.0,0.0,0.0,0.0,0,0,48,1.0,1.0,24,live_call,sha256:6e807c70231e617f83a0b500c48b95a8f6a7386e02345ca9138121b5818d4b8b,sha256:f625b1e8351325ee6b3baf64f1812e64e8859dffa7c68fd9df308027cfc3455b,
deepseek__deepseek_v4_pro__synthetic_calm_trend_c0_v0_3__c0__e0__seed_41__sample_1,deepseek,deepseek-v4-pro,synthetic_calm_trend_c0_v0_3,C0,E0,41,1,execute,direct-api,ok,0.0,0.0,0.0,0.0,0,0,48,1.0,1.0,24,live_call,sha256:7ebc3b7808566e84318ca845bc27c392f239fa271f6865b8446c07a42479fd7b,sha256:ad3128166017d50376ae26ae902571add227c3c29af0de839087bfa7a24b619f,
deepseek__deepseek_v4_pro__synthetic_calm_trend_c0_v0_3__c0__e1__seed_41__sample_1,deepseek,deepseek-v4-pro,synthetic_calm_trend_c0_v0_3,C0,E1,41,1,execute,direct-api,ok,0.0,0.0,0.0,0.0,0,0,48,1.0,1.0,24,live_call,sha256:7610b514467c6f087b85e4a0c81c07755828e607ae0f7f0ca8a9f540b660ebfb,sha256:5addd53ff990ebef597b1906fa5f5c39ec4ad6a002837b7a8c2c8d3cab0ec8d8,
deepseek__deepseek_v4_pro__synthetic_high_volatility_c0_v0_3__c0__e0__seed_41__sample_1,deepseek,deepseek-v4-pro,synthetic_high_volatility_c0_v0_3,C0,E0,41,1,execute,direct-api,ok,0.0,0.0,0.0,0.0,0,0,48,1.0,1.0,24,live_call,sha256:a1c6542a3e978ecdecbbd9b4ee1ca0485b58d9f09ed1bb4836bd12438bbc6126,sha256:6bc0fdee7319b34607f260911ce050c4c37e39d0db0c3f962ebf0a342eba787d,
deepseek__deepseek_v4_pro__synthetic_high_volatility_c0_v0_3__c0__e1__seed_41__sample_1,deepseek,deepseek-v4-pro,synthetic_high_volatility_c0_v0_3,C0,E1,41,1,execute,direct-api,ok,0.0,0.0,0.0,0.0,0,0,48,1.0,1.0,24,live_call,sha256:78bfbbe3b337311229887f943baf09cf2f8cc287922044a65601429b169e08ed,sha256:cfbfd1d285874413cf5193bfcf96b0b9fa12d1ab2d20dc7da9ed2716d3f4c2ce,
deepseek__deepseek_v4_pro__synthetic_jump_tail_c0_v0_3__c0__e0__seed_41__sample_1,deepseek,deepseek-v4-pro,synthetic_jump_tail_c0_v0_3,C0,E0,41,1,execute,direct-api,ok,0.0,0.0,0.0,0.0,0,0,48,1.0,1.0,24,live_call,sha256:9a51e27819463cd8a5fe1323c710988f98fd6bf99d672ceb036756f03a05a5ff,sha256:79427d2ee153353bbfae4b65c146cc32e5a421b390d93116f2f7b0d699d6a027,
deepseek__deepseek_v4_pro__synthetic_jump_tail_c0_v0_3__c0__e1__seed_41__sample_1,deepseek,deepseek-v4-pro,synthetic_jump_tail_c0_v0_3,C0,E1,41,1,execute,direct-api,ok,0.0,0.0,0.0,0.0,0,0,48,1.0,1.0,24,live_call,sha256:f88aa2043de1fe825457270ebc91c00cf712be6b06cbd4077fcfef762cc3b3a2,sha256:4f7d16b0a91e6786d2aca007cdc61ca9284037a9076892d5ed433c8e1624f180,
deepseek__deepseek_v4_pro__synthetic_calm_trend_c0_v0_3__c0__e0__seed_41__sample_2,deepseek,deepseek-v4-pro,synthetic_calm_trend_c0_v0_3,C0,E0,41,2,execute,direct-api,ok,0.0,0.0,0.0,0.0,0,0,48,1.0,1.0,24,live_call,sha256:9bf5169bff5eb674d42e487f5ceeef1444c7bd7797b60a0dff84b7dfdb7e4094,sha256:074c4d0c05140443f5c6ecc412246771629c00715dad7c971bea8190193941e4,
deepseek__deepseek_v4_pro__synthetic_calm_trend_c0_v0_3__c0__e1__seed_41__sample_2,deepseek,deepseek-v4-pro,synthetic_calm_trend_c0_v0_3,C0,E1,41,2,execute,direct-api,ok,0.0,0.0,0.0,0.0,0,0,48,1.0,1.0,24,live_call,sha256:7f0725ce1c7dd8e530a53233ccff4349ae91c3ef76c09008316a89d2473da51e,sha256:721f28653424b97d58e1e90882d33400a8ef40a7a66b64fb9d0b01034917c90f,
deepseek__deepseek_v4_pro__synthetic_high_volatility_c0_v0_3__c0__e0__seed_41__sample_2,deepseek,deepseek-v4-pro,synthetic_high_volatility_c0_v0_3,C0,E0,41,2,execute,direct-api,ok,0.0,0.0,0.0,0.0,0,0,48,1.0,1.0,24,live_call,sha256:de85854e197ac144f9d8a9f13a4104d5afcb9caebc55435021aaaee8d859e5ec,sha256:13a32386a9c31757c9d56b6a0aef93dcdb2a09f4c47092fa0846ec4f2fbfa17e,
deepseek__deepseek_v4_pro__synthetic_high_volatility_c0_v0_3__c0__e1__seed_41__sample_2,deepseek,deepseek-v4-pro,synthetic_high_volatility_c0_v0_3,C0,E1,41,2,execute,direct-api,ok,0.0,0.0,0.0,0.0,0,0,48,1.0,1.0,24,live_call,sha256:1b76958537aee3a9e7e49416eded76c392b5ecf490441f32bc273b3da4b606f6,sha256:c2fd90c6ae8a451f66b3b97893358d34f9174f0db6f86daf8d150d34eee7a334,
deepseek__deepseek_v4_pro__synthetic_jump_tail_c0_v0_3__c0__e0__seed_41__sample_2,deepseek,deepseek-v4-pro,synthetic_jump_tail_c0_v0_3,C0,E0,41,2,execute,direct-api,ok,0.0,0.0,0.0,0.0,0,0,48,1.0,1.0,24,live_call,sha256:e11f45e65b2eea778efad5e10ba3598a316e21acb71bd8258a520a3358dd4110,sha256:b7c3b40cbf07b6d7ec77aa67a23090bbc4a9fad9d10939535bb02c66c64455a2,
deepseek__deepseek_v4_pro__synthetic_jump_tail_c0_v0_3__c0__e1__seed_41__sample_2,deepseek,deepseek-v4-pro,synthetic_jump_tail_c0_v0_3,C0,E1,41,2,execute,direct-api,ok,0.0,0.0,0.0,0.0,0,0,48,1.0,1.0,24,live_call,sha256:9391f91467875960e3011ec38f6ff2da3f1af8024af0f5eae34566ed2740ad6e,sha256:5a656e8a59c92c8cf4d304c9203978aa33f403ae52aa89b8ab4dc30ae99d67a3,
deepseek__deepseek_v4_pro__synthetic_calm_trend_c0_v0_3__c0__e0__seed_43__sample_0,deepseek,deepseek-v4-pro,synthetic_calm_trend_c0_v0_3,C0,E0,43,0,execute,direct-api,ok,0.0,0.0,0.0,0.0,0,0,48,1.0,1.0,24,live_call,sha256:4b0247d3757827a2b29025ed048910fb794f02a23457c233479cbca560932019,sha256:1f871f3b8ed6aae77c2fd509abcdd1922321e9b23228ae3a9dd054f49d742018,
deepseek__deepseek_v4_pro__synthetic_calm_trend_c0_v0_3__c0__e1__seed_43__sample_0,deepseek,deepseek-v4-pro,synthetic_calm_trend_c0_v0_3,C0,E1,43,0,execute,direct-api,ok,0.0,0.0,0.0,0.0,0,0,48,1.0,1.0,24,live_call,sha256:4579199b90ad62c0ec6df8e71f82043a2aa1104ca42231ddec07d035c3422508,sha256:9cfbc24d4a3223fead56deaad079da517fd37d04bbf7dd120b3397fd06e676b1,
deepseek__deepseek_v4_pro__synthetic_high_volatility_c0_v0_3__c0__e0__seed_43__sample_0,deepseek,deepseek-v4-pro,synthetic_high_volatility_c0_v0_3,C0,E0,43,0,execute,direct-api,ok,0.0,0.0,0.0,0.0,0,0,48,1.0,1.0,24,live_call,sha256:67e71bf82547d3193aa11c8f1fcbd32403b1a4091022ca9b8590a26c75214b57,sha256:fadcff622a67b2926c638f536ef8f2e1771d6523ec3ecbc658db7fa056c588ad,
deepseek__deepseek_v4_pro__synthetic_high_volatility_c0_v0_3__c0__e1__seed_43__sample_0,deepseek,deepseek-v4-pro,synthetic_high_volatility_c0_v0_3,C0,E1,43,0,execute,direct-api,ok,0.0,0.0,0.0,0.0,0,0,48,1.0,1.0,24,live_call,sha256:72b9a25c91723f5272cd96d10d55c9e3c0b62dc701879a1a3dffa4e41a70e3cf,sha256:098bca71f037e5a9bcaf99a98fcd91babdbae2c0038ce916f73f363efceb289e,
deepseek__deepseek_v4_pro__synthetic_jump_tail_c0_v0_3__c0__e0__seed_43__sample_0,deepseek,deepseek-v4-pro,synthetic_jump_tail_c0_v0_3,C0,E0,43,0,execute,direct-api,ok,0.0,0.0,0.0,0.0,0,0,48,1.0,1.0,24,live_call,sha256:6500cdbb7e4f03fb8b3f31d4f4fbc211273c4d23549b6b3449c091d133a17bbf,sha256:a7487a57622fcf257497907880411ee1455c821c449edfb0a68797d3a5ac5afc,
deepseek__deepseek_v4_pro__synthetic_jump_tail_c0_v0_3__c0__e1__seed_43__sample_0,deepseek,deepseek-v4-pro,synthetic_jump_tail_c0_v0_3,C0,E1,43,0,execute,direct-api,ok,0.0,0.0,0.0,0.0,0,0,48,1.0,1.0,24,live_call,sha256:8f7a70f78cad7543699b46872d8fba42e92f50b882d4f8a4e21d284ab9becfeb,sha256:c721dcfdbda53e0454bb29e0b5fefb38ee89b0846227b15bb326d4faa279ef48,
deepseek__deepseek_v4_pro__synthetic_calm_trend_c0_v0_3__c0__e0__seed_43__sample_1,deepseek,deepseek-v4-pro,synthetic_calm_trend_c0_v0_3,C0,E0,43,1,execute,direct-api,ok,0.0,0.0,0.0,0.0,0,0,48,1.0,1.0,24,live_call,sha256:44b008858590de02ac99a37f0eca0ceb923422ed418190faa80555f65faaf5b4,sha256:86facc1c6c4042c520a4786369952e314a8b0c563eecccd85553e02c5580cfd5,
deepseek__deepseek_v4_pro__synthetic_calm_trend_c0_v0_3__c0__e1__seed_43__sample_1,deepseek,deepseek-v4-pro,synthetic_calm_trend_c0_v0_3,C0,E1,43,1,execute,direct-api,ok,0.0,0.0,0.0,0.0,0,0,48,1.0,1.0,24,live_call,sha256:25abd5a7ee91dd7b44a0da7045e9ee79482d17ee34cb891290f6912bb710da7d,sha256:7dc1f3578040cf3eeec28374a3469950b0271568f36c28ee193688941dc3e1df,
deepseek__deepseek_v4_pro__synthetic_high_volatility_c0_v0_3__c0__e0__seed_43__sample_1,deepseek,deepseek-v4-pro,synthetic_high_volatility_c0_v0_3,C0,E0,43,1,execute,direct-api,ok,0.0,0.0,0.0,0.0,0,0,48,1.0,1.0,24,live_call,sha256:e63d2028f73f575f31b2a3a748748199e5b432aeadee841791a7dfa421f9fe1a,sha256:7f5e6c5fb379edba12fda4a2230ada3a9f0197edcb39259951ec25d5a607ad2f,
deepseek__deepseek_v4_pro__synthetic_high_volatility_c0_v0_3__c0__e1__seed_43__sample_1,deepseek,deepseek-v4-pro,synthetic_high_volatility_c0_v0_3,C0,E1,43,1,execute,direct-api,ok,0.0,0.0,0.0,0.0,0,0,48,1.0,1.0,24,live_call,sha256:757b38ebb8d46242165284d7b021740def6d583845872f6f6f477cda9be1d420,sha256:05cee8c284709ea294ba046a2e2263a9420fe8ff90d2990fd95aa50dc24bdb70,
deepseek__deepseek_v4_pro__synthetic_jump_tail_c0_v0_3__c0__e0__seed_43__sample_1,deepseek,deepseek-v4-pro,synthetic_jump_tail_c0_v0_3,C0,E0,43,1,execute,direct-api,ok,0.0,0.0,0.0,0.0,0,0,48,1.0,1.0,24,live_call,sha256:da4f1dad0acee39d35b4d738707f116d290a2551009e6bf41d2d4871889db48a,sha256:e86a5a99289ce4fb597085898b347159b2ca54be69a7558ac27e3abefb57bcbc,
deepseek__deepseek_v4_pro__synthetic_jump_tail_c0_v0_3__c0__e1__seed_43__sample_1,deepseek,deepseek-v4-pro,synthetic_jump_tail_c0_v0_3,C0,E1,43,1,execute,direct-api,ok,0.0,0.0,0.0,0.0,0,0,48,1.0,1.0,24,live_call,sha256:4bdb935e141e2205f4d3a79bb8d1acf3425b8a5c2447deabd03e2f950870090b,sha256:a08317da2f0d81881889a5c954da5ca6a68ee1e1f28483850c05bd2f9a30613c,
deepseek__deepseek_v4_pro__synthetic_calm_trend_c0_v0_3__c0__e0__seed_43__sample_2,deepseek,deepseek-v4-pro,synthetic_calm_trend_c0_v0_3,C0,E0,43,2,execute,direct-api,ok,0.0,0.0,0.0,0.0,0,0,48,1.0,1.0,24,live_call,sha256:f8593f5e67b10a4a836df616f8eb5569b802b34a266c02bf89f20781a724148f,sha256:5422e0bdf4e643c484265ef01905745b7aa0f36cee996eff2201f73789e072e0,
deepseek__deepseek_v4_pro__synthetic_calm_trend_c0_v0_3__c0__e1__seed_43__sample_2,deepseek,deepseek-v4-pro,synthetic_calm_trend_c0_v0_3,C0,E1,43,2,execute,direct-api,ok,0.0,0.0,0.0,0.0,0,0,48,1.0,1.0,24,live_call,sha256:1589468b17d355c09b417a3753cf772cacfbbeb6768de5725e1b3e1c1cc80b5a,sha256:58568a69f2b295838307581ef9bd93ba5ca2ad6e4312519b7980fe34a9c30dcc,
deepseek__deepseek_v4_pro__synthetic_high_volatility_c0_v0_3__c0__e0__seed_43__sample_2,deepseek,deepseek-v4-pro,synthetic_high_volatility_c0_v0_3,C0,E0,43,2,execute,direct-api,ok,0.0,0.0,0.0,0.0,0,0,48,1.0,1.0,24,live_call,sha256:1769d0487e478d3426ddd48c394b3c3619cea6f866023a4ac426df7768e6656b,sha256:70bdc4f9fb66a831349b6a912f532985b87344f572d062d006e22f4965ff7851,
deepseek__deepseek_v4_pro__synthetic_high_volatility_c0_v0_3__c0__e1__seed_43__sample_2,deepseek,deepseek-v4-pro,synthetic_high_volatility_c0_v0_3,C0,E1,43,2,execute,direct-api,ok,0.0,0.0,0.0,0.0,0,0,48,1.0,1.0,24,live_call,sha256:dbefbb4704f77b88aa2d44da64562549522d3aa19df724bee42dbb5a23de9ec8,sha256:76676e7749d9ce5a83a90c5f73a0afb0866eeda1675565aa606dbeb86cd00814,
deepseek__deepseek_v4_pro__synthetic_jump_tail_c0_v0_3__c0__e0__seed_43__sample_2,deepseek,deepseek-v4-pro,synthetic_jump_tail_c0_v0_3,C0,E0,43,2,execute,direct-api,ok,0.0,0.0,0.0,0.0,0,0,48,1.0,1.0,24,live_call,sha256:ab9fa5967a3873a41c78148fd6235d313b76bdab8873e39024b0ddd8b6c42943,sha256:0954d69c4e8b8df01eaa9cc02dd6c9d946ab4ee4ea747e21bc99fdb839a2ee46,
deepseek__deepseek_v4_pro__synthetic_jump_tail_c0_v0_3__c0__e1__seed_43__sample_2,deepseek,deepseek-v4-pro,synthetic_jump_tail_c0_v0_3,C0,E1,43,2,execute,direct-api,ok,0.0,0.0,0.0,0.0,0,0,48,1.0,1.0,24,live_call,sha256:0ec71457dc7514993e0b09e3c920c74328eff92acf714f7e81f97a793c99d5ca,sha256:9f9afb3804e1e24de45dbf577a1c0c3b56177794e88553ff3110619c1ed1fd9a,
deepseek__deepseek_v4_pro__synthetic_calm_trend_c0_v0_3__c0__e0__seed_47__sample_0,deepseek,deepseek-v4-pro,synthetic_calm_trend_c0_v0_3,C0,E0,47,0,execute,direct-api,ok,0.0,0.0,0.0,0.0,0,0,48,1.0,1.0,24,live_call,sha256:3b6d7ba7813a19b92e6192f9d9e511e27840781b20ccd4c3e47ca70c287a181f,sha256:ef27ff09b96403814093cff4ff55edddee9fff819b3b86bcdc61a6a3a5d63b6d,
deepseek__deepseek_v4_pro__synthetic_calm_trend_c0_v0_3__c0__e1__seed_47__sample_0,deepseek,deepseek-v4-pro,synthetic_calm_trend_c0_v0_3,C0,E1,47,0,execute,direct-api,ok,0.0,0.0,0.0,0.0,0,0,48,1.0,1.0,24,live_call,sha256:69a58ecd6543db580591d2209cb56aa48bea0bd38c678697c3a32ef95dde7c08,sha256:c243603d8493142c3501653858513ea406d69ff0aba48d7f2b68f7856d31a2e3,
deepseek__deepseek_v4_pro__synthetic_high_volatility_c0_v0_3__c0__e0__seed_47__sample_0,deepseek,deepseek-v4-pro,synthetic_high_volatility_c0_v0_3,C0,E0,47,0,execute,direct-api,ok,0.0,0.0,0.0,0.0,0,0,48,1.0,1.0,24,live_call,sha256:15b88e1524548d27cdfacaa73a1a9b55a471c9f2fa674264887aed47776737ad,sha256:f2a69cc0d7b52cc2c85657a1eb25aefdf599db241e679d0ad29f7a4c96e204bb,
deepseek__deepseek_v4_pro__synthetic_high_volatility_c0_v0_3__c0__e1__seed_47__sample_0,deepseek,deepseek-v4-pro,synthetic_high_volatility_c0_v0_3,C0,E1,47,0,execute,direct-api,ok,0.0,0.0,0.0,0.0,0,0,48,1.0,1.0,24,live_call,sha256:6d4a3da26f0047f8ed9ec58bbcba5dcb4a5d8022058509b0743d7f8b8cedba04,sha256:fdb4d37858f4021edc5c23bf38f2b90b3b4f8875b930a9319ce7fb68e495680d,
deepseek__deepseek_v4_pro__synthetic_jump_tail_c0_v0_3__c0__e0__seed_47__sample_0,deepseek,deepseek-v4-pro,synthetic_jump_tail_c0_v0_3,C0,E0,47,0,execute,direct-api,ok,0.0,0.0,0.0,0.0,0,0,48,1.0,1.0,24,live_call,sha256:50d8466f86bebea2b7364d0805d39d541a40de6a110cb21989dadfaf22f7c352,sha256:58369062a68041f0cc511c83456a1f514466255b37dfb0128ef78b807afd66da,
deepseek__deepseek_v4_pro__synthetic_jump_tail_c0_v0_3__c0__e1__seed_47__sample_0,deepseek,deepseek-v4-pro,synthetic_jump_tail_c0_v0_3,C0,E1,47,0,execute,direct-api,ok,0.0,0.0,0.0,0.0,0,0,48,1.0,1.0,24,live_call,sha256:300e8b139d45a9539f24c411c0483829a82c2c607d49941721a4e64e0331be11,sha256:34dbaa7366c5c0e2e6ab1d3c885228b9c8c3c172226d5296db58aa7aae96d5c6,
deepseek__deepseek_v4_pro__synthetic_calm_trend_c0_v0_3__c0__e0__seed_47__sample_1,deepseek,deepseek-v4-pro,synthetic_calm_trend_c0_v0_3,C0,E0,47,1,execute,direct-api,ok,0.0,0.0,0.0,0.0,0,0,48,1.0,1.0,24,live_call,sha256:27031b23377e53c7f43716153e31284a5574cc0aee0e0cd39f4550cc378c0c75,sha256:285ea45743e8eb9c5c23b89994161c99c590b65b499bd7ecb465e8a268bd9f8c,
deepseek__deepseek_v4_pro__synthetic_calm_trend_c0_v0_3__c0__e1__seed_47__sample_1,deepseek,deepseek-v4-pro,synthetic_calm_trend_c0_v0_3,C0,E1,47,1,execute,direct-api,ok,0.0,0.0,0.0,0.0,0,0,48,1.0,1.0,24,live_call,sha256:32fc3a48f91f326aee74e539faa7d5ff69dd07bafacfcf0d11a38b982130d9b0,sha256:a1883f3be2493c096b8eb6fb95eca1cb6d9d7fa5ae3d6d30b4662e357ca3106b,
deepseek__deepseek_v4_pro__synthetic_high_volatility_c0_v0_3__c0__e0__seed_47__sample_1,deepseek,deepseek-v4-pro,synthetic_high_volatility_c0_v0_3,C0,E0,47,1,execute,direct-api,ok,0.0,0.0,0.0,0.0,0,0,48,1.0,1.0,24,live_call,sha256:0d2d9f201b55ad9d728bc4596e4847bf5aceb027a715f70ba2a64c1e068469b9,sha256:8a6060eb6438dcb05b7a4b7d8cad6119d3ef9dcbb37af8e825acc43c7e745ad4,
deepseek__deepseek_v4_pro__synthetic_high_volatility_c0_v0_3__c0__e1__seed_47__sample_1,deepseek,deepseek-v4-pro,synthetic_high_volatility_c0_v0_3,C0,E1,47,1,execute,direct-api,ok,0.0,0.0,0.0,0.0,0,0,48,1.0,1.0,24,live_call,sha256:fdc5f1bcc374fa696bdcba32bd742ca346c55d3ffcb4f5a93cb8626a401fcdae,sha256:45192364fae35536dd48f16a5ea9d5fc63670054028347521d45767822bf0228,
deepseek__deepseek_v4_pro__synthetic_jump_tail_c0_v0_3__c0__e0__seed_47__sample_1,deepseek,deepseek-v4-pro,synthetic_jump_tail_c0_v0_3,C0,E0,47,1,execute,direct-api,ok,0.0,0.0,0.0,0.0,0,0,48,1.0,1.0,24,live_call,sha256:ca8cc2b2b309b1b7e7d1cc975b9696842f23832afe337fdf046222075552ff72,sha256:c94f01a3b5c88838a4ae50220d9a78d4efe3173ccba4108edfa1ee55f6a456b5,
deepseek__deepseek_v4_pro__synthetic_jump_tail_c0_v0_3__c0__e1__seed_47__sample_1,deepseek,deepseek-v4-pro,synthetic_jump_tail_c0_v0_3,C0,E1,47,1,execute,direct-api,ok,0.0,0.0,0.0,0.0,0,0,48,1.0,1.0,24,live_call,sha256:7814328c37f508e59aa688c762bdd2d5af0f0ba0be242e2f26be3987844ffd03,sha256:653cb2d06e5e655ad0cab6406a00d1bccd3aea271ef6853c38133ba0f68631ef,
deepseek__deepseek_v4_pro__synthetic_calm_trend_c0_v0_3__c0__e0__seed_47__sample_2,deepseek,deepseek-v4-pro,synthetic_calm_trend_c0_v0_3,C0,E0,47,2,execute,direct-api,ok,0.0,0.0,0.0,0.0,0,0,48,1.0,1.0,24,live_call,sha256:04ca8e058917593a3af1f299ecdb2f69457ad03e9a3c19842f4b39b1739524f9,sha256:72329a27b5ff8befb5ae50fd399dd9119bb6528b497566791e407b6f8d295682,
deepseek__deepseek_v4_pro__synthetic_calm_trend_c0_v0_3__c0__e1__seed_47__sample_2,deepseek,deepseek-v4-pro,synthetic_calm_trend_c0_v0_3,C0,E1,47,2,execute,direct-api,ok,0.0,0.0,0.0,0.0,0,0,48,1.0,1.0,24,live_call,sha256:b7d2bc388356d5b748f35333cb0ea615dbb1ecbe303d6c4411334fa6a74ed81d,sha256:0eb37842322aaedd117e902ce6a699e6bba0d564a3ceed282c24d35df91948c4,
deepseek__deepseek_v4_pro__synthetic_high_volatility_c0_v0_3__c0__e0__seed_47__sample_2,deepseek,deepseek-v4-pro,synthetic_high_volatility_c0_v0_3,C0,E0,47,2,execute,direct-api,ok,0.0,0.0,0.0,0.0,0,0,48,1.0,1.0,24,live_call,sha256:23c942ebf772661d9b50f380a378e5dff89d726fe3ef534a70a5780f480557ce,sha256:09db8eb6372e82b291a190146b1b75b8533d7c510b8a32b0ea0a09a793c04215,
deepseek__deepseek_v4_pro__synthetic_high_volatility_c0_v0_3__c0__e1__seed_47__sample_2,deepseek,deepseek-v4-pro,synthetic_high_volatility_c0_v0_3,C0,E1,47,2,execute,direct-api,ok,0.0,0.0,0.0,0.0,0,0,48,1.0,1.0,24,live_call,sha256:9076d75ba4da00445e73a4d6e5cb42c883972c8b06009447903d016a00245c07,sha256:0022281348b8df98825a9c7311ef71e5b43950c7c4400a1a668448c7f5987dca,
deepseek__deepseek_v4_pro__synthetic_jump_tail_c0_v0_3__c0__e0__seed_47__sample_2,deepseek,deepseek-v4-pro,synthetic_jump_tail_c0_v0_3,C0,E0,47,2,execute,direct-api,ok,0.0,0.0,0.0,0.0,0,0,48,1.0,1.0,24,live_call,sha256:de7ccf255be0c155fbbf4e9c20bc05555ff9699834061c4ef89cbdf9f3be4ae9,sha256:c9bc59ade2c1dc57a69b55aad5cb0567adf95f90d1dd878e083be2dd2cd6f94f,
deepseek__deepseek_v4_pro__synthetic_jump_tail_c0_v0_3__c0__e1__seed_47__sample_2,deepseek,deepseek-v4-pro,synthetic_jump_tail_c0_v0_3,C0,E1,47,2,execute,direct-api,ok,0.0,0.0,0.0,0.0,0,0,48,1.0,1.0,24,live_call,sha256:1b1972039ee3ca84504158c7b8edba1e6d40e0fa181ea3cda731e1479a131d1c,sha256:235632905a9db5b65b53a707e09535d71749776ab2c2054c480f86a8cf391165,
deepseek__deepseek_v4_pro__synthetic_calm_trend_c0_v0_3__c0__e0__seed_53__sample_0,deepseek,deepseek-v4-pro,synthetic_calm_trend_c0_v0_3,C0,E0,53,0,execute,direct-api,ok,0.0,0.0,0.0,0.0,0,0,48,1.0,1.0,24,live_call,sha256:2243668977b9159e18fda6058dd0e65987d8ad9ac597a27ae52ed1cb82e7d3bb,sha256:0a98d185d6431bcbf7d578898723a1918d925d6185810eb4d186e99162d7430f,
deepseek__deepseek_v4_pro__synthetic_calm_trend_c0_v0_3__c0__e1__seed_53__sample_0,deepseek,deepseek-v4-pro,synthetic_calm_trend_c0_v0_3,C0,E1,53,0,execute,direct-api,ok,0.0,0.0,0.0,0.0,0,0,48,1.0,1.0,24,live_call,sha256:af4f2a5aee9f1534ee9ae7cdb07684919cc77131a36e68a34f9a1c0a0bc24f94,sha256:b2274470585996b8c69e8c68141d58d7e1a2de295f1f3bd575f45e7d12b66238,
deepseek__deepseek_v4_pro__synthetic_high_volatility_c0_v0_3__c0__e0__seed_53__sample_0,deepseek,deepseek-v4-pro,synthetic_high_volatility_c0_v0_3,C0,E0,53,0,execute,direct-api,ok,0.0,0.0,0.0,0.0,0,0,48,1.0,1.0,24,live_call,sha256:f9f071232da801325caaaf4d31656955da19ab46d3211e179fb2c917ab15f3c2,sha256:588dfb1c01ed0885c0fc52d6da778db0b027bff5c9903d7c18fb89138ac4b53a,
deepseek__deepseek_v4_pro__synthetic_high_volatility_c0_v0_3__c0__e1__seed_53__sample_0,deepseek,deepseek-v4-pro,synthetic_high_volatility_c0_v0_3,C0,E1,53,0,execute,direct-api,ok,0.0,0.0,0.0,0.0,0,0,48,1.0,1.0,24,live_call,sha256:d78c72340226ed6df98ee32714955f82052538193e2e74da297cc0041f097c3b,sha256:cc7c38e908bb008ddaf1b84cbdbe05c1d6598d49f5d562899cbc142ec54b1c1e,
deepseek__deepseek_v4_pro__synthetic_jump_tail_c0_v0_3__c0__e0__seed_53__sample_0,deepseek,deepseek-v4-pro,synthetic_jump_tail_c0_v0_3,C0,E0,53,0,execute,direct-api,ok,0.0,0.0,0.0,0.0,0,0,48,1.0,1.0,24,live_call,sha256:f3e07e4312e2884afd048e6823e4937915f7b7fdbea016a169315f402f885c47,sha256:cc921e5944c728dcbf61535877381e70bdaa377e08be13b24123c92f5d22827b,
deepseek__deepseek_v4_pro__synthetic_jump_tail_c0_v0_3__c0__e1__seed_53__sample_0,deepseek,deepseek-v4-pro,synthetic_jump_tail_c0_v0_3,C0,E1,53,0,execute,direct-api,ok,0.0,0.0,0.0,0.0,0,0,48,1.0,1.0,24,live_call,sha256:940ec5393871fdb107c997dc224ec414bc2b210f040a8e0b4f67e526d0f6a003,sha256:114d9e3daf32ea403e083a7b067c4862f54f38fca23d94c35adb67be61f08071,
deepseek__deepseek_v4_pro__synthetic_calm_trend_c0_v0_3__c0__e0__seed_53__sample_1,deepseek,deepseek-v4-pro,synthetic_calm_trend_c0_v0_3,C0,E0,53,1,execute,direct-api,ok,0.0,0.0,0.0,0.0,0,0,48,1.0,1.0,24,live_call,sha256:b8a91e3dc6fead205255b7198d24a4115f78a9cac75eec5910650dc7677fcfe2,sha256:0749db903c94361035ed29f743b6091bb66d52ea8a033590d0fd36c59fec0f58,
deepseek__deepseek_v4_pro__synthetic_calm_trend_c0_v0_3__c0__e1__seed_53__sample_1,deepseek,deepseek-v4-pro,synthetic_calm_trend_c0_v0_3,C0,E1,53,1,execute,direct-api,ok,0.0,0.0,0.0,0.0,0,0,48,1.0,1.0,24,live_call,sha256:532d796e1bb493d719c95af2188779e1396dc3ff7f2918b92754c7f0b82ef1f6,sha256:c6f9b5a743e18fddfa6a5cfc6eee677f512de85d6b1b8f2a70fb89ca01534255,
deepseek__deepseek_v4_pro__synthetic_high_volatility_c0_v0_3__c0__e0__seed_53__sample_1,deepseek,deepseek-v4-pro,synthetic_high_volatility_c0_v0_3,C0,E0,53,1,execute,direct-api,ok,0.0,0.0,0.0,0.0,0,0,48,1.0,1.0,24,live_call,sha256:8023401b9b336d3090d01236084ba88d3487c029c2a11a63e7b791dfe6f2ecd2,sha256:7b3e0ffb0ca8f727e7c12ec18186b5468e22965ae667cc5c59ff88441c93e572,
deepseek__deepseek_v4_pro__synthetic_high_volatility_c0_v0_3__c0__e1__seed_53__sample_1,deepseek,deepseek-v4-pro,synthetic_high_volatility_c0_v0_3,C0,E1,53,1,execute,direct-api,ok,0.0,0.0,0.0,0.0,0,0,48,1.0,1.0,24,live_call,sha256:96b4174d936527e3a3c8da181aedc091a7f702109499c200bfa5c3e9fecec5f0,sha256:90e9417ff27066b50be7c633083e61b492fdd6e105afc6c1b55c0d3e16361a94,
deepseek__deepseek_v4_pro__synthetic_jump_tail_c0_v0_3__c0__e0__seed_53__sample_1,deepseek,deepseek-v4-pro,synthetic_jump_tail_c0_v0_3,C0,E0,53,1,execute,direct-api,ok,0.0,0.0,0.0,0.0,0,0,48,1.0,1.0,24,live_call,sha256:e02ba5d696520e14ee7c56325e7157bdb77e652921a2354c79351edf05a2874a,sha256:e5ac825a7596da844812ffe85b802c690216ccd1a3eeb93a8de37f0293278efb,
deepseek__deepseek_v4_pro__synthetic_jump_tail_c0_v0_3__c0__e1__seed_53__sample_1,deepseek,deepseek-v4-pro,synthetic_jump_tail_c0_v0_3,C0,E1,53,1,execute,direct-api,ok,0.0,0.0,0.0,0.0,0,0,48,1.0,1.0,24,live_call,sha256:97fdfcb51ef71f67379f3f5c4816a0a56974b763522a61869d3285b68cec304c,sha256:18663715cb8d3a5a0845e6991fd6f0ff957b2901b6ede7889f464980cf14d776,
deepseek__deepseek_v4_pro__synthetic_calm_trend_c0_v0_3__c0__e0__seed_53__sample_2,deepseek,deepseek-v4-pro,synthetic_calm_trend_c0_v0_3,C0,E0,53,2,execute,direct-api,ok,0.0,0.0,0.0,0.0,0,0,48,1.0,1.0,24,live_call,sha256:2caeb42ac3f4edfe7fa8ff9f1363c8393d87a43ed8464cea063df3429babb1af,sha256:d25678ef4bdcce43d996409e9c8b33d4ab51cf734f29726f19070ed8c6e0bf71,
deepseek__deepseek_v4_pro__synthetic_calm_trend_c0_v0_3__c0__e1__seed_53__sample_2,deepseek,deepseek-v4-pro,synthetic_calm_trend_c0_v0_3,C0,E1,53,2,execute,direct-api,ok,0.0,0.0,0.0,0.0,0,0,48,1.0,1.0,24,live_call,sha256:f5167a158124dcee4b499e48495d502dff9223f87cdcd4a87898f5d5b6ed0ee7,sha256:b2eaecce0257badf6d21b73c1eff1d4011056852b9d845b5423aab94607ae6c5,
deepseek__deepseek_v4_pro__synthetic_high_volatility_c0_v0_3__c0__e0__seed_53__sample_2,deepseek,deepseek-v4-pro,synthetic_high_volatility_c0_v0_3,C0,E0,53,2,execute,direct-api,ok,0.0,0.0,0.0,0.0,0,0,48,1.0,1.0,24,live_call,sha256:4ca129b619b3fe31176a367fcd4b233be7d73aa7d00f50a93832a27134b16e6d,sha256:ebf0ac90aec171902969ad06c19e4da6be738e7d3a2acbf084733a3124e01a16,
deepseek__deepseek_v4_pro__synthetic_high_volatility_c0_v0_3__c0__e1__seed_53__sample_2,deepseek,deepseek-v4-pro,synthetic_high_volatility_c0_v0_3,C0,E1,53,2,execute,direct-api,ok,0.0,0.0,0.0,0.0,0,0,48,1.0,1.0,24,live_call,sha256:b26b15a5a351895d373731108f0f1983aaa835a15a0641f65157f7eb9eca6b18,sha256:e766e51ed53d831976af9268e08cf5f96a4801a522d7c8cfb2048c0b96ed0029,
deepseek__deepseek_v4_pro__synthetic_jump_tail_c0_v0_3__c0__e0__seed_53__sample_2,deepseek,deepseek-v4-pro,synthetic_jump_tail_c0_v0_3,C0,E0,53,2,execute,direct-api,ok,0.0,0.0,0.0,0.0,0,0,48,1.0,1.0,24,live_call,sha256:4cb295b607b17858e5f8b818cc8d6f962b2b7945cfd926a0fcfeb93b5c2b8904,sha256:574de20bbf9d9bcde4dde02f5a6fa0227166d502d30a29d61618f2eb0401653f,
deepseek__deepseek_v4_pro__synthetic_jump_tail_c0_v0_3__c0__e1__seed_53__sample_2,deepseek,deepseek-v4-pro,synthetic_jump_tail_c0_v0_3,C0,E1,53,2,execute,direct-api,ok,0.0,0.0,0.0,0.0,0,0,48,1.0,1.0,24,live_call,sha256:cbfc0a0193aa900436487ac9a556be591aaa243923cad207a78a4e01629cab8a,sha256:7b7c33bb0c654f29b82dd665cacbea4c8850bfbbb9d6eca91b7df55a2fcd8abf,
glm__glm_5__synthetic_calm_trend_c0_v0_3__c0__e0__seed_7__sample_0,glm,glm-5,synthetic_calm_trend_c0_v0_3,C0,E0,7,0,execute,direct-api,ok,0.189991,27.129609,0.0,1.0,0,2,3,1.0,1.0,24,live_call,sha256:4c9b7f6596925d237b00bd71b62681a71abe35cab7193db51fd2bc8b77aec69d,sha256:14b1cd930ebd277fcd0ea5b82b360cbedf934519dd77312bba39b217c45c29a8,
glm__glm_5__synthetic_calm_trend_c0_v0_3__c0__e1__seed_7__sample_0,glm,glm-5,synthetic_calm_trend_c0_v0_3,C0,E1,7,0,execute,direct-api,ok,0.091841,15.639401,-0.001675,0.928571,0,2,10,1.0,1.0,24,live_call,sha256:2c9031fcb077a4afa397163975dd92aac354be8411e8bb25439708c40550b51b,sha256:ca95d14f940302a17731b830d2b659996ad5e38d68f76a917b26d9cccb93e499,
glm__glm_5__synthetic_high_volatility_c0_v0_3__c0__e0__seed_7__sample_0,glm,glm-5,synthetic_high_volatility_c0_v0_3,C0,E0,7,0,execute,direct-api,ok,0.171651,13.139611,-0.007322,1.0,0,6,0,1.0,1.0,24,live_call,sha256:9efa7518b68cfff9833f936523ac55e5ecb1c4abb30c4189e2acf4ed42b927f7,sha256:5175dcf54f8a46880775aead39daa36727f8c16f4c7ea3cf39e7a8237fcc87c8,
glm__glm_5__synthetic_high_volatility_c0_v0_3__c0__e1__seed_7__sample_0,glm,glm-5,synthetic_high_volatility_c0_v0_3,C0,E1,7,0,execute,direct-api,ok,0.154246,11.335689,-0.01041,0.956522,0,12,5,1.0,1.0,24,live_call,sha256:09d9889fee7520c7b8cc4f511666e1d33857a121bd5f9228ddeb0bc9ee315394,sha256:0c911980a7e760af2a6c0def76fdf856fd24c4ffb9adb69aefea1de490bc869a,
glm__glm_5__synthetic_jump_tail_c0_v0_3__c0__e0__seed_7__sample_0,glm,glm-5,synthetic_jump_tail_c0_v0_3,C0,E0,7,0,execute,direct-api,ok,0.377804,11.122537,-0.017001,1.0,0,9,1,1.0,1.0,24,live_call,sha256:c3b6135148da842292bd604801044326a4c234eed7a4e0e5e22c08e3eadaeb9e,sha256:6be2dcdb59050929dfe9522cea52c6a418c69901a177fdf2868c1db1dadead8e,
glm__glm_5__synthetic_jump_tail_c0_v0_3__c0__e1__seed_7__sample_0,glm,glm-5,synthetic_jump_tail_c0_v0_3,C0,E1,7,0,execute,direct-api,ok,0.327479,13.04692,-0.014022,0.956522,0,8,7,1.0,1.0,24,live_call,sha256:a02bea751a37ff58caf20a179cd1ec15a2571c64dcd4c76785310404dbded2c2,sha256:6013808a1657b655a80a569d7a2308207e6b4fba544a23e097d77d2b98f68a32,
glm__glm_5__synthetic_calm_trend_c0_v0_3__c0__e0__seed_7__sample_1,glm,glm-5,synthetic_calm_trend_c0_v0_3,C0,E0,7,1,execute,direct-api,ok,0.182525,26.836995,0.0,1.0,0,4,4,1.0,1.0,24,live_call,sha256:2ea14da29406a8970e63f771db7fe70c50dcd637a87b5e077d1f160a27816f30,sha256:e25373979385025ead4faf56459cfe1b4b7f60862e22366792fd96990e698376,
glm__glm_5__synthetic_calm_trend_c0_v0_3__c0__e1__seed_7__sample_1,glm,glm-5,synthetic_calm_trend_c0_v0_3,C0,E1,7,1,execute,direct-api,ok,0.169263,21.529646,-0.000595,0.95122,0,8,3,1.0,1.0,24,live_call,sha256:bf2ba1bf15113878ef796c4bc065d49697bf9bf9a5280c1ecd033474bfe75120,sha256:968ff8c681d97343ddb4b14bb243cf8928a9f02ba3cd21e87f4789f902e46167,
glm__glm_5__synthetic_high_volatility_c0_v0_3__c0__e0__seed_7__sample_1,glm,glm-5,synthetic_high_volatility_c0_v0_3,C0,E0,7,1,execute,direct-api,ok,0.166892,13.203314,-0.007322,1.0,0,6,1,1.0,1.0,24,live_call,sha256:4a64c0a40e43f4aa0fef31082d456664c1446208c211299c73c80bb6385fbceb,sha256:34f5bcf2ac84986365bec5171695436895052cede032c4e583a0d65044077fb5,
glm__glm_5__synthetic_high_volatility_c0_v0_3__c0__e1__seed_7__sample_1,glm,glm-5,synthetic_high_volatility_c0_v0_3,C0,E1,7,1,execute,direct-api,ok,0.149196,11.370758,-0.0116,0.956522,0,12,5,1.0,1.0,24,live_call,sha256:84c4a8d45ce44297fd066c4f13847ac73dc4e1fa1bdbba1ac237f95ff612f499,sha256:a432b5d60f38aeaabe8b55415533defb888395852c544ba239c46b566e7c7620,
glm__glm_5__synthetic_jump_tail_c0_v0_3__c0__e0__seed_7__sample_1,glm,glm-5,synthetic_jump_tail_c0_v0_3,C0,E0,7,1,execute,direct-api,ok,0.37278,11.116826,-0.017001,1.0,0,8,1,1.0,1.0,24,live_call,sha256:61863026470d6b34a7c5c881a72bc523d883e85f6376b087d1a9db25ccd901fa,sha256:d5216c3ae75dabcabf0fbd0a614f15569330cec4ce0aa01823edeae1df46ed56,
glm__glm_5__synthetic_jump_tail_c0_v0_3__c0__e1__seed_7__sample_1,glm,glm-5,synthetic_jump_tail_c0_v0_3,C0,E1,7,1,execute,direct-api,ok,0.346487,12.960139,-0.014517,0.955556,0,9,7,1.0,1.0,24,live_call,sha256:b27b04830f6a1851fcedfae38db7f1b97399506fe3e39f6b8407fd5a88703def,sha256:1c0ab87994cb5e1b3e01f3fe056d1f2116e8e311f090348c7f3b842e5509fca8,
glm__glm_5__synthetic_calm_trend_c0_v0_3__c0__e0__seed_7__sample_2,glm,glm-5,synthetic_calm_trend_c0_v0_3,C0,E0,7,2,execute,direct-api,ok,0.178898,26.211043,0.0,1.0,0,6,2,1.0,1.0,24,live_call,sha256:a20e524741880a99c83f14092df333ad3cacf3ae0512b6b981f8a16e6bebd0c8,sha256:359db77406c422bf71c369c2cfa0e0fe6532621468b3f97d3dba17edfb201c1a,
glm__glm_5__synthetic_calm_trend_c0_v0_3__c0__e1__seed_7__sample_2,glm,glm-5,synthetic_calm_trend_c0_v0_3,C0,E1,7,2,execute,direct-api,ok,0.157873,22.385088,-0.000579,0.947368,0,6,5,1.0,1.0,24,live_call,sha256:df1f57f97b9b2316e2287df1bce6099a29bfd730f573508ba1a0af26a311e42f,sha256:d2cc1ef3e619926f0a122d7c490b3b1e8430b6cc7238c69061539887354148a2,
glm__glm_5__synthetic_high_volatility_c0_v0_3__c0__e0__seed_7__sample_2,glm,glm-5,synthetic_high_volatility_c0_v0_3,C0,E0,7,2,execute,direct-api,ok,0.161332,13.440024,-0.00987,1.0,0,0,6,1.0,1.0,24,live_call,sha256:abb5882c6275c8d0b039856a80eaa9d6e2ce0ff1c4edbfc3eb2f4deb91890b8b,sha256:80f15ea86e5b973b2788b3342f1f8c2b4990bd6370eac483013ee2591fdbc3bc,
glm__glm_5__synthetic_high_volatility_c0_v0_3__c0__e1__seed_7__sample_2,glm,glm-5,synthetic_high_volatility_c0_v0_3,C0,E1,7,2,execute,direct-api,ok,0.146064,9.701469,-0.016563,0.952381,0,10,5,1.0,1.0,24,live_call,sha256:9a051ac62b4ee4cd7357c0afb1af25aa9fc6fed56762d772a3ab7210bf2ffc71,sha256:b222221ce2f2292a480da7773d2610a1183eef9172037f996aa5c812cb90841d,
glm__glm_5__synthetic_jump_tail_c0_v0_3__c0__e0__seed_7__sample_2,glm,glm-5,synthetic_jump_tail_c0_v0_3,C0,E0,7,2,execute,direct-api,ok,0.371427,11.368344,-0.013928,1.0,0,5,2,1.0,1.0,24,live_call,sha256:f4db56e2546f01b485600fa65f986c95ab78e8b8276af67aeec741cc18f61b1f,sha256:d0c9fa69fb5659636ca76ce6638b99108f8b2283e31269a876848cf97e5e3359,
glm__glm_5__synthetic_jump_tail_c0_v0_3__c0__e1__seed_7__sample_2,glm,glm-5,synthetic_jump_tail_c0_v0_3,C0,E1,7,2,execute,direct-api,ok,0.345652,10.47118,-0.017751,0.956522,0,9,8,1.0,1.0,24,live_call,sha256:1b9e60b866b6d4145d37823895bccfce5ac988978916f54fa4c21f71244213a3,sha256:e31c61ff0814db47288c123eff1700e268ea92dafd1f8798c360dd4e16feb9af,
glm__glm_5__synthetic_calm_trend_c0_v0_3__c0__e0__seed_11__sample_0,glm,glm-5,synthetic_calm_trend_c0_v0_3,C0,E0,11,0,execute,direct-api,ok,0.262464,27.034017,0.0,1.0,0,3,2,1.0,1.0,24,live_call,sha256:4c21c40ffb3383f51c6ee106c4ed7e40bd572514494e620c8011f9971ccff382,sha256:f85306791f8e5b5a4c3bdeb074ba88ebfa0e647e5378e221013f125e0c380aa2,
glm__glm_5__synthetic_calm_trend_c0_v0_3__c0__e1__seed_11__sample_0,glm,glm-5,synthetic_calm_trend_c0_v0_3,C0,E1,11,0,execute,direct-api,ok,0.257603,26.366665,-0.001024,0.955556,0,11,0,1.0,1.0,24,live_call,sha256:db677f7bdcf851fa5ceac1996a95818830523530d0efadb596efa719d6b9d6ad,sha256:82a804e0814bc29b69b68a52e487f64db12d06d67b13299f9848f2469af3fd1c,
glm__glm_5__synthetic_high_volatility_c0_v0_3__c0__e0__seed_11__sample_0,glm,glm-5,synthetic_high_volatility_c0_v0_3,C0,E0,11,0,execute,direct-api,ok,0.32629,19.100211,-0.007891,1.0,0,4,1,1.0,1.0,24,live_call,sha256:941abf561001aaa2a60cfeddcffdf5c0f4856acf2bb26562904fab6ea47f32f7,sha256:5a0b25d27d6e2138754e66b04a53a19a20549ba984e396101312cbb273ad8f96,
glm__glm_5__synthetic_high_volatility_c0_v0_3__c0__e1__seed_11__sample_0,glm,glm-5,synthetic_high_volatility_c0_v0_3,C0,E1,11,0,execute,direct-api,ok,0.184825,12.892907,-0.007556,0.914286,1,7,10,1.0,1.0,24,live_call,sha256:3370b62d2758f188ffc4a3106660a6c67111326f68e7753f5974d963fe6fac1a,sha256:49268559031c171e7b55951f82c9fe267257ee2e7d4c146ac60cd5cc4d868e08,
glm__glm_5__synthetic_jump_tail_c0_v0_3__c0__e0__seed_11__sample_0,glm,glm-5,synthetic_jump_tail_c0_v0_3,C0,E0,11,0,execute,direct-api,ok,0.355224,11.549474,-0.01559,1.0,0,6,0,1.0,1.0,24,live_call,sha256:517d9ed79db02119308729af3eb8780bbc904316386cb508abb72505ae543d27,sha256:5c7d5c92ec4705758ab9876752232415c9f84188a08d786e5b009a2c5b122ef3,
glm__glm_5__synthetic_jump_tail_c0_v0_3__c0__e1__seed_11__sample_0,glm,glm-5,synthetic_jump_tail_c0_v0_3,C0,E1,11,0,execute,direct-api,ok,0.344883,11.742404,-0.010477,0.957447,0,6,6,1.0,1.0,24,live_call,sha256:fb970bfeb0b7642526eb6b6c7c6e90b7ddd345e423dbe74546f9905e55ff55a8,sha256:6eab7a383475b7126f8e403f3b2fe1b603e17cee8afbae9cd3ab19bced5f72e3,
glm__glm_5__synthetic_calm_trend_c0_v0_3__c0__e0__seed_11__sample_1,glm,glm-5,synthetic_calm_trend_c0_v0_3,C0,E0,11,1,execute,direct-api,ok,0.270284,28.054179,0.0,1.0,0,6,2,1.0,1.0,24,live_call,sha256:d6a96b3c38683f90365d280d6e5eb4f4743c7c921bb1d08ed1105a15555a46ce,sha256:5122576ea862ae39fef5f3ddef995d6170b5ac8511913bc33fe2a684dbcb4f47,
glm__glm_5__synthetic_calm_trend_c0_v0_3__c0__e1__seed_11__sample_1,glm,glm-5,synthetic_calm_trend_c0_v0_3,C0,E1,11,1,execute,direct-api,ok,0.154501,19.95252,-0.000729,0.9375,0,8,5,1.0,1.0,24,live_call,sha256:03624dbe7dda04a062c9c83933da3193f7c9939bc9ca203f9f5b56ed8ff781d2,sha256:179dd715f3f4933b061090337adf1e9bb1228dbefe2ab351c6022b4191984e2c,
glm__glm_5__synthetic_high_volatility_c0_v0_3__c0__e0__seed_11__sample_1,glm,glm-5,synthetic_high_volatility_c0_v0_3,C0,E0,11,1,execute,direct-api,ok,0.332798,18.244132,-0.007891,1.0,0,5,2,1.0,1.0,24,live_call,sha256:91958088ffd697d9966b75acfd25122411114c71ce53cf0dbb85cdf9f498bde1,sha256:541b60f58f61bedfe2de479aa88d608cac3f7f4921bf99b549ec22d9c94f6cf1,
glm__glm_5__synthetic_high_volatility_c0_v0_3__c0__e1__seed_11__sample_1,glm,glm-5,synthetic_high_volatility_c0_v0_3,C0,E1,11,1,execute,direct-api,ok,0.252533,15.627636,-0.007726,0.95,0,8,7,1.0,1.0,24,live_call,sha256:e82c9ff3197e4d57f0a7f29ca260ef3b7b9c6ed0afb564d1b1d9fefc1200eaed,sha256:f417c0c38c00f495c4e9f627ba86b41fd883af65d4f1b6454478c981cd60ff4c,
glm__glm_5__synthetic_jump_tail_c0_v0_3__c0__e0__seed_11__sample_1,glm,glm-5,synthetic_jump_tail_c0_v0_3,C0,E0,11,1,execute,direct-api,ok,0.358806,11.629134,-0.01559,1.0,0,6,0,1.0,1.0,24,live_call,sha256:a25a97e4ce2ffc7274a98f681c5869665844ecddf78d4c769e6f1c3da940ca39,sha256:ebdbb5e7c48a0a16ced9b939b88abdf6f3a55ca7ac0576d44b03a250fb9ebba4,
glm__glm_5__synthetic_jump_tail_c0_v0_3__c0__e1__seed_11__sample_1,glm,glm-5,synthetic_jump_tail_c0_v0_3,C0,E1,11,1,execute,direct-api,ok,0.35242,11.861949,-0.010501,0.957447,0,6,6,1.0,1.0,24,live_call,sha256:cb5e60f01427e79f99d2fb689c1054ddfc206b8a885cdc305d94b4195cca646b,sha256:ca75d72d1344f5f7ec30d45f9733d3cb8d67336de075b72bc58dae3bd5040def,
glm__glm_5__synthetic_calm_trend_c0_v0_3__c0__e0__seed_11__sample_2,glm,glm-5,synthetic_calm_trend_c0_v0_3,C0,E0,11,2,execute,direct-api,ok,0.263221,27.404487,0.0,1.0,0,4,2,1.0,1.0,24,live_call,sha256:c51461573d7433a504234b0e752f2fe3e6fd381b94396eca4ac4d03aea1dfe05,sha256:3b9e990a1ab470a50f3f271baf47a57770ceaa1052ad5fe56d302a79dcc25780,
glm__glm_5__synthetic_calm_trend_c0_v0_3__c0__e1__seed_11__sample_2,glm,glm-5,synthetic_calm_trend_c0_v0_3,C0,E1,11,2,execute,direct-api,ok,0.24676,26.964823,-0.001024,0.954545,0,9,1,1.0,1.0,24,live_call,sha256:c7c7cb38b6bb670731732a49c10e22c2f06c4e050665e4c611cc3847bef86acf,sha256:82ae4280b52164d4e688cbe5966ad9ff4ea21658036f3d657e1def0f5c835587,
glm__glm_5__synthetic_high_volatility_c0_v0_3__c0__e0__seed_11__sample_2,glm,glm-5,synthetic_high_volatility_c0_v0_3,C0,E0,11,2,execute,direct-api,ok,0.338613,18.973856,-0.008034,1.0,0,3,1,1.0,1.0,24,live_call,sha256:b65c44a43ad6ddb666c6b7e4ac61a7bb1f3b489764b46e55b3a6ed4717114294,sha256:364668046da2861812f03e20df21af1b20a9d9f7a7614dbee731c417e6e28b31,
glm__glm_5__synthetic_high_volatility_c0_v0_3__c0__e1__seed_11__sample_2,glm,glm-5,synthetic_high_volatility_c0_v0_3,C0,E1,11,2,execute,direct-api,ok,0.27742,15.091164,-0.005984,0.95,0,9,8,1.0,1.0,24,live_call,sha256:0964f893e26fbd71663f98db0e62dc8dbbcad0b7ef591df4b455052bd2fa56ec,sha256:a84cf07bc76acfa348f70932e9a3537ee9d37602286051f8380876d71e9e3c71,
glm__glm_5__synthetic_jump_tail_c0_v0_3__c0__e0__seed_11__sample_2,glm,glm-5,synthetic_jump_tail_c0_v0_3,C0,E0,11,2,execute,direct-api,ok,0.366541,11.781704,-0.01559,1.0,0,8,0,1.0,1.0,24,live_call,sha256:a385a10344a43431b9a7514ad26ae78ab67534c071a8273d52022f9429233598,sha256:26c755fba8c9d34e719be350d80b52586ec617e00ce73b3ffae97b3ab51a3a5e,
glm__glm_5__synthetic_jump_tail_c0_v0_3__c0__e1__seed_11__sample_2,glm,glm-5,synthetic_jump_tail_c0_v0_3,C0,E1,11,2,execute,direct-api,ok,0.357285,12.136277,-0.010542,0.957447,0,10,6,1.0,1.0,24,live_call,sha256:5d119df421743a2ae178febb2bf39f2635cbc510e72517c5bf4a50f8b004ccfe,sha256:8097ded2ef975448c1d66a11a6cd865474561a3e3af442c0e22ccbaae00b3b93,
glm__glm_5__synthetic_calm_trend_c0_v0_3__c0__e0__seed_17__sample_0,glm,glm-5,synthetic_calm_trend_c0_v0_3,C0,E0,17,0,execute,direct-api,ok,0.210092,22.887615,0.0,1.0,0,6,2,1.0,1.0,24,live_call,sha256:5e84fc321b1883ce8adbddc7f4eb33e0c60c2f91adc7151242969ce035ae7114,sha256:6458b1687ca09291d4f9ec1c8b71119e471e46f8a13e2ebf8708b37cf898abb5,
glm__glm_5__synthetic_calm_trend_c0_v0_3__c0__e1__seed_17__sample_0,glm,glm-5,synthetic_calm_trend_c0_v0_3,C0,E1,17,0,execute,direct-api,ok,0.192964,17.279936,-0.001198,0.955556,0,13,1,1.0,1.0,24,live_call,sha256:66da011b2757285e6558f118e131cd447ba8694caa272fe94f3b54dcd1bdf411,sha256:c5c692e5142379a95adee6294d61d0de5c5e54924b96e2339d473191341819ca,
glm__glm_5__synthetic_high_volatility_c0_v0_3__c0__e0__seed_17__sample_0,glm,glm-5,synthetic_high_volatility_c0_v0_3,C0,E0,17,0,execute,direct-api,ok,0.183439,9.778899,-0.012648,1.0,0,4,4,1.0,1.0,24,live_call,sha256:456bc0d82a79db5e91393019a9a523aaf31028e42611e92d85ef1afac7e4e0d4,sha256:3f7142bd7d033a65cce7559d790219c87c16eb97022a1676b0e635d614cbe15b,
glm__glm_5__synthetic_high_volatility_c0_v0_3__c0__e1__seed_17__sample_0,glm,glm-5,synthetic_high_volatility_c0_v0_3,C0,E1,17,0,execute,direct-api,ok,0.159677,8.819603,-0.010626,0.933333,1,6,5,1.0,1.0,24,live_call,sha256:f087f50d4774d6cc9592b0c1ef33b22204fe09737d0407701c3059fa04bdd150,sha256:e16d4fc41e3590956b2b0a52b7ac3d27c09380be862d5b2a5927ed503287b68c,
glm__glm_5__synthetic_jump_tail_c0_v0_3__c0__e0__seed_17__sample_0,glm,glm-5,synthetic_jump_tail_c0_v0_3,C0,E0,17,0,execute,direct-api,ok,0.274741,9.074573,-0.041414,1.0,0,8,0,1.0,1.0,24,live_call,sha256:7ea5f92f5b0a35ded47a664a4039bc494f43a3e5b8cc491b927c4e51be1a7914,sha256:7f52f5e25ac432865467f9cb949b4bcb668895f55620e60b9d09c08339b42fc1,
glm__glm_5__synthetic_jump_tail_c0_v0_3__c0__e1__seed_17__sample_0,glm,glm-5,synthetic_jump_tail_c0_v0_3,C0,E1,17,0,execute,direct-api,ok,0.179756,5.92026,-0.059918,0.947368,0,3,9,1.0,1.0,24,live_call,sha256:c5dabb39f03b57c10dc039304770fec7eb25dd9b48b9e5045cdd4a2832d550bc,sha256:33a37039b6b3be94c951e96c3410ab2d5c7f7a44a445b7df5678509fda37b0d3,
glm__glm_5__synthetic_calm_trend_c0_v0_3__c0__e0__seed_17__sample_1,glm,glm-5,synthetic_calm_trend_c0_v0_3,C0,E0,17,1,execute,direct-api,ok,0.191089,19.720555,0.0,1.0,0,4,3,1.0,1.0,24,live_call,sha256:628f4ab30a1ef1af91db1ba4dd4c940501fdbdc9e04b259d9ae1a22efa0084c2,sha256:d0bd82298a54fd2a792d233e2ba7cba86288a310bf1e250df58c0a7030ba83e6,
glm__glm_5__synthetic_calm_trend_c0_v0_3__c0__e1__seed_17__sample_1,glm,glm-5,synthetic_calm_trend_c0_v0_3,C0,E1,17,1,execute,direct-api,ok,0.192316,17.494254,-0.001113,0.956522,0,13,1,1.0,1.0,24,live_call,sha256:1b5430218cde61937fce929656c005a640e548a25cb3afdbea32091a3b912f07,sha256:2f43974830ac4ee8820ff0394fc1fa395338efa228229ea84ce4f47d4a6a8b9c,
glm__glm_5__synthetic_high_volatility_c0_v0_3__c0__e0__seed_17__sample_1,glm,glm-5,synthetic_high_volatility_c0_v0_3,C0,E0,17,1,execute,direct-api,ok,0.19322,10.861669,-0.011985,1.0,0,3,3,1.0,1.0,24,live_call,sha256:0c44967a6252aa1b8744805ee805f7cefadd3290e4d51a88cd4ec183f50d410f,sha256:8fe35c465e07beedc84ee40314cd4796e420fd1f1588d6d5a16fcf4b1779dc54,
glm__glm_5__synthetic_high_volatility_c0_v0_3__c0__e1__seed_17__sample_1,glm,glm-5,synthetic_high_volatility_c0_v0_3,C0,E1,17,1,execute,direct-api,ok,0.160098,7.953841,-0.013129,0.955556,0,6,6,1.0,1.0,24,live_call,sha256:c6e538475684944d5a01762740c10369100c34d1c0f5ec59abd9af60bee5a3ef,sha256:02b6cff49ca4f467464690ba4953f7a410b4ce7b2ad844aa5bcf74253463025d,
glm__glm_5__synthetic_jump_tail_c0_v0_3__c0__e0__seed_17__sample_1,glm,glm-5,synthetic_jump_tail_c0_v0_3,C0,E0,17,1,execute,direct-api,ok,0.278626,9.273635,-0.041415,1.0,0,8,0,1.0,1.0,24,live_call,sha256:479dbeb1c0214aba1b5a7e6e9d5179c38711bb736d4eb368d090e8a007058e70,sha256:0e8095ad6851e49ca62ed2bdf7f355166067e76461f871159064a357ee023c8b,
glm__glm_5__synthetic_jump_tail_c0_v0_3__c0__e1__seed_17__sample_1,glm,glm-5,synthetic_jump_tail_c0_v0_3,C0,E1,17,1,execute,direct-api,ok,0.139079,5.058902,-0.054276,0.868421,3,5,7,1.0,1.0,24,live_call,sha256:44b943a12ae306d12304421d5ef579c3f6c5f7a8f3d6a68c7b7efeb642c94c6a,sha256:271d2e0d746db992689031fe1e6905041ac2e1ff346eeaf76c90386358672939,
glm__glm_5__synthetic_calm_trend_c0_v0_3__c0__e0__seed_17__sample_2,glm,glm-5,synthetic_calm_trend_c0_v0_3,C0,E0,17,2,execute,direct-api,ok,0.194012,20.98479,-0.000622,1.0,0,9,1,1.0,1.0,24,live_call,sha256:a6881b3a539a4efd9d77859c555ed968847a70ef6a0fc33adf80c559d8f0481e,sha256:fed795a6984d1e472d13aa0b32c7ca9087972eb68c269d52d4b491ba24ac677e,
glm__glm_5__synthetic_calm_trend_c0_v0_3__c0__e1__seed_17__sample_2,glm,glm-5,synthetic_calm_trend_c0_v0_3,C0,E1,17,2,execute,direct-api,ok,0.187249,17.023475,-0.001113,0.955556,0,10,1,1.0,1.0,24,live_call,sha256:7ba0717617c9960fcf10c32b0796ce102165d5399fa0341c59d9a9c606964999,sha256:c5786187c984fc6381fe3dc652c1c34c746064712d7d73de1110cf87379e9ce6,
glm__glm_5__synthetic_high_volatility_c0_v0_3__c0__e0__seed_17__sample_2,glm,glm-5,synthetic_high_volatility_c0_v0_3,C0,E0,17,2,execute,direct-api,ok,0.179615,9.70491,-0.011297,1.0,0,3,5,1.0,1.0,24,live_call,sha256:8757a5c4dd7f91c272b3e880f774609311ed7018d1a3d43affb45a90e37dbcd6,sha256:28362375302e998ce38ce89af32db08673d887d0ff5dd688e99df3d5675e903b,
glm__glm_5__synthetic_high_volatility_c0_v0_3__c0__e1__seed_17__sample_2,glm,glm-5,synthetic_high_volatility_c0_v0_3,C0,E1,17,2,execute,direct-api,ok,0.165279,8.455538,-0.012822,0.933333,1,7,5,1.0,1.0,24,live_call,sha256:2474cb2f11f3c026e9c9f9aebe1cd2897b67f3123ca3237b1b97e8879c4183c2,sha256:070ae99a9d6687da53ec5e0c23d25f10ed912e0d542c4dc348679f1c534e9243,
glm__glm_5__synthetic_jump_tail_c0_v0_3__c0__e0__seed_17__sample_2,glm,glm-5,synthetic_jump_tail_c0_v0_3,C0,E0,17,2,execute,direct-api,ok,0.286757,9.437315,-0.041415,1.0,0,6,0,1.0,1.0,24,live_call,sha256:9c1a4826e89efe6db09be05922dd1ba1a9669d0ad482398de1650a65890ef5b7,sha256:812e8d5148316de31c2ade4ce52960d150c4f3c33b8d021dc0680fd8784fc03f,
glm__glm_5__synthetic_jump_tail_c0_v0_3__c0__e1__seed_17__sample_2,glm,glm-5,synthetic_jump_tail_c0_v0_3,C0,E1,17,2,execute,direct-api,ok,0.196575,5.473473,-0.059918,0.941176,0,4,11,1.0,1.0,24,live_call,sha256:dd4cf7650bc6ffd62a34bf7794700f9504ae83238b03ba5f5c80a12b31c576fd,sha256:73060919d05d5de3f99861e3eac35eeb0bc7da8d477bd8ae1b0f9366c0cb9663,
glm__glm_5__synthetic_calm_trend_c0_v0_3__c0__e0__seed_23__sample_0,glm,glm-5,synthetic_calm_trend_c0_v0_3,C0,E0,23,0,execute,direct-api,ok,0.253904,28.633879,0.0,1.0,0,5,0,1.0,1.0,24,live_call,sha256:dbf4f4501c3043e0e7b252212d36b11cbaa78a778ffeca0c78069b03981ec0c6,sha256:19d570b1ef9ce89a39b17c2816edfbc78eac8d31e498bf5b0d280dd07710db93,
glm__glm_5__synthetic_calm_trend_c0_v0_3__c0__e1__seed_23__sample_0,glm,glm-5,synthetic_calm_trend_c0_v0_3,C0,E1,23,0,execute,direct-api,ok,0.251435,21.234435,-0.000911,0.957447,0,12,0,1.0,1.0,24,live_call,sha256:2bd1f88c14fd33474f1e1090e4aa776bd1cd4fad49b60a78ff89bfe630aea46f,sha256:67ca39968863f802255d1ff426ccf651be8dc856eddcd04e41f8018f45b1701d,
glm__glm_5__synthetic_high_volatility_c0_v0_3__c0__e0__seed_23__sample_0,glm,glm-5,synthetic_high_volatility_c0_v0_3,C0,E0,23,0,execute,direct-api,ok,0.292758,17.996234,-0.004026,1.0,0,8,0,1.0,1.0,24,live_call,sha256:bf34bdd96c20562873f5126e34ab9a3a9f46b6cf1468d7a2adbff67d56c836ae,sha256:fd5a17312fb3b31625209639a7e32a19224e36bb129ce3e0cdcba4c0c5b9d35a,
glm__glm_5__synthetic_high_volatility_c0_v0_3__c0__e1__seed_23__sample_0,glm,glm-5,synthetic_high_volatility_c0_v0_3,C0,E1,23,0,execute,direct-api,ok,0.269735,12.230842,-0.019412,0.957447,0,8,4,1.0,1.0,24,live_call,sha256:2577060ba691e2a49289f1296aaa9c1418d628166cc1760c54d3472cf26b6ccd,sha256:493087d2773095d74c10a64c33998e5debe780591ce798d3a014d8c4cd547fd7,
glm__glm_5__synthetic_jump_tail_c0_v0_3__c0__e0__seed_23__sample_0,glm,glm-5,synthetic_jump_tail_c0_v0_3,C0,E0,23,0,execute,direct-api,ok,0.204942,8.059226,-0.043938,1.0,0,12,0,1.0,1.0,24,live_call,sha256:6321983e03192f2d8c740e32133459491fde50638a7b07db35b8b03052ff120d,sha256:44962c45060325494820597ea023f21fcd910db2ca87ad4394d2fc12dda96163,
glm__glm_5__synthetic_jump_tail_c0_v0_3__c0__e1__seed_23__sample_0,glm,glm-5,synthetic_jump_tail_c0_v0_3,C0,E1,23,0,execute,direct-api,ok,0.167621,5.409078,-0.061415,0.957447,0,3,10,1.0,1.0,24,live_call,sha256:d33aa7d568228c310c207336e33f615d6e29e2beb7b606e7550712477e0333aa,sha256:d613e42529d6514bbf41727ec1124f4fe8f6f8322bd1c8b1cd43055561a633fd,
glm__glm_5__synthetic_calm_trend_c0_v0_3__c0__e0__seed_23__sample_1,glm,glm-5,synthetic_calm_trend_c0_v0_3,C0,E0,23,1,execute,direct-api,ok,0.262228,29.672769,0.0,1.0,0,4,0,1.0,1.0,24,live_call,sha256:40ed2e89001d29c9fb41e7e40b4a234435dfa9ec8717d6631c85f3bdea8cc317,sha256:48146ecb503109522563e761add1c51a84f7689d703871461fded5695f131e1f,
glm__glm_5__synthetic_calm_trend_c0_v0_3__c0__e1__seed_23__sample_1,glm,glm-5,synthetic_calm_trend_c0_v0_3,C0,E1,23,1,execute,direct-api,ok,0.225705,20.291139,-0.000911,0.930233,1,7,0,1.0,1.0,24,live_call,sha256:33c13b51bef90e3a114d098bea7b1e39d067f726d0eef22a1fb0cfaa752c3576,sha256:d0c348e679eb8a064553ef11b9a4a5f16cd48b82a7cd1337e4953ba0de2403c1,
glm__glm_5__synthetic_high_volatility_c0_v0_3__c0__e0__seed_23__sample_1,glm,glm-5,synthetic_high_volatility_c0_v0_3,C0,E0,23,1,execute,direct-api,ok,0.297451,17.815254,-0.004026,1.0,0,8,0,1.0,1.0,24,live_call,sha256:0ddd7576cb791869c494a28881a1d5808c5a8f46a153c56edbec3f9849bc8f27,sha256:18319374794f6cca48efb7f18f1242d0c65c289a8c1d692237572ac27b9bdb4f,
glm__glm_5__synthetic_high_volatility_c0_v0_3__c0__e1__seed_23__sample_1,glm,glm-5,synthetic_high_volatility_c0_v0_3,C0,E1,23,1,execute,direct-api,ok,0.248253,11.844336,-0.019824,0.957447,0,10,4,1.0,1.0,24,live_call,sha256:b4b4b177d9db0f09f12241c61b15cfe0478d054bf27e9d342fbd568f3d989c87,sha256:73d5b7ded57b292cc7d915db71843570449e6183db5a2bc381d955d6790da8cb,
glm__glm_5__synthetic_jump_tail_c0_v0_3__c0__e0__seed_23__sample_1,glm,glm-5,synthetic_jump_tail_c0_v0_3,C0,E0,23,1,execute,direct-api,ok,0.211689,7.801083,-0.049685,1.0,0,9,0,1.0,1.0,24,live_call,sha256:b4d1057c30c03ff1a18d941d006084fe95c59ad436a50168de608e7eaa757c3e,sha256:0653e720114563ba2eeae6f30ec4419a1c1facb7d5c644fd4dd7ebe54b6f8717,
glm__glm_5__synthetic_jump_tail_c0_v0_3__c0__e1__seed_23__sample_1,glm,glm-5,synthetic_jump_tail_c0_v0_3,C0,E1,23,1,execute,direct-api,ok,0.186693,6.236047,-0.061415,0.957447,0,2,10,1.0,1.0,24,live_call,sha256:5a6b462c79154c586eb5f66bf82ddab82b0497c1f76bf973e7207b8064c8e617,sha256:a5c3d76c82de4fdd5ff87278258add59a6750ceae6194fcf511c9c5c0bab2d80,
glm__glm_5__synthetic_calm_trend_c0_v0_3__c0__e0__seed_23__sample_2,glm,glm-5,synthetic_calm_trend_c0_v0_3,C0,E0,23,2,execute,direct-api,ok,0.254207,28.553992,0.0,1.0,0,4,0,1.0,1.0,24,live_call,sha256:592cc0e19a3027036828991123865d2316b9b4a83546fff414860d6d8fece6a3,sha256:4b91ceb813542f7a9c9803eca238fb0dec1ff5132d8acc8d07d6d9457d2b6d80,
glm__glm_5__synthetic_calm_trend_c0_v0_3__c0__e1__seed_23__sample_2,glm,glm-5,synthetic_calm_trend_c0_v0_3,C0,E1,23,2,execute,direct-api,ok,0.259461,22.123477,-0.000688,0.916667,2,12,0,1.0,1.0,24,live_call,sha256:82be6718967b8df1cb06d407f03e3cfb743a662d7faf5013c0f84aeac489f9d3,sha256:b68305c5ac45aab47febc341745cf31e91e8c6f063f564f941ad8fdb5a581146,
glm__glm_5__synthetic_high_volatility_c0_v0_3__c0__e0__seed_23__sample_2,glm,glm-5,synthetic_high_volatility_c0_v0_3,C0,E0,23,2,execute,direct-api,ok,0.294563,17.420249,-0.004578,1.0,0,8,0,1.0,1.0,24,live_call,sha256:82cc8c020ac61ef03966b91be8025b4319817c4b7b793149fd1ef12a5c625893,sha256:179c41d493d5ea61813a3256630b6d048a139db6979e0bd94150fd8b95725232,
glm__glm_5__synthetic_high_volatility_c0_v0_3__c0__e1__seed_23__sample_2,glm,glm-5,synthetic_high_volatility_c0_v0_3,C0,E1,23,2,execute,direct-api,ok,0.280158,12.533264,-0.022114,0.957447,0,11,4,1.0,1.0,24,live_call,sha256:73f5f1aeb69aca2501b32a0307bce2185b21c78bfe2cd98feb7ebe5bd0252d05,sha256:b4c0243caf7398bd88c6bcfaeceebbf34dce8d116f555a8f4c2f99158f5a532a,
glm__glm_5__synthetic_jump_tail_c0_v0_3__c0__e0__seed_23__sample_2,glm,glm-5,synthetic_jump_tail_c0_v0_3,C0,E0,23,2,execute,direct-api,ok,0.208497,8.664937,-0.038219,1.0,0,5,1,1.0,1.0,24,live_call,sha256:4851db07591665c02a8edc9e9f32b6efcb7f2ce86fe175626c248f12da2a07f9,sha256:f805e3d1da5c058074c4878161ad7b815d506808f7d6bf689d1221ab199c181c,
glm__glm_5__synthetic_jump_tail_c0_v0_3__c0__e1__seed_23__sample_2,glm,glm-5,synthetic_jump_tail_c0_v0_3,C0,E1,23,2,execute,direct-api,ok,0.1732,5.776106,-0.067127,0.957447,0,3,10,1.0,1.0,24,live_call,sha256:2360a70208de01f167441edc57e85873cba2b153ed82d9b8575e25ed065d757a,sha256:d3a31637d4c066d8a2de78f58b8bb7d86f6d4ee7f269fe2d2053ae9af421ce2d,
glm__glm_5__synthetic_calm_trend_c0_v0_3__c0__e0__seed_31__sample_0,glm,glm-5,synthetic_calm_trend_c0_v0_3,C0,E0,31,0,execute,direct-api,ok,0.232174,31.547556,0.0,1.0,0,6,0,1.0,1.0,24,live_call,sha256:6093e6349d99b3049e58baee6d1fcd375fb39ecb99116b764a57079fca8e17cb,sha256:6e68a295ad9899b0b23827763c15ecfd7e15ef09aa1b6ac6de13689c17875538,
glm__glm_5__synthetic_calm_trend_c0_v0_3__c0__e1__seed_31__sample_0,glm,glm-5,synthetic_calm_trend_c0_v0_3,C0,E1,31,0,execute,direct-api,ok,0.218165,26.274835,-0.000835,0.9375,1,6,0,1.0,1.0,24,live_call,sha256:4a6732834c824228d5d86c3a6b991f7b4c17fe1e31fcb92642b747d4587c54f3,sha256:f20347bbfee781373d15935cb01066134e46c6b8a337af8e7ba5ab84e37b0999,
glm__glm_5__synthetic_high_volatility_c0_v0_3__c0__e0__seed_31__sample_0,glm,glm-5,synthetic_high_volatility_c0_v0_3,C0,E0,31,0,execute,direct-api,ok,0.242429,17.327273,-0.006598,1.0,0,8,0,1.0,1.0,24,live_call,sha256:68d21a2133e8f63bdf41b1adf92e21e235631fc1040ea0fd2b176d78b6cd87a8,sha256:c63003cb2b130f5a73c9f8af73d65535659584061fd1595fd1c75203e890209d,
glm__glm_5__synthetic_high_volatility_c0_v0_3__c0__e1__seed_31__sample_0,glm,glm-5,synthetic_high_volatility_c0_v0_3,C0,E1,31,0,execute,direct-api,ok,0.24433,17.627753,-0.005237,0.958333,0,8,3,1.0,1.0,24,live_call,sha256:d1134271abefc8c559f4fc50382700e64769cdeeb4e3a58687d81a737d2736ca,sha256:8915a4f5157666d62241e4d09576ca20563d7479db7300126b4b2f205a942cc2,
glm__glm_5__synthetic_jump_tail_c0_v0_3__c0__e0__seed_31__sample_0,glm,glm-5,synthetic_jump_tail_c0_v0_3,C0,E0,31,0,execute,direct-api,ok,0.369647,12.260698,-0.004065,1.0,0,5,2,1.0,1.0,24,live_call,sha256:cd3d68d54eae24d7a4b417fd32e00cda819b72bf0ead95aa12a4d5a40eac689d,sha256:620a6938d40a0a603361f3c8b468fa7952e6a51e5d0f3e1d648258bab11dd96a,
glm__glm_5__synthetic_jump_tail_c0_v0_3__c0__e1__seed_31__sample_0,glm,glm-5,synthetic_jump_tail_c0_v0_3,C0,E1,31,0,execute,direct-api,ok,0.37096,11.549709,-0.017395,0.956522,0,11,7,1.0,1.0,24,live_call,sha256:8d0c560605e8e26e2def42875b0ff45126a8b5fbe73142788898a99898c65944,sha256:7da8c4a47a2d99cdb74d78d1d51cbd07b5becbcdb2a0dc372851436507fce4e9,
glm__glm_5__synthetic_calm_trend_c0_v0_3__c0__e0__seed_31__sample_1,glm,glm-5,synthetic_calm_trend_c0_v0_3,C0,E0,31,1,execute,direct-api,ok,0.226693,32.084154,0.0,1.0,0,4,0,1.0,1.0,24,live_call,sha256:81aef712ba46ebec1935106cf47a02d18b932b3ccfe509122631eda10860bdf6,sha256:71621e8127d415627813a58379d73e17a60cded3f6302a706aff88cefa38a2da,
glm__glm_5__synthetic_calm_trend_c0_v0_3__c0__e1__seed_31__sample_1,glm,glm-5,synthetic_calm_trend_c0_v0_3,C0,E1,31,1,execute,direct-api,ok,0.226601,22.876,-0.000835,0.957447,0,10,0,1.0,1.0,24,live_call,sha256:6d5e4cc5f0086bf204f602bf4c1963bb15db940745af5c0919eb0b4805e9c732,sha256:3dbd967d2ca7658c1d1bd0606fce05cdfa209fd7880e97c94b61e2a116f3c1ad,
glm__glm_5__synthetic_high_volatility_c0_v0_3__c0__e0__seed_31__sample_1,glm,glm-5,synthetic_high_volatility_c0_v0_3,C0,E0,31,1,execute,direct-api,ok,0.24208,17.301954,-0.006598,1.0,0,7,0,1.0,1.0,24,live_call,sha256:049ba9cc7bc869f34d6ee4924dffc3c6820c99b945961c3900766a3b90318d6c,sha256:400542a1f63edb0d98d126e87aa27acd53e9445f5b1292c8b23e5fae26d7157f,
glm__glm_5__synthetic_high_volatility_c0_v0_3__c0__e1__seed_31__sample_1,glm,glm-5,synthetic_high_volatility_c0_v0_3,C0,E1,31,1,execute,direct-api,ok,0.24761,17.76199,-0.006081,0.958333,0,8,3,1.0,1.0,24,live_call,sha256:bf85ca766a93402392c7535adc41c453d7c5a585e0c24b3e44ce5553dfe869ff,sha256:885b6b704e2092dbfc43257367c67e110c3b20a91ba2a5e887455df80fffcb38,
glm__glm_5__synthetic_jump_tail_c0_v0_3__c0__e0__seed_31__sample_1,glm,glm-5,synthetic_jump_tail_c0_v0_3,C0,E0,31,1,execute,direct-api,ok,0.398055,11.675257,-0.004065,1.0,0,11,2,1.0,1.0,24,live_call,sha256:5009733a180f7059b3bcb55178056b1c3c0a332a2cafb0b77bf1584349d89e68,sha256:3b3bec44f721ad5e818191abc85a78791b74d6b7e83bbd86a1ced1371cb38e01,
glm__glm_5__synthetic_jump_tail_c0_v0_3__c0__e1__seed_31__sample_1,glm,glm-5,synthetic_jump_tail_c0_v0_3,C0,E1,31,1,execute,direct-api,ok,0.363453,10.874981,-0.017585,0.976744,0,10,6,1.0,1.0,24,live_call,sha256:6161f01938052c32a217806331c7e450e016a36ea5d871e481b980846a470825,sha256:6b7f2da87837f410ad7174d9e30f5ad0b84b70c5a78e2f003c969c5bb9aeb261,
glm__glm_5__synthetic_calm_trend_c0_v0_3__c0__e0__seed_31__sample_2,glm,glm-5,synthetic_calm_trend_c0_v0_3,C0,E0,31,2,execute,direct-api,ok,0.22305,32.291852,0.0,1.0,0,6,0,1.0,1.0,24,live_call,sha256:6d20fc46cf417a4773ff497d03f14b83bf95b66f20814f08f108865004ed98a7,sha256:ac31b024aa702169ad45652d277c27420ff9ce3d0232ef201395c51fddf7c5cc,
glm__glm_5__synthetic_calm_trend_c0_v0_3__c0__e1__seed_31__sample_2,glm,glm-5,synthetic_calm_trend_c0_v0_3,C0,E1,31,2,execute,direct-api,ok,0.221966,25.715214,-0.000835,0.9375,1,14,0,1.0,1.0,24,live_call,sha256:7fbf07bfa10da608e30250aced21bd5fc038969cac18e5a1430e6bbe2ddbdd89,sha256:c12f54521b503b219888645a5d993a3ee26f48d6c33b5a970d9132ba4e07f2d5,
glm__glm_5__synthetic_high_volatility_c0_v0_3__c0__e0__seed_31__sample_2,glm,glm-5,synthetic_high_volatility_c0_v0_3,C0,E0,31,2,execute,direct-api,ok,0.247311,17.558735,-0.006598,1.0,0,9,0,1.0,1.0,24,live_call,sha256:0b42a218745d6b564e21a99fe7790e02c55930e5883936bc327a31e88684d4d1,sha256:b5a84623a90e1256be33c00e1fc6e736eb7e905d38e6ce3d55a164e75bdcc8ea,
glm__glm_5__synthetic_high_volatility_c0_v0_3__c0__e1__seed_31__sample_2,glm,glm-5,synthetic_high_volatility_c0_v0_3,C0,E1,31,2,execute,direct-api,ok,0.25546,17.592672,-0.003923,0.958333,0,9,3,1.0,1.0,24,live_call,sha256:c8dc1cc3da05d98a9498bd4e6a3a9c3c1eef1143724e99b0633a8fc84edec702,sha256:403e9f52e6a4357818256fd3ba72fd008edf27bc39500a9f10fd78350b257ce2,
glm__glm_5__synthetic_jump_tail_c0_v0_3__c0__e0__seed_31__sample_2,glm,glm-5,synthetic_jump_tail_c0_v0_3,C0,E0,31,2,execute,direct-api,ok,0.35781,11.625275,-0.004065,1.0,0,8,2,1.0,1.0,24,live_call,sha256:f8bef7aca2ae4b33b476601442bd9ef6ef4008a63f355fa5bab3c6455d6efd2a,sha256:eda671ebdd4813c0a7fc4b0395b3fbaec7e08f23ee16ac1ac7c462aa3d51cb24,
glm__glm_5__synthetic_jump_tail_c0_v0_3__c0__e1__seed_31__sample_2,glm,glm-5,synthetic_jump_tail_c0_v0_3,C0,E1,31,2,execute,direct-api,ok,0.324703,10.838909,-0.022917,0.956522,0,10,6,1.0,1.0,24,live_call,sha256:76c553fd6db0e5b83152eedbfaf18ef26d9078c668de8f1d45f9bc300086985f,sha256:3e3401d51641862b7597486ced70e980eb7ef255f623666e8a7e02048a832775,
glm__glm_5__synthetic_calm_trend_c0_v0_3__c0__e0__seed_37__sample_0,glm,glm-5,synthetic_calm_trend_c0_v0_3,C0,E0,37,0,execute,direct-api,ok,0.320404,39.622622,0.0,1.0,0,7,0,1.0,1.0,24,live_call,sha256:1f495f772c1d191842adb301a40d3cfa35c7504aa56fe9990f91393f56f76426,sha256:c64bebc8db54efb82dffc09b8d3e24732df49fb2aba74ba8702243ee68cd5495,
glm__glm_5__synthetic_calm_trend_c0_v0_3__c0__e1__seed_37__sample_0,glm,glm-5,synthetic_calm_trend_c0_v0_3,C0,E1,37,0,execute,direct-api,ok,0.27134,29.198875,-0.000757,0.93617,1,15,1,1.0,1.0,24,live_call,sha256:9c358c03599f7da1a748738e5f0cc6fc27d9530f7158abadbb83271c96f84981,sha256:f452b0c2802d96020a3dac082ee2791898ab8e35dc95c9f579ffbb4b0531569b,
glm__glm_5__synthetic_high_volatility_c0_v0_3__c0__e0__seed_37__sample_0,glm,glm-5,synthetic_high_volatility_c0_v0_3,C0,E0,37,0,execute,direct-api,ok,0.347614,22.073579,-0.000366,1.0,0,4,4,1.0,1.0,24,live_call,sha256:de36337e66e462efc73e4ce68b5a763d8ecf358b0d29c7a265b26d2a61928685,sha256:8e704b1a99d9452b2aa3054b9ac26ab6ad94590e4a91aa94f7d0c75d2263740e,
glm__glm_5__synthetic_high_volatility_c0_v0_3__c0__e1__seed_37__sample_0,glm,glm-5,synthetic_high_volatility_c0_v0_3,C0,E1,37,0,execute,direct-api,ok,0.333544,19.348199,-0.002512,0.956522,0,5,9,1.0,1.0,24,live_call,sha256:4bed458ab2a7f05530a0ffba0d319b47d00273b1dc06196671643963ac90bb1f,sha256:fd001618379eaad72767bdd044e5c0ef7a31132ad2d0605ae2a5b2a131831afb,
glm__glm_5__synthetic_jump_tail_c0_v0_3__c0__e0__seed_37__sample_0,glm,glm-5,synthetic_jump_tail_c0_v0_3,C0,E0,37,0,execute,direct-api,ok,0.262083,9.214858,-0.025238,1.0,0,11,0,1.0,1.0,24,live_call,sha256:2bbcb97cc9689a0ed9adbcaaf8dbe14768174e6dcd46656fabbe0b56159620d7,sha256:b94a35f5377aae8a7cb21d9b16f0f78a77302d78edbfc753c77d112915cd8f12,
glm__glm_5__synthetic_jump_tail_c0_v0_3__c0__e1__seed_37__sample_0,glm,glm-5,synthetic_jump_tail_c0_v0_3,C0,E1,37,0,execute,direct-api,ok,0.289553,7.82503,-0.038146,0.909091,2,7,8,1.0,1.0,24,live_call,sha256:4087e23d4a51c1fa54fbbe3f5d95615ce0a6987c4e623408888b60155d8c1aff,sha256:cb6881fcc420d6bbb24bc56fe88ea89e7b7855c1ef14dc23c2308a7cd4a975ed,
glm__glm_5__synthetic_calm_trend_c0_v0_3__c0__e0__seed_37__sample_1,glm,glm-5,synthetic_calm_trend_c0_v0_3,C0,E0,37,1,execute,direct-api,ok,0.302381,37.093791,0.0,1.0,0,6,0,1.0,1.0,24,live_call,sha256:1d2adfc405b9f70ec918bf1462c2ee9bdf1dda9f63aff255b7f7abfa150cc66c,sha256:fbb28fd63886aead4ed4d0c2fef51f6f28f7b74fc6fa10ca8ae27c9d48d69a43,
glm__glm_5__synthetic_calm_trend_c0_v0_3__c0__e1__seed_37__sample_1,glm,glm-5,synthetic_calm_trend_c0_v0_3,C0,E1,37,1,execute,direct-api,ok,0.274008,25.067704,-0.000486,0.957447,0,12,1,1.0,1.0,24,live_call,sha256:de0b18da9c773ac8747baecee60ad82e5024d742b3d8ce371e5dfaf928efe929,sha256:b91653c6c97d214b9f8bcb2d621c21550c3d4f2cf1080739e6956befb35b7483,
glm__glm_5__synthetic_high_volatility_c0_v0_3__c0__e0__seed_37__sample_1,glm,glm-5,synthetic_high_volatility_c0_v0_3,C0,E0,37,1,execute,direct-api,ok,0.350854,22.66674,-0.000512,1.0,0,1,4,1.0,1.0,24,live_call,sha256:714a792ed05c118c78e765756fd440672c96eb1d5a42c89fe7a167693864db1e,sha256:f8eabca206d5c666bfa4347f246eabb2a15b91ad3080a5345cfb289eae610adc,
glm__glm_5__synthetic_high_volatility_c0_v0_3__c0__e1__seed_37__sample_1,glm,glm-5,synthetic_high_volatility_c0_v0_3,C0,E1,37,1,execute,direct-api,ok,0.332689,19.559234,-0.002512,0.934783,1,7,9,1.0,1.0,24,live_call,sha256:a9df86cfd55d503146c69c3ed1d84fc74b9ca5f4c196cf6e68a2fc916f5f384c,sha256:b2dc42862676bc91610663d7c3d1e4d8903ba5fad0c70def470d614b0278e9be,
glm__glm_5__synthetic_jump_tail_c0_v0_3__c0__e0__seed_37__sample_1,glm,glm-5,synthetic_jump_tail_c0_v0_3,C0,E0,37,1,execute,direct-api,ok,0.233519,7.698818,-0.032427,1.0,0,11,0,1.0,1.0,24,live_call,sha256:e9bc3e0f587bc9c33b520cb668359a860bebfa682d15a3ba126901ca708d5c0d,sha256:a46ae53e5b6325458dfd513437e389f5aed68ef81b00c47c2229df30fa2edecb,
glm__glm_5__synthetic_jump_tail_c0_v0_3__c0__e1__seed_37__sample_1,glm,glm-5,synthetic_jump_tail_c0_v0_3,C0,E1,37,1,execute,direct-api,ok,0.250174,6.931578,-0.037913,0.931818,1,6,9,1.0,1.0,24,live_call,sha256:4e8e56cebd66bcf13b0f8702d905e883f212f364f74f65786b18d564136b56be,sha256:6cc691320bad3a228698831db8fc0f7c937a11b69294d81554bb385438c94a88,
glm__glm_5__synthetic_calm_trend_c0_v0_3__c0__e0__seed_37__sample_2,glm,glm-5,synthetic_calm_trend_c0_v0_3,C0,E0,37,2,execute,direct-api,ok,0.286762,31.42862,-0.000105,1.0,0,5,1,1.0,1.0,24,live_call,sha256:4a15f73e54b93b035d06e42f0e0aba938c8f5b47285e3a20d738b21b39994bd9,sha256:2a61ec6932e370caf3e19e17ffc535a94566bf8d8184cea35144ed884cb6bed3,
glm__glm_5__synthetic_calm_trend_c0_v0_3__c0__e1__seed_37__sample_2,glm,glm-5,synthetic_calm_trend_c0_v0_3,C0,E1,37,2,execute,direct-api,ok,0.240352,22.64979,-0.001586,0.95,0,13,3,1.0,1.0,24,live_call,sha256:d113040b8854ffa6090214ae1fc0f06ac76490434bc0d82f31995999b7ab585f,sha256:75cb40916d7c7e7520548c5770d984ef9e503b3390cb08613c8530d0b24da198,
glm__glm_5__synthetic_high_volatility_c0_v0_3__c0__e0__seed_37__sample_2,glm,glm-5,synthetic_high_volatility_c0_v0_3,C0,E0,37,2,execute,direct-api,ok,0.351775,22.206387,-0.000542,1.0,0,2,6,1.0,1.0,24,live_call,sha256:420e54d7e10e305c740ad2801d7db4dedd0ee0c0c36c5f7ba1d3b98fea43ec72,sha256:b351138028fd4eb0e258fa00d23d431f1ec512d869fa94494777dc8c7d528bbe,
glm__glm_5__synthetic_high_volatility_c0_v0_3__c0__e1__seed_37__sample_2,glm,glm-5,synthetic_high_volatility_c0_v0_3,C0,E1,37,2,execute,direct-api,ok,0.337848,20.774078,-0.002543,0.957447,0,7,9,1.0,1.0,24,live_call,sha256:b66322d6dfd881de83e9b25ef249b03bb6ecd70573e8fdb5aae45a98b08a9855,sha256:5e1027d50d4a84291deb77ad80b96bc7d8eda89264bc847e1a4d2cdc23c9d958,
glm__glm_5__synthetic_jump_tail_c0_v0_3__c0__e0__seed_37__sample_2,glm,glm-5,synthetic_jump_tail_c0_v0_3,C0,E0,37,2,execute,direct-api,ok,0.251745,8.182726,-0.032426,1.0,0,10,0,1.0,1.0,24,live_call,sha256:1e3bf707d6f5e892e1b741a5cb0aa1706f359caa3f93aed25b31d3cd6dc3e595,sha256:6ce402b69da770c0b1f56d5b8506bd9a97ff3987c5a6abe2e1d148ee9192cb6f,
glm__glm_5__synthetic_jump_tail_c0_v0_3__c0__e1__seed_37__sample_2,glm,glm-5,synthetic_jump_tail_c0_v0_3,C0,E1,37,2,execute,direct-api,ok,0.274537,8.113965,-0.030582,0.931818,1,7,9,1.0,1.0,24,live_call,sha256:2d010a0e402fc5c275a4c076efc1a52e643df19c2dec783b334d18239aabff55,sha256:f3ca55ceefc9ca2f188fe1ff462a28d5bed3e1463b3d70e930d0ad8c3aa08108,
glm__glm_5__synthetic_calm_trend_c0_v0_3__c0__e0__seed_41__sample_0,glm,glm-5,synthetic_calm_trend_c0_v0_3,C0,E0,41,0,execute,direct-api,ok,0.179061,21.198692,0.0,1.0,0,2,5,1.0,1.0,24,live_call,sha256:01ec56479c605dc377c4630b2d94ea450db7b8b1fc395435dabfb1e6ad01e3b7,sha256:0515995026b439cb6229d2a69276b3de80c5d36f4806e20df88d0e96701a8f74,
glm__glm_5__synthetic_calm_trend_c0_v0_3__c0__e1__seed_41__sample_0,glm,glm-5,synthetic_calm_trend_c0_v0_3,C0,E1,41,0,execute,direct-api,ok,0.152367,19.096431,-0.000496,0.948718,0,8,3,1.0,1.0,24,live_call,sha256:ca1301a588bcfd36c35f4eed227d3558e9fa7e65ffa21f3eaf1c4b44a6ec5139,sha256:a4d858bc7d4d728e1c5d13e880df3cc5ec96c3032164786653e03aae958fcc76,
glm__glm_5__synthetic_high_volatility_c0_v0_3__c0__e0__seed_41__sample_0,glm,glm-5,synthetic_high_volatility_c0_v0_3,C0,E0,41,0,execute,direct-api,ok,0.198944,13.184881,-0.010483,1.0,0,7,0,1.0,1.0,24,live_call,sha256:a7d98a09408da0caf23335fd430d6b20bd7f5387a4851b51c8d05133a07c8d2b,sha256:85f6ecfd3f5d338fa8ba921a27183b4f0d50493e1e1c3f6eeac9455705d0897c,
glm__glm_5__synthetic_high_volatility_c0_v0_3__c0__e1__seed_41__sample_0,glm,glm-5,synthetic_high_volatility_c0_v0_3,C0,E1,41,0,execute,direct-api,ok,0.182317,11.095776,-0.006693,0.933333,1,6,1,1.0,1.0,24,live_call,sha256:93513777d47f86d1009ecabb524c10a3f67f4184a69ee2c77de04b27d4b5d925,sha256:aaec398004ea3a6df36dd304e4b111fcd7ccf14312466476193f89f875a6e1df,
glm__glm_5__synthetic_jump_tail_c0_v0_3__c0__e0__seed_41__sample_0,glm,glm-5,synthetic_jump_tail_c0_v0_3,C0,E0,41,0,execute,direct-api,ok,0.188483,5.912507,-0.077227,1.0,0,8,1,1.0,1.0,24,live_call,sha256:6658844ddd3860896a623b1f53bba0025805f3e630c4f514beeb96cf38991955,sha256:9a4c4defff5ce8c2905b1fbabb8004f43bd66b88149441e381a1cca18abbfb99,
glm__glm_5__synthetic_jump_tail_c0_v0_3__c0__e1__seed_41__sample_0,glm,glm-5,synthetic_jump_tail_c0_v0_3,C0,E1,41,0,execute,direct-api,ok,0.098108,3.226983,-0.091975,0.956522,0,1,12,1.0,1.0,24,live_call,sha256:459a3198f8e9262d1d1cc0ec9bd47a2992522e26c73355fb0e2127b8410fd2e7,sha256:c9643afc2049264b5dc2949bbe259202861d22cae3450c60a437107b675a3ee5,
glm__glm_5__synthetic_calm_trend_c0_v0_3__c0__e0__seed_41__sample_1,glm,glm-5,synthetic_calm_trend_c0_v0_3,C0,E0,41,1,execute,direct-api,ok,0.162086,21.307825,0.0,1.0,0,0,7,1.0,1.0,24,live_call,sha256:4e711e686914fc80dca7b29f3cb6fc92c76b9a736c2f0a0d66efe6faca1d98ba,sha256:5bbf4be8be20a9894039f5be63cdb9cb57d9037308ca0b92ff203b3d3984dfd9,
glm__glm_5__synthetic_calm_trend_c0_v0_3__c0__e1__seed_41__sample_1,glm,glm-5,synthetic_calm_trend_c0_v0_3,C0,E1,41,1,execute,direct-api,ok,0.156742,18.911879,-0.000997,0.948718,0,12,0,1.0,1.0,24,live_call,sha256:462b5fd1562af1b59e8438807982542cc5858b0aa1ffd9a244b3ab5542ff7aee,sha256:baf62587f8821addf7c459f5f1b42bc516fa724bae73f0576401c795b6a44e4b,
glm__glm_5__synthetic_high_volatility_c0_v0_3__c0__e0__seed_41__sample_1,glm,glm-5,synthetic_high_volatility_c0_v0_3,C0,E0,41,1,execute,direct-api,ok,0.193176,12.7261,-0.011685,1.0,0,7,0,1.0,1.0,24,live_call,sha256:de95ce3176a3e900d96ae452a5bc3d8e7b7ebf3ef00ddfb8d7f2686c8a416197,sha256:40f67c0a19bd630a04142ed92891a4df7077ca23a83a40fe611850a5c53cc14b,
glm__glm_5__synthetic_high_volatility_c0_v0_3__c0__e1__seed_41__sample_1,glm,glm-5,synthetic_high_volatility_c0_v0_3,C0,E1,41,1,execute,direct-api,ok,0.157317,10.562524,-0.01568,0.956522,0,9,1,1.0,1.0,24,live_call,sha256:50a5577218e694ee06422857a584d0f31ef61e1a971bebf4828cb8f4ce414ff7,sha256:62eee204c86647f41f7e21beef0727095cbb754c5ef0cb693f139f97143b95de,
glm__glm_5__synthetic_jump_tail_c0_v0_3__c0__e0__seed_41__sample_1,glm,glm-5,synthetic_jump_tail_c0_v0_3,C0,E0,41,1,execute,direct-api,ok,0.143733,4.90696,-0.077824,1.0,0,8,1,1.0,1.0,24,live_call,sha256:cee58bdd9ee6a80711622b0f923f944e0d3b0270979121e1410bc6b8ab9630eb,sha256:85fc1402df0dce05b9ec341279d9178825637226998e8296449f85038ba1a17a,
glm__glm_5__synthetic_jump_tail_c0_v0_3__c0__e1__seed_41__sample_1,glm,glm-5,synthetic_jump_tail_c0_v0_3,C0,E1,41,1,execute,direct-api,ok,0.106944,3.753765,-0.078822,0.955556,0,0,13,1.0,1.0,24,live_call,sha256:e2d4e4781805003e0510ac3f953c0547945e9dd43ff2ef1f796a6e9bb5faaf7f,sha256:81f5a740139a5e86fc03f2dc3668c524aa0a2220abc603e608c7018f38716a0c,
glm__glm_5__synthetic_calm_trend_c0_v0_3__c0__e0__seed_41__sample_2,glm,glm-5,synthetic_calm_trend_c0_v0_3,C0,E0,41,2,execute,direct-api,ok,0.198543,24.388425,0.0,1.0,0,4,0,1.0,1.0,24,live_call,sha256:dee93438d4f35b9429ebd9624491b93fcbb67af365374228e182f4ac33a73912,sha256:a7a860b21a2f1a77b8d0a94ce2597c62616c1945013880be5e5953b4af61bb5a,
glm__glm_5__synthetic_calm_trend_c0_v0_3__c0__e1__seed_41__sample_2,glm,glm-5,synthetic_calm_trend_c0_v0_3,C0,E1,41,2,execute,direct-api,ok,0.137383,17.667273,-0.003054,0.948718,0,7,2,1.0,1.0,24,live_call,sha256:e489da8ec1ec565af32a5b8383ce7c5cfcc802db344f8acb800de0456e7f425d,sha256:1417a05e7bf9cce730164c3dd1a0f1078c958d89d434aa07878edf0a9a8c6a75,
glm__glm_5__synthetic_high_volatility_c0_v0_3__c0__e0__seed_41__sample_2,glm,glm-5,synthetic_high_volatility_c0_v0_3,C0,E0,41,2,execute,direct-api,ok,0.194238,12.928388,-0.011696,1.0,0,4,0,1.0,1.0,24,live_call,sha256:4d8e7133cf051c72335adde0c092457e519e35b73ebc3987d3038b6e3374388b,sha256:8ae009a707154052944ce96959c00e6a531b7e1e6d02457f203f752c96e07371,
glm__glm_5__synthetic_high_volatility_c0_v0_3__c0__e1__seed_41__sample_2,glm,glm-5,synthetic_high_volatility_c0_v0_3,C0,E1,41,2,execute,direct-api,ok,0.217342,14.087956,-0.01137,0.9375,1,6,1,1.0,1.0,24,live_call,sha256:3b87cf28bb006d2976fc56e657c46d8592aea515fbb94ff3baba128b5b3788e1,sha256:a17c38baccb521a641fe62c57126a7e5a3f10a50bc8e5b849b2a6c53f820fdaf,
glm__glm_5__synthetic_jump_tail_c0_v0_3__c0__e0__seed_41__sample_2,glm,glm-5,synthetic_jump_tail_c0_v0_3,C0,E0,41,2,execute,direct-api,ok,0.163016,5.626457,-0.065136,1.0,0,2,6,1.0,1.0,24,live_call,sha256:003d0e05db52ffaa7aaaad8b295ec242fefeac3248e1bab37ea4a8ae7c127fc5,sha256:00d38b74ebb7b089d0aafcf93d5b49270abbbf0f9209b3a37213318918f16a30,
glm__glm_5__synthetic_jump_tail_c0_v0_3__c0__e1__seed_41__sample_2,glm,glm-5,synthetic_jump_tail_c0_v0_3,C0,E1,41,2,execute,direct-api,ok,0.106033,3.407566,-0.082866,0.955556,0,1,13,1.0,1.0,24,live_call,sha256:321d2c2f2145c34857ad1bbd2e14bea307335a2ff455c2a9e2fb6cbd3fe6f1ac,sha256:5f56cc9ee9593187137e0dc1a61cfdf4464c0f759234b44feb6e90b72a21cecc,
glm__glm_5__synthetic_calm_trend_c0_v0_3__c0__e0__seed_43__sample_0,glm,glm-5,synthetic_calm_trend_c0_v0_3,C0,E0,43,0,execute,direct-api,ok,0.256012,28.545656,-0.000115,1.0,0,7,0,1.0,1.0,24,live_call,sha256:b7534c584d5789512c4c51b75efc2e3ed689545ace733853a0c5e59be58c1a7d,sha256:b5b60f16d2f5704ff6ccd105b1a1e835589a714d337f9b26d0abb55e2d1bfcf1,
glm__glm_5__synthetic_calm_trend_c0_v0_3__c0__e1__seed_43__sample_0,glm,glm-5,synthetic_calm_trend_c0_v0_3,C0,E1,43,0,execute,direct-api,ok,0.23596,29.095546,-0.000809,0.93617,1,15,0,1.0,1.0,24,live_call,sha256:1b5bf4664f0feeedff9117d1588fcada5c9674eba02381d24e4ac077b1b5e6d7,sha256:3bd39db76fe8d38d6dd9651da0b5a399e1619d087ea5785a2eb81853422a0cce,
glm__glm_5__synthetic_high_volatility_c0_v0_3__c0__e0__seed_43__sample_0,glm,glm-5,synthetic_high_volatility_c0_v0_3,C0,E0,43,0,execute,direct-api,ok,0.293927,16.542382,-0.008582,1.0,0,6,0,1.0,1.0,24,live_call,sha256:82ff03dbfaa918d353d717d6656619ebe327acf5af3e0200fd5868cf9021107c,sha256:e778752dfbbef4904b7278c0c8b54ceaf88b3c6c46a5a3f8b568c5621a6b5e79,
glm__glm_5__synthetic_high_volatility_c0_v0_3__c0__e1__seed_43__sample_0,glm,glm-5,synthetic_high_volatility_c0_v0_3,C0,E1,43,0,execute,direct-api,ok,0.278827,17.195645,-0.006569,0.956522,0,5,4,1.0,1.0,24,live_call,sha256:8295446cac44d8b5bbec48b3785aff274258e8a2e650d5d138022e93e670f784,sha256:288d899fa32df14814aef8d4dee5fa13a9443373aede289d1fab7d040a97a768,
glm__glm_5__synthetic_jump_tail_c0_v0_3__c0__e0__seed_43__sample_0,glm,glm-5,synthetic_jump_tail_c0_v0_3,C0,E0,43,0,execute,direct-api,ok,0.168255,5.594233,-0.037152,1.0,0,9,0,1.0,1.0,24,live_call,sha256:f6d10459031532d05df670f582e0f4b07157431f1746c53664ef027f7a130a28,sha256:d2f32fdbd656e81f8f113850889d8632de163d9f5bdbfd00876769ccd67d0f11,
glm__glm_5__synthetic_jump_tail_c0_v0_3__c0__e1__seed_43__sample_0,glm,glm-5,synthetic_jump_tail_c0_v0_3,C0,E1,43,0,execute,direct-api,ok,0.109422,4.139198,-0.033065,0.957447,0,7,10,1.0,1.0,24,live_call,sha256:f3b2b6fdf3261e61d8926e18ef18096da2ac8b303330a402b85eaa2c41fa4b45,sha256:415209e80422c3c29e3aff6a6c4cdc04c5585984489fca94b2597592b6eb03d4,
glm__glm_5__synthetic_calm_trend_c0_v0_3__c0__e0__seed_43__sample_1,glm,glm-5,synthetic_calm_trend_c0_v0_3,C0,E0,43,1,execute,direct-api,ok,0.256012,28.545656,-0.000115,1.0,0,6,0,1.0,1.0,24,live_call,sha256:a3a43b249bddfdd55e14f345bb40fd1a3a3b33b1030baec9f345c1698291250e,sha256:b3673961108caef6d7e33cba7f41f1808c339aa87ce3bc9618aba12061e020ba,
glm__glm_5__synthetic_calm_trend_c0_v0_3__c0__e1__seed_43__sample_1,glm,glm-5,synthetic_calm_trend_c0_v0_3,C0,E1,43,1,execute,direct-api,ok,0.233281,29.021334,-0.000809,0.93617,1,13,0,1.0,1.0,24,live_call,sha256:60caf63ee5c72c50a6bccd12b0b0d3979263207317cfa26ab955c2eb6f4e36a6,sha256:d79c7b9ea60a354209e159626d9aa06130d27052fd01d41e076b9ede4190885a,
glm__glm_5__synthetic_high_volatility_c0_v0_3__c0__e0__seed_43__sample_1,glm,glm-5,synthetic_high_volatility_c0_v0_3,C0,E0,43,1,execute,direct-api,ok,0.278454,16.488245,-0.008819,1.0,0,4,0,1.0,1.0,24,live_call,sha256:73a0570497bdf0e4d84d7319aa1e6aed4f61817261fc884254c464b28a77c51c,sha256:36f93eaefc4542c186856a916767436830add5e1113b6667d995868d74824e62,
glm__glm_5__synthetic_high_volatility_c0_v0_3__c0__e1__seed_43__sample_1,glm,glm-5,synthetic_high_volatility_c0_v0_3,C0,E1,43,1,execute,direct-api,ok,0.249959,17.173221,-0.007154,0.957447,0,7,4,1.0,1.0,24,live_call,sha256:fec8be1bf460211e08aaea6ff4f531775a528601d9750ec72b655cfea353443a,sha256:2a3339241069fe0f9e8d23aa5389c40c551891c911a860a58fad0d0dfdb540d2,
glm__glm_5__synthetic_jump_tail_c0_v0_3__c0__e0__seed_43__sample_1,glm,glm-5,synthetic_jump_tail_c0_v0_3,C0,E0,43,1,execute,direct-api,ok,0.148501,5.438659,-0.036897,1.0,0,12,0,1.0,1.0,24,live_call,sha256:eb40c2c26061fc546b42970fcecf939f17660b7436c23d8d4917be45291e710b,sha256:848ccc6b8c3c80c8228acfe7b15198ef3d3d76f5bc5bc123156d76cd41321e17,
glm__glm_5__synthetic_jump_tail_c0_v0_3__c0__e1__seed_43__sample_1,glm,glm-5,synthetic_jump_tail_c0_v0_3,C0,E1,43,1,execute,direct-api,ok,0.121137,4.154345,-0.031836,0.957447,0,5,10,1.0,1.0,24,live_call,sha256:53e28a6bccbd0bb386f1b71b9070142342457f3fcb6074cf0dcf7d45c76354b1,sha256:5e477a2dd3b0025a04532b5fcab8da6316d69f7ca0249756903b07e16d412b1b,
glm__glm_5__synthetic_calm_trend_c0_v0_3__c0__e0__seed_43__sample_2,glm,glm-5,synthetic_calm_trend_c0_v0_3,C0,E0,43,2,execute,direct-api,ok,0.253261,28.545994,-0.0001,1.0,0,4,0,1.0,1.0,24,live_call,sha256:552680edfcd6ec73466fcb445c4cc6284f10a0f849661101311b6d5bc3dd7ad1,sha256:b41ca17c8f88926dd95585afba044b03fcfe7ecdaa4919c53329963a554d4dd0,
glm__glm_5__synthetic_calm_trend_c0_v0_3__c0__e1__seed_43__sample_2,glm,glm-5,synthetic_calm_trend_c0_v0_3,C0,E1,43,2,execute,direct-api,ok,0.234296,28.766774,-0.000809,0.93617,1,17,0,1.0,1.0,24,live_call,sha256:ea83c0de25846a2b2f3620ac28371cfec0f6b04dee3f5be8e93109c26070f62c,sha256:14616ee3c72d454aaf949ff5c15fec92dd4668d9b425862131405ca11aa30ade,
glm__glm_5__synthetic_high_volatility_c0_v0_3__c0__e0__seed_43__sample_2,glm,glm-5,synthetic_high_volatility_c0_v0_3,C0,E0,43,2,execute,direct-api,ok,0.294822,16.951728,-0.008833,1.0,0,6,0,1.0,1.0,24,live_call,sha256:ee07128092c0ebc960186a447f6c03947c7838c355df0cb912feaadbd4741861,sha256:f29ee728a38e72afb9761699a18a7b56cfca87e26ef10021a6361f3abfcda68b,
glm__glm_5__synthetic_high_volatility_c0_v0_3__c0__e1__seed_43__sample_2,glm,glm-5,synthetic_high_volatility_c0_v0_3,C0,E1,43,2,execute,direct-api,ok,0.260901,17.784442,-0.006666,0.957447,0,9,4,1.0,1.0,24,live_call,sha256:e00bf1fc7ac7e5e96ee380a53ebbe37ae8e9fb269ddcc6cd29494d2c0d4fb1d0,sha256:9010dc0171429588de6276725271d161c19754655d781b2900d4512b95e80e19,
glm__glm_5__synthetic_jump_tail_c0_v0_3__c0__e0__seed_43__sample_2,glm,glm-5,synthetic_jump_tail_c0_v0_3,C0,E0,43,2,execute,direct-api,ok,0.175457,5.760881,-0.037152,1.0,0,8,0,1.0,1.0,24,live_call,sha256:ab8a4e090c93bb4866333b2c55932f72045fe1257ed2ffd9add8c0e948ed9eb2,sha256:030480f2c1a24601ba4b1d61b8b14f87374f22cf114811690538d523836b7889,
glm__glm_5__synthetic_jump_tail_c0_v0_3__c0__e1__seed_43__sample_2,glm,glm-5,synthetic_jump_tail_c0_v0_3,C0,E1,43,2,execute,direct-api,ok,0.124628,5.008958,-0.026061,0.957447,0,8,10,1.0,1.0,24,live_call,sha256:b8d51c9a9a0dad66610202af47720b4c45c09443728f16a97d6de182891e3444,sha256:218c44f6e25f773490a7fd7bd2d0f86282ffc4b558161e5cf6fed87891882ed9,
glm__glm_5__synthetic_calm_trend_c0_v0_3__c0__e0__seed_47__sample_0,glm,glm-5,synthetic_calm_trend_c0_v0_3,C0,E0,47,0,execute,direct-api,ok,0.232942,27.380474,0.0,1.0,0,6,0,1.0,1.0,24,live_call,sha256:b616775c37a41e8a1c32c4504bd9b2baf05dc13045a426c0f5c628ce719e654f,sha256:83fe76b2c8273d10e2d299250b91cf5bea74fe41f71f4a221ab3601ffacf9af5,
glm__glm_5__synthetic_calm_trend_c0_v0_3__c0__e1__seed_47__sample_0,glm,glm-5,synthetic_calm_trend_c0_v0_3,C0,E1,47,0,execute,direct-api,ok,0.203293,20.640091,-0.000934,0.9375,1,12,0,1.0,1.0,24,live_call,sha256:359c318bb466bac041d320ccc04d5293cd14a42e0edddbb198420ddae0e86349,sha256:4973abfe959e47a396e384435c10e9175ced5cd464992d4a3af659aad8d06802,
glm__glm_5__synthetic_high_volatility_c0_v0_3__c0__e0__seed_47__sample_0,glm,glm-5,synthetic_high_volatility_c0_v0_3,C0,E0,47,0,execute,direct-api,ok,0.21859,12.802446,-0.011963,1.0,0,5,2,1.0,1.0,24,live_call,sha256:4cc113476fcdb9d52e78bd95f7d8c200e5276075a3761dadc43e768b5891551a,sha256:c2bb68fd083f50e428a7300a892251456757a04994d2dbdee6a5a9b55240a8f9,
glm__glm_5__synthetic_high_volatility_c0_v0_3__c0__e1__seed_47__sample_0,glm,glm-5,synthetic_high_volatility_c0_v0_3,C0,E1,47,0,execute,direct-api,ok,0.185961,10.619894,-0.014218,0.914894,2,6,7,1.0,1.0,24,live_call,sha256:a96685ce09add951c6ff00655e25546f0553ab10d7333be18d75e112526c2a4d,sha256:f591260b0c2e817254fa577487086f1e750a4086a800a7909df65a47d1bbf7d0,
glm__glm_5__synthetic_jump_tail_c0_v0_3__c0__e0__seed_47__sample_0,glm,glm-5,synthetic_jump_tail_c0_v0_3,C0,E0,47,0,execute,direct-api,ok,0.208033,7.182093,-0.044008,1.0,0,6,0,1.0,1.0,24,live_call,sha256:6674f4b49c2e158c5ebdece3ab0b34e147922706e5ef5ba7e6e98fb0573517dd,sha256:2cf401a4b047b29c33f591fde01a27b2a55f8bfce5d2be97968a53322f13526d,
glm__glm_5__synthetic_jump_tail_c0_v0_3__c0__e1__seed_47__sample_0,glm,glm-5,synthetic_jump_tail_c0_v0_3,C0,E1,47,0,execute,direct-api,ok,0.152024,4.944567,-0.058156,0.954545,0,4,12,1.0,1.0,24,live_call,sha256:1f2cdb16959d73b7d21ca316100ccf2b6ba42bfc43e28c761ed94c0dc2b1cb60,sha256:b44b854fc7afb82441b974b1877d8996c4d6ecbbca1c329c26affb0ffafcd593,
glm__glm_5__synthetic_calm_trend_c0_v0_3__c0__e0__seed_47__sample_1,glm,glm-5,synthetic_calm_trend_c0_v0_3,C0,E0,47,1,execute,direct-api,ok,0.220489,27.320113,0.0,1.0,0,6,0,1.0,1.0,24,live_call,sha256:c6213dc83277df23ed32fe55fbf36307815c328808b999313666e1d199a179dd,sha256:274632544f39b2cab5000a3705a0aaa1555606bf9abee5a59022f997027492e0,
glm__glm_5__synthetic_calm_trend_c0_v0_3__c0__e1__seed_47__sample_1,glm,glm-5,synthetic_calm_trend_c0_v0_3,C0,E1,47,1,execute,direct-api,ok,0.206319,20.781718,-0.000934,0.9375,1,13,0,1.0,1.0,24,live_call,sha256:f981b1ced6f6ceba235303970a63b01524e027ec7595a84d94723fa44a4ee7a2,sha256:709d7072812909975c37ff7b36b3d3f32a8eba633db4c9326173ab62051089fe,
glm__glm_5__synthetic_high_volatility_c0_v0_3__c0__e0__seed_47__sample_1,glm,glm-5,synthetic_high_volatility_c0_v0_3,C0,E0,47,1,execute,direct-api,ok,0.219232,13.433203,-0.011593,1.0,0,7,0,1.0,1.0,24,live_call,sha256:b9ba081d84cd0d75a954b1835dbec05a03f470b34f9dbfe59a4c71e0d41ce38f,sha256:8d77202046e661d2ab77b9a38ce89885c6e7c33ba23ce856c22a4276a068bdc9,
glm__glm_5__synthetic_high_volatility_c0_v0_3__c0__e1__seed_47__sample_1,glm,glm-5,synthetic_high_volatility_c0_v0_3,C0,E1,47,1,execute,direct-api,ok,0.191088,11.968261,-0.012541,0.916667,2,3,6,1.0,1.0,24,live_call,sha256:437ab69a067f05d6d5c99f3cb49db77ea9298e92c940df246354b0b6badc372f,sha256:9019b77b923932f1279ed81bd0e2dc3a22d23e075e25f63a671ed37550d07bbe,
glm__glm_5__synthetic_jump_tail_c0_v0_3__c0__e0__seed_47__sample_1,glm,glm-5,synthetic_jump_tail_c0_v0_3,C0,E0,47,1,execute,direct-api,ok,0.205098,7.069565,-0.044959,1.0,0,9,0,1.0,1.0,24,live_call,sha256:0a6e7da24b782c9e6d9c7621fd295b45c0e56cbc7cccfbfe93c44bd2a0146857,sha256:e7337f49b1f1bd38ed443a9a02c0d41867a593b920b5539f446731228eb3cbc9,
glm__glm_5__synthetic_jump_tail_c0_v0_3__c0__e1__seed_47__sample_1,glm,glm-5,synthetic_jump_tail_c0_v0_3,C0,E1,47,1,execute,direct-api,ok,0.215489,5.646184,-0.052127,0.930233,1,5,9,1.0,1.0,24,live_call,sha256:c24ea068e3bed02759707b81f72567f0f8a084f8664b29e1b472dbb3aab89bbd,sha256:873704746e037c848e8da63fa934ad8a7d6c35f883b632cb85df0dba1d5a6ee0,
glm__glm_5__synthetic_calm_trend_c0_v0_3__c0__e0__seed_47__sample_2,glm,glm-5,synthetic_calm_trend_c0_v0_3,C0,E0,47,2,execute,direct-api,ok,0.231018,27.373461,0.0,1.0,0,6,0,1.0,1.0,24,live_call,sha256:90021e0d41280b7056d0fef8ed459ef70483af0c5cc7adc74c5f438027087f2d,sha256:942e4f7b8e2006d91b478fd5d23aca63366346751a06370a58f1a751f084a89f,
glm__glm_5__synthetic_calm_trend_c0_v0_3__c0__e1__seed_47__sample_2,glm,glm-5,synthetic_calm_trend_c0_v0_3,C0,E1,47,2,execute,direct-api,ok,0.196997,21.331903,-0.000934,0.9375,1,8,0,1.0,1.0,24,live_call,sha256:d2964b8855b6ac35554e437e5400bceeab6a7131337a69c2051934517f7faa2a,sha256:b9109900f0fff0f34f2d03c618f6fa3188ccc8ff13364fef2ac26950da843d41,
glm__glm_5__synthetic_high_volatility_c0_v0_3__c0__e0__seed_47__sample_2,glm,glm-5,synthetic_high_volatility_c0_v0_3,C0,E0,47,2,execute,direct-api,ok,0.215675,12.572078,-0.011963,1.0,0,4,2,1.0,1.0,24,live_call,sha256:44f449f5cb040f1d27fdde892adbd1c38b7b2638192659c76c432952462ec5e7,sha256:020d55f587746264994d84aa0449f4ed811157c497182715b4d8ffc8b017e786,
glm__glm_5__synthetic_high_volatility_c0_v0_3__c0__e1__seed_47__sample_2,glm,glm-5,synthetic_high_volatility_c0_v0_3,C0,E1,47,2,execute,direct-api,ok,0.185639,11.642707,-0.014096,0.916667,2,4,6,1.0,1.0,24,live_call,sha256:33c8a34513ead3150cba08c3786d9586aeef6ca9e05306b2918c1e8560171c9b,sha256:9c795aa6f9dd3d686e0882cc750a913213c91a2413325887970c91df1ba7a226,
glm__glm_5__synthetic_jump_tail_c0_v0_3__c0__e0__seed_47__sample_2,glm,glm-5,synthetic_jump_tail_c0_v0_3,C0,E0,47,2,execute,direct-api,ok,0.201021,6.934372,-0.044945,1.0,0,4,0,1.0,1.0,24,live_call,sha256:a8fa03f40a774a9b9c1b1e75a14338cf80ae16e640e6bd5f5e3561bd99a5da9d,sha256:58e520bbca0d9c34d945a7e569dc51292ba7d31a9722504eb27df9a6f61c9b0d,
glm__glm_5__synthetic_jump_tail_c0_v0_3__c0__e1__seed_47__sample_2,glm,glm-5,synthetic_jump_tail_c0_v0_3,C0,E1,47,2,execute,direct-api,ok,0.147697,6.247192,-0.041466,0.954545,0,4,12,1.0,1.0,24,live_call,sha256:4ae3f7839f609a6b7d527e2df8cd93635017a4681101e2f68649b66c654fbb31,sha256:9af695860306d3a2e249756263bbf92a106cec774cd13f8d54952550b11c6d8e,
glm__glm_5__synthetic_calm_trend_c0_v0_3__c0__e0__seed_53__sample_0,glm,glm-5,synthetic_calm_trend_c0_v0_3,C0,E0,53,0,execute,direct-api,ok,0.194329,22.030839,-0.001149,1.0,0,4,1,1.0,1.0,24,live_call,sha256:51179efd56f3c36ca31bf3d3be922d53408ac9f67c504e01d123aed14d2bf881,sha256:10d37b1dda832def1eecbcbf104687293d3901a11c5b2e0db763ae1852d0dca9,
glm__glm_5__synthetic_calm_trend_c0_v0_3__c0__e1__seed_53__sample_0,glm,glm-5,synthetic_calm_trend_c0_v0_3,C0,E1,53,0,execute,direct-api,ok,0.175388,21.563552,-0.001389,0.956522,0,13,1,1.0,1.0,24,live_call,sha256:f321d3901c98e712064efb8f1f6498e126398512247d20859a0910db61bcd4fd,sha256:0676162024b873ab0560e0548301b388a5499ad979f681d1bfd870cd85e3aa7f,
glm__glm_5__synthetic_high_volatility_c0_v0_3__c0__e0__seed_53__sample_0,glm,glm-5,synthetic_high_volatility_c0_v0_3,C0,E0,53,0,execute,direct-api,ok,0.163784,10.471229,-0.01358,1.0,0,6,3,1.0,1.0,24,live_call,sha256:cac6b923d77135940a6d47212b8dd812d3f02278f400a889a22d9dea53d675b3,sha256:9b56536ca8305f0dd7b3ac8849e8235fbfff893ae263828186adac3cf5936250,
glm__glm_5__synthetic_high_volatility_c0_v0_3__c0__e1__seed_53__sample_0,glm,glm-5,synthetic_high_volatility_c0_v0_3,C0,E1,53,0,execute,direct-api,ok,0.138795,8.32803,-0.034493,0.955556,0,1,5,1.0,1.0,24,live_call,sha256:a09ba42d0ef689d2e642ed609fe678b0186aa6573e5f13b08dec6a733126649f,sha256:d8abadc63d880aa9c778f4be76672bb2f95a10935297ded0bb9a57b294575f34,
glm__glm_5__synthetic_jump_tail_c0_v0_3__c0__e0__seed_53__sample_0,glm,glm-5,synthetic_jump_tail_c0_v0_3,C0,E0,53,0,execute,direct-api,ok,0.342926,10.26843,-0.030745,1.0,0,5,2,1.0,1.0,24,live_call,sha256:ba3bea4fc0fe42956897fa7876ae62e3b0b4b71cd16bde6358c02c5f513a7eec,sha256:add2e41f323936e6f30fa8171323f725792f0bce7192eb52e56623c81d687cb9,
glm__glm_5__synthetic_jump_tail_c0_v0_3__c0__e1__seed_53__sample_0,glm,glm-5,synthetic_jump_tail_c0_v0_3,C0,E1,53,0,execute,direct-api,ok,0.301237,12.259237,-0.021919,0.956522,0,6,9,1.0,1.0,24,live_call,sha256:4a23273f879ddf06b42a7f795ce7be84385c7bbf348269cdb69fa098c2ee084b,sha256:1330f065a5f2646056e3c811b1f3cab73d4b7bd52ccc1b96e3a92eb44946c7e6,
glm__glm_5__synthetic_calm_trend_c0_v0_3__c0__e0__seed_53__sample_1,glm,glm-5,synthetic_calm_trend_c0_v0_3,C0,E0,53,1,execute,direct-api,ok,0.191758,21.712944,-0.001149,1.0,0,5,1,1.0,1.0,24,live_call,sha256:ddb31c8c7f33d2ab0f3405c5cdd0b13cff25784eeea279b16d2aea2bfb533a47,sha256:08512d3424d38dcab9f293f9ead6e048a4decf63664e981ef98e060204cbbf3c,
glm__glm_5__synthetic_calm_trend_c0_v0_3__c0__e1__seed_53__sample_1,glm,glm-5,synthetic_calm_trend_c0_v0_3,C0,E1,53,1,execute,direct-api,ok,0.150864,19.243653,-0.001269,0.95122,0,9,3,1.0,1.0,24,live_call,sha256:d0d120150000ad4cdf10882ea46ee60a6f1294fbee1a8785b37551e94045fb62,sha256:81e741e6d596ec95c49b5e26476d998128709ce836703c0842ccd6d11a7c9a3e,
glm__glm_5__synthetic_high_volatility_c0_v0_3__c0__e0__seed_53__sample_1,glm,glm-5,synthetic_high_volatility_c0_v0_3,C0,E0,53,1,execute,direct-api,ok,0.162677,10.366629,-0.014722,1.0,0,5,3,1.0,1.0,24,live_call,sha256:a5d46244a4189954fcc8deaf92f14c49f88ad4362250f2ee27361e78eaf6be5d,sha256:0a11fb96be3318e3edf0e621ab4593aef6d4148e6eaac4c77aff3d4fb8de304d,
glm__glm_5__synthetic_high_volatility_c0_v0_3__c0__e1__seed_53__sample_1,glm,glm-5,synthetic_high_volatility_c0_v0_3,C0,E1,53,1,execute,direct-api,ok,0.141383,8.244774,-0.03179,0.956522,0,6,5,1.0,1.0,24,live_call,sha256:bc0f547f3395cd1f3f0b6c3dadea4b2761e22231bcfcd285ff30b3ed63c56d06,sha256:dcd4d86df8a04af46fc03a2d470496f1d182029f6be49ccb029baba9a85db192,
glm__glm_5__synthetic_jump_tail_c0_v0_3__c0__e0__seed_53__sample_1,glm,glm-5,synthetic_jump_tail_c0_v0_3,C0,E0,53,1,execute,direct-api,ok,0.315099,10.264535,-0.030817,1.0,0,11,2,1.0,1.0,24,live_call,sha256:f0e5c1e3b71282653c850b30598e402e4dd1b4b1dcb2158b97f7f52b3a0810ba,sha256:908a36df1b42e2100331743c8242e76efa0b8d359f36f498f4ccca5ccc618a44,
glm__glm_5__synthetic_jump_tail_c0_v0_3__c0__e1__seed_53__sample_1,glm,glm-5,synthetic_jump_tail_c0_v0_3,C0,E1,53,1,execute,direct-api,ok,0.337219,12.085456,-0.028629,0.956522,0,5,9,1.0,1.0,24,live_call,sha256:86fce12497470351c5c9dfd780dac3fbed512e8b100c2d27ac72f5bc8dd66a58,sha256:da758872740962f9b6f346e9230dcf3f2bfed0ddbf647dad519683cab4712391,
glm__glm_5__synthetic_calm_trend_c0_v0_3__c0__e0__seed_53__sample_2,glm,glm-5,synthetic_calm_trend_c0_v0_3,C0,E0,53,2,execute,direct-api,ok,0.167555,22.750181,-0.001149,1.0,0,5,4,1.0,1.0,24,live_call,sha256:5ccd92335267aaf3f24a2b9d704527eebf9c7c0dc78ab8763a25071ea3cfc7b6,sha256:797a100db049518c8a906e44f4cb7aba9fa3a1e8fd511c134ffd9f8dbe474287,
glm__glm_5__synthetic_calm_trend_c0_v0_3__c0__e1__seed_53__sample_2,glm,glm-5,synthetic_calm_trend_c0_v0_3,C0,E1,53,2,execute,direct-api,ok,0.180444,21.969318,-0.001639,0.956522,0,14,1,1.0,1.0,24,live_call,sha256:681b521de7f5be4df33c67a95b7ea89c8446d1de69c69fa8b7ee2053259d6a33,sha256:4b1443e8ef00670b5c4b95b31f55345bbb2241416a1e5e907c94943c8d728bee,
glm__glm_5__synthetic_high_volatility_c0_v0_3__c0__e0__seed_53__sample_2,glm,glm-5,synthetic_high_volatility_c0_v0_3,C0,E0,53,2,execute,direct-api,ok,0.149728,10.689076,-0.014609,1.0,0,3,4,1.0,1.0,24,live_call,sha256:b7e13b005d6a2405415db81b56e6a3ca6afd2b48996b51707a7538a3b3829981,sha256:4d674b1459d7a898f6256df7267c7883bfec960647aa4ef8048834101d739d08,
glm__glm_5__synthetic_high_volatility_c0_v0_3__c0__e1__seed_53__sample_2,glm,glm-5,synthetic_high_volatility_c0_v0_3,C0,E1,53,2,execute,direct-api,ok,0.146458,8.793204,-0.029246,0.957447,0,14,4,1.0,1.0,24,live_call,sha256:fbd5c6df81aa019f358c6ee1080743ee1f921d3acf004e21a98ba6c3b338672b,sha256:24d42272e0414feaca7449495a19f580328476413a231cde2dd8c47865c91358,
glm__glm_5__synthetic_jump_tail_c0_v0_3__c0__e0__seed_53__sample_2,glm,glm-5,synthetic_jump_tail_c0_v0_3,C0,E0,53,2,execute,direct-api,ok,0.357791,10.997943,-0.030744,1.0,0,8,1,1.0,1.0,24,live_call,sha256:dc5a03602b01f3fe3eff94cc0fb97f915fb74b72823379cb4e5bfa295a79b131,sha256:fd2eda8d8a55833b16ee46a35e56ba8295bef71b765b010a4e8e222c24a85194,
glm__glm_5__synthetic_jump_tail_c0_v0_3__c0__e1__seed_53__sample_2,glm,glm-5,synthetic_jump_tail_c0_v0_3,C0,E1,53,2,execute,direct-api,ok,0.33093,10.524023,-0.027661,0.956522,0,5,9,1.0,1.0,24,live_call,sha256:4488369b8beb7c20234223fad9d4083605570866a8e7e9eb83a17169b4d6caa2,sha256:1172de94c0320056fc3c11e24a3dc0eaf36237e57d92bd0c4320f560708c80e3,
glm__glm_5_turbo__synthetic_calm_trend_c0_v0_3__c0__e0__seed_7__sample_0,glm,glm-5-turbo,synthetic_calm_trend_c0_v0_3,C0,E0,7,0,execute,direct-api,ok,0.051314,20.380117,-0.001683,1.0,0,0,22,1.0,1.0,24,live_call,sha256:910409c9967e04305d7c7c34f3dec937d9fd7064388de4808db0ef2443e6b385,sha256:f1250b3d06e293d67e29e6f50793bbbbc398388c8723e2e8f742cbccc9550078,
glm__glm_5_turbo__synthetic_calm_trend_c0_v0_3__c0__e1__seed_7__sample_0,glm,glm-5-turbo,synthetic_calm_trend_c0_v0_3,C0,E1,7,0,execute,direct-api,ok,0.044929,19.271781,-0.001156,0.956522,0,3,20,1.0,1.0,24,live_call,sha256:62b3f7b23a72d190f41037c85736e8642e30b6f498624098b237d72e08a8fb03,sha256:e675e534d10f5cba1e462d7752dce74a1d3385c027b0c84c39d37d8ff5661cd6,
glm__glm_5_turbo__synthetic_high_volatility_c0_v0_3__c0__e0__seed_7__sample_0,glm,glm-5-turbo,synthetic_high_volatility_c0_v0_3,C0,E0,7,0,execute,direct-api,ok,0.07188,8.253286,-0.010515,1.0,0,2,17,1.0,1.0,24,live_call,sha256:c2ded810088e4df3bb0603762890ad0ff2c23aa2168337274331de6df8f5020e,sha256:819dc50a900e6cd493e009e5599945bb2f65b15027efce4dfa37d5fb2d41341c,
glm__glm_5_turbo__synthetic_high_volatility_c0_v0_3__c0__e1__seed_7__sample_0,glm,glm-5-turbo,synthetic_high_volatility_c0_v0_3,C0,E1,7,0,execute,direct-api,ok,0.042723,8.976606,-0.005691,0.954545,0,2,19,1.0,1.0,24,live_call,sha256:4ec587b791750a446da0706a7b946f7e91668c3216aeae1a1bf434f526a782e4,sha256:67d283b028e8b57f7766a834b6f34eb4e9f06a87c8f4396a5c5ea103f45e84aa,
glm__glm_5_turbo__synthetic_jump_tail_c0_v0_3__c0__e0__seed_7__sample_0,glm,glm-5-turbo,synthetic_jump_tail_c0_v0_3,C0,E0,7,0,execute,direct-api,ok,0.092086,6.985765,-0.021653,1.0,0,2,29,1.0,1.0,24,live_call,sha256:bfc1094800c54d44407d8c7e196c9fb1fcce678f65d202a63341847eca3e5862,sha256:36fb25e00f319c004311e5ec8a1ce11901a5c6f35d1fe6e6200b5801f4b0298f,
glm__glm_5_turbo__synthetic_jump_tail_c0_v0_3__c0__e1__seed_7__sample_0,glm,glm-5-turbo,synthetic_jump_tail_c0_v0_3,C0,E1,7,0,execute,direct-api,ok,0.175734,9.479814,-0.020947,0.952381,0,7,30,1.0,1.0,24,live_call,sha256:bebe2b969aa5432f4ad7de655265f0a97c8bfcf4c3fe820e108f22f081009509,sha256:17e837df91526ca8c72ded10ad92352b0940c804790bf92e77457e4d94b20e8f,
glm__glm_5_turbo__synthetic_calm_trend_c0_v0_3__c0__e0__seed_7__sample_1,glm,glm-5-turbo,synthetic_calm_trend_c0_v0_3,C0,E0,7,1,execute,direct-api,ok,0.051299,20.371137,-0.001683,1.0,0,0,22,1.0,1.0,24,live_call,sha256:68731d1988fbe71ebeb96ecf0c0f742953a725a8d3af41e011f714160d47bdf2,sha256:89a628939ab40114144f4676ced241a36b98842663dcb1e64bd7eb3987e029c9,
glm__glm_5_turbo__synthetic_calm_trend_c0_v0_3__c0__e1__seed_7__sample_1,glm,glm-5-turbo,synthetic_calm_trend_c0_v0_3,C0,E1,7,1,execute,direct-api,ok,0.077965,20.070685,-0.002533,0.958333,0,2,21,1.0,1.0,24,live_call,sha256:746e8b196fd93989f4b99b8bda91478a1b7a1d4e46008748a4a5ccfd86cba013,sha256:a14a4e97835b7f4dce06a7af5e0d99b90cf038af7cb2c7f415abac166e839945,
glm__glm_5_turbo__synthetic_high_volatility_c0_v0_3__c0__e0__seed_7__sample_1,glm,glm-5-turbo,synthetic_high_volatility_c0_v0_3,C0,E0,7,1,execute,direct-api,ok,0.044679,7.993929,-0.005719,1.0,0,0,19,1.0,1.0,24,live_call,sha256:48720a8d763b5bba6b5e5d3b03780b11603cb26038ef5fc293daa850330dfd22,sha256:3d0cb2d123bfa64770bf09a9a65a58a57d28add169796843f98f20d19fd0dbea,
glm__glm_5_turbo__synthetic_high_volatility_c0_v0_3__c0__e1__seed_7__sample_1,glm,glm-5-turbo,synthetic_high_volatility_c0_v0_3,C0,E1,7,1,execute,direct-api,ok,0.034598,7.899484,-0.00461,0.958333,0,2,18,1.0,1.0,24,live_call,sha256:c73d96bdf248039a324378341cca51627bc827f946d2758d04e875a9aab0f09a,sha256:c64b0400d6ce2b358ac7876e60ab64154af8a90063cf923e4880fba3b523300d,
glm__glm_5_turbo__synthetic_jump_tail_c0_v0_3__c0__e0__seed_7__sample_1,glm,glm-5-turbo,synthetic_jump_tail_c0_v0_3,C0,E0,7,1,execute,direct-api,ok,0.046815,5.941468,-0.012907,1.0,0,0,30,1.0,1.0,24,live_call,sha256:9fff4ed6018465f6086a0afd7f29588f1fa0bf16e047642d3ccb4f90014217ef,sha256:841d94efc18846e13cc1ff71999576e0bf918ef663f912b841955544d7411276,
glm__glm_5_turbo__synthetic_jump_tail_c0_v0_3__c0__e1__seed_7__sample_1,glm,glm-5-turbo,synthetic_jump_tail_c0_v0_3,C0,E1,7,1,execute,direct-api,ok,0.110946,9.356486,-0.012281,0.875,2,8,12,1.0,1.0,24,live_call,sha256:c98905114f41596d9503a7f76e21265546e9090ff59b4f586e3da225dd4bed4a,sha256:b39f3a3698fb98d98298b5c3fddfa95bdbde45c460bd0e69e7536418b253c45f,
glm__glm_5_turbo__synthetic_calm_trend_c0_v0_3__c0__e0__seed_7__sample_2,glm,glm-5-turbo,synthetic_calm_trend_c0_v0_3,C0,E0,7,2,execute,direct-api,ok,0.051299,20.371137,-0.001683,1.0,0,0,22,1.0,1.0,24,live_call,sha256:4ebaf5391bbe84fc3066227fcc407b721a115f4d8df4e5b9dbd17894b80e0ebc,sha256:0fc1897730c2f64d49d1a3586a886e08fedaa5f51a4817fb03b57666dc784b7d,
glm__glm_5_turbo__synthetic_calm_trend_c0_v0_3__c0__e1__seed_7__sample_2,glm,glm-5-turbo,synthetic_calm_trend_c0_v0_3,C0,E1,7,2,execute,direct-api,ok,0.078429,20.135022,-0.002506,0.956522,0,2,21,1.0,1.0,24,live_call,sha256:f72ca02dc69e5243ce032823ef8d11ede766dccddac55f2cc8be4ad7647d23ae,sha256:bb11b0d91089accb0b2d332d63662601cda4aef406f190171c71fba6e14f462a,
glm__glm_5_turbo__synthetic_high_volatility_c0_v0_3__c0__e0__seed_7__sample_2,glm,glm-5-turbo,synthetic_high_volatility_c0_v0_3,C0,E0,7,2,execute,direct-api,ok,0.044934,8.043997,-0.00571,1.0,0,0,20,1.0,1.0,24,live_call,sha256:d83376c70f2fe39abbf1a1a60c932d362a0626e4f40bd98514c192c8203a59e2,sha256:69d963f7b7964759a8097f9e423b1711b26740d7d17a1fb516f804583bb09b08,
glm__glm_5_turbo__synthetic_high_volatility_c0_v0_3__c0__e1__seed_7__sample_2,glm,glm-5-turbo,synthetic_high_volatility_c0_v0_3,C0,E1,7,2,execute,direct-api,ok,0.039636,7.873691,-0.005584,0.958333,0,2,17,1.0,1.0,24,live_call,sha256:1e768636982d390e61506e1e55f1433d8d7b4601c23e34ebb2b4aa4cceb19431,sha256:e0a644fbb60f8c82605cd9c09803d0059e2a35569e05de73d3b68ba04368d0eb,
glm__glm_5_turbo__synthetic_jump_tail_c0_v0_3__c0__e0__seed_7__sample_2,glm,glm-5-turbo,synthetic_jump_tail_c0_v0_3,C0,E0,7,2,execute,direct-api,ok,0.108785,8.977285,-0.019096,1.0,0,0,20,1.0,1.0,24,live_call,sha256:ecff43d04eba350c96c37c1e4fc8cee23be7d1b5927ac1a162fe4f5dc5d9a993,sha256:98bc33cbfa6e253e8b45e9afe5eba22442552c6898850d51824733a706baf11a,
glm__glm_5_turbo__synthetic_jump_tail_c0_v0_3__c0__e1__seed_7__sample_2,glm,glm-5-turbo,synthetic_jump_tail_c0_v0_3,C0,E1,7,2,execute,direct-api,ok,0.040984,6.587306,-0.009879,0.894737,2,5,24,1.0,1.0,24,live_call,sha256:4c6e44ba3096b288e4de8b7de88b015c7669fbb6a7f11e7e7a3a3f9c53c5bd0b,sha256:6a47d0aff2745a876341c8b04049826e58fc8d23a10985708dac9342d4e5b72b,
glm__glm_5_turbo__synthetic_calm_trend_c0_v0_3__c0__e0__seed_11__sample_0,glm,glm-5-turbo,synthetic_calm_trend_c0_v0_3,C0,E0,11,0,execute,direct-api,ok,0.13269,28.349326,0.0,1.0,0,2,23,1.0,1.0,24,live_call,sha256:06187783110383f6e6aecc24e66ef4ea4bffc11f76623cafd7edd0b8c6fbf8f9,sha256:67137eb25a2a0a9fa37f3707ff1be3428c225b69615f7fe03745003b57bd590b,
glm__glm_5_turbo__synthetic_calm_trend_c0_v0_3__c0__e1__seed_11__sample_0,glm,glm-5-turbo,synthetic_calm_trend_c0_v0_3,C0,E1,11,0,execute,direct-api,ok,0.065723,19.150017,-0.001024,0.958333,0,3,21,1.0,1.0,24,live_call,sha256:0a023e556232943cae9d9a53912d33692a40d3d09328384423c7e334e05032df,sha256:35a79230b1b7e4b067e5fd16d25539c57173f974c174a60644225278616d2faf,
glm__glm_5_turbo__synthetic_high_volatility_c0_v0_3__c0__e0__seed_11__sample_0,glm,glm-5-turbo,synthetic_high_volatility_c0_v0_3,C0,E0,11,0,execute,direct-api,ok,0.157213,15.820599,-0.001052,1.0,0,2,21,1.0,1.0,24,live_call,sha256:ef081526c0e1f5ae14cc8659048ffcbe6614550d8351b382a16af36df984dba7,sha256:b986387c0611745552f3a8a3baaa5ffa596f32802c82a0990c68f9dda0d42fc4,
glm__glm_5_turbo__synthetic_high_volatility_c0_v0_3__c0__e1__seed_11__sample_0,glm,glm-5-turbo,synthetic_high_volatility_c0_v0_3,C0,E1,11,0,execute,direct-api,ok,0.075169,13.218601,-0.00145,0.954545,0,4,21,1.0,1.0,24,live_call,sha256:a0f4f28339c0d3de79d282d5d39582d40dffeafb6a2de831f1ca27f62ffc213b,sha256:1bd6503b23fe647f72ff5049684960e03b564eb50c24a772ccdbdf5eb4ce6ffe,
glm__glm_5_turbo__synthetic_jump_tail_c0_v0_3__c0__e0__seed_11__sample_0,glm,glm-5-turbo,synthetic_jump_tail_c0_v0_3,C0,E0,11,0,execute,direct-api,ok,0.084153,8.463303,-0.005416,1.0,0,0,19,1.0,1.0,24,live_call,sha256:ff65312a02f5a5676ed332ee016215c9d1cee6c63cef58cc96f8d8aa9ad8cb1b,sha256:dc9f8582f9c1a07ce16b2cd7bd7957ea46e7aa7680545cf86e4096d2059a0cff,
glm__glm_5_turbo__synthetic_jump_tail_c0_v0_3__c0__e1__seed_11__sample_0,glm,glm-5-turbo,synthetic_jump_tail_c0_v0_3,C0,E1,11,0,execute,direct-api,ok,0.138511,12.628124,-0.00455,0.948718,0,0,6,1.0,1.0,24,live_call,sha256:a19e026966c4335b4341cf800711be206cb850ff0b4159c85326c357ccc68279,sha256:f2a0ecdf3551c430b9a9891b114d1385dfea796b2431f51f92ece03157c9ef18,
glm__glm_5_turbo__synthetic_calm_trend_c0_v0_3__c0__e0__seed_11__sample_1,glm,glm-5-turbo,synthetic_calm_trend_c0_v0_3,C0,E0,11,1,execute,direct-api,ok,0.13269,28.349326,0.0,1.0,0,2,23,1.0,1.0,24,live_call,sha256:cd905d2cc4735badc66c1d2b41d3640c8310675de8110896f947d3830ff09400,sha256:a8a1aae11681928fc3c0c6f90886e9d5e89bf9be360e0b15da73b97bf63c4ece,
glm__glm_5_turbo__synthetic_calm_trend_c0_v0_3__c0__e1__seed_11__sample_1,glm,glm-5-turbo,synthetic_calm_trend_c0_v0_3,C0,E1,11,1,execute,direct-api,ok,0.107787,19.298801,-0.000877,0.947368,0,4,23,1.0,1.0,24,live_call,sha256:54b454db72f318fd3f836e7324275455237319b7feb756f80e8aec702ce62354,sha256:b004594e4cf4f82df239a252dce0486ea9bcb793b59bda52732c0a1111c99bcc,
glm__glm_5_turbo__synthetic_high_volatility_c0_v0_3__c0__e0__seed_11__sample_1,glm,glm-5-turbo,synthetic_high_volatility_c0_v0_3,C0,E0,11,1,execute,direct-api,ok,0.157213,15.820599,-0.001052,1.0,0,3,22,1.0,1.0,24,live_call,sha256:333818f481fbbf7f6ef1a62b40d070e8f6cc88a96990794be63d803db417b033,sha256:ceaea4c36aa01d38d2236ce413aaae48b69a85336aac584d25932d9dd5e4498e,
glm__glm_5_turbo__synthetic_high_volatility_c0_v0_3__c0__e1__seed_11__sample_1,glm,glm-5-turbo,synthetic_high_volatility_c0_v0_3,C0,E1,11,1,execute,direct-api,ok,0.091712,14.359042,-0.00145,1.0,0,4,22,1.0,1.0,24,live_call,sha256:2da997f75766d4df121c4188ede685b084d4c825923a09ff09e0b26844d70f35,sha256:94ac30e1d09e7c0cd5a757709fdaa9ba637c3fb2df1bbc49406842911b1b2627,
glm__glm_5_turbo__synthetic_jump_tail_c0_v0_3__c0__e0__seed_11__sample_1,glm,glm-5-turbo,synthetic_jump_tail_c0_v0_3,C0,E0,11,1,execute,direct-api,ok,0.112094,8.039641,-0.007323,1.0,0,0,21,1.0,1.0,24,live_call,sha256:715ca3d5ffb9071360723c80d2f11ddfd41ffbbcc66da3c9f3c795d78ea940e3,sha256:5755af41ada1281920b40d2dcc1c3e14cf16121f875dee3e2152978769485da9,
glm__glm_5_turbo__synthetic_jump_tail_c0_v0_3__c0__e1__seed_11__sample_1,glm,glm-5-turbo,synthetic_jump_tail_c0_v0_3,C0,E1,11,1,execute,direct-api,ok,0.037291,4.08812,-0.019836,0.941176,1,3,26,1.0,1.0,24,live_call,sha256:538b8a55980125b1975f2b4ebf29e6348be6e7f950c6c258d326f4794faa1b49,sha256:67fbdd9f34b6c13e9af6e5f10f74bb06456779e8faff17cf995cd4260beb01e5,
glm__glm_5_turbo__synthetic_calm_trend_c0_v0_3__c0__e0__seed_11__sample_2,glm,glm-5-turbo,synthetic_calm_trend_c0_v0_3,C0,E0,11,2,execute,direct-api,ok,0.13269,28.349326,0.0,1.0,0,1,21,1.0,1.0,24,live_call,sha256:813e36e943da42f921cec5f5768eadbc836c0938a8c8a41fd951446d3901ec05,sha256:8160c189dce160c2275a01fcd1a46f2169975c35381c7265edcd29de3ce4bfad,
glm__glm_5_turbo__synthetic_calm_trend_c0_v0_3__c0__e1__seed_11__sample_2,glm,glm-5-turbo,synthetic_calm_trend_c0_v0_3,C0,E1,11,2,execute,direct-api,ok,0.069623,18.077127,-0.001024,0.954545,0,4,21,1.0,1.0,24,live_call,sha256:1fdc4da4913804f6576fe528d57f6a35df977196e6634698465854f173d26ec3,sha256:7e41f262a08ad702cdb5f227c9ca3dad00e009957769acbed360b1e2c6e392d5,
glm__glm_5_turbo__synthetic_high_volatility_c0_v0_3__c0__e0__seed_11__sample_2,glm,glm-5-turbo,synthetic_high_volatility_c0_v0_3,C0,E0,11,2,execute,direct-api,ok,0.157213,15.820599,-0.001052,1.0,0,4,22,1.0,1.0,24,live_call,sha256:17b055e4e3a5b3610027a30d871d309235c4ba434f5b7478aaa258f2bc7e781f,sha256:b4feaf27630261bf30322623829a9aa5849f963474afb57057bf1772be013c8f,
glm__glm_5_turbo__synthetic_high_volatility_c0_v0_3__c0__e1__seed_11__sample_2,glm,glm-5-turbo,synthetic_high_volatility_c0_v0_3,C0,E1,11,2,execute,direct-api,ok,0.094841,14.554455,-0.00145,1.0,0,4,22,1.0,1.0,24,live_call,sha256:10aebaa77399f7ffc7f11eb21d6527ebf03fe6152b18dde398f346325204017e,sha256:a9a352dfa7e1e64d978da96406ea43e186b55acf8cee281fdb3c66207cbed0be,
glm__glm_5_turbo__synthetic_jump_tail_c0_v0_3__c0__e0__seed_11__sample_2,glm,glm-5-turbo,synthetic_jump_tail_c0_v0_3,C0,E0,11,2,execute,direct-api,ok,0.115279,8.247798,-0.007323,1.0,0,0,18,1.0,1.0,24,live_call,sha256:635190a43b4454cddd0597151c80e4764455603a089f4134ef9a004ec933208b,sha256:c3d9a4ba861b75fb84179e3a3e2b136de67b5b16e761d12d6dae7f73550d20b0,
glm__glm_5_turbo__synthetic_jump_tail_c0_v0_3__c0__e1__seed_11__sample_2,glm,glm-5-turbo,synthetic_jump_tail_c0_v0_3,C0,E1,11,2,execute,direct-api,ok,0.136997,12.683377,-0.00455,0.945946,0,0,6,1.0,1.0,24,live_call,sha256:e7eac1a82e9bfaf6a8a37029187d9003ebd9717131b458091c473e2e0fce2480,sha256:4713f45fbf8720ba970e3277d3fdafba56fc583162f3df5125b241e2608ee4c2,
glm__glm_5_turbo__synthetic_calm_trend_c0_v0_3__c0__e0__seed_17__sample_0,glm,glm-5-turbo,synthetic_calm_trend_c0_v0_3,C0,E0,17,0,execute,direct-api,ok,0.104597,16.339675,-0.002546,1.0,0,2,20,1.0,1.0,24,live_call,sha256:f9751dcfd39f57e217127584f7ce9d8db994df05294e0cdafe650fbb79ae55fb,sha256:5ff098d43e8d4ee279811ce489e23e18fb21bea0d70b9700dba1ccf02be8151f,
glm__glm_5_turbo__synthetic_calm_trend_c0_v0_3__c0__e1__seed_17__sample_0,glm,glm-5-turbo,synthetic_calm_trend_c0_v0_3,C0,E1,17,0,execute,direct-api,ok,0.092943,14.583461,-0.002546,0.956522,0,3,21,1.0,1.0,24,live_call,sha256:1e51e15de72d0e3dbf2515886d38c3f60b6e5a42a63821fcadc68ccac9ded190,sha256:667d54935bfad659f1b4ff41c0823b5ddb52f6375e20a70ea67b150470300bb7,
glm__glm_5_turbo__synthetic_high_volatility_c0_v0_3__c0__e0__seed_17__sample_0,glm,glm-5-turbo,synthetic_high_volatility_c0_v0_3,C0,E0,17,0,execute,direct-api,ok,0.089653,6.53496,-0.014698,1.0,0,2,18,1.0,1.0,24,live_call,sha256:c42230b163eec11a429edf3160d7ff847ef221371c7bb1f1f0943d304815f0f6,sha256:3f9da2344d90343d1dbf1de9bf968372960b9444566238225276831e7097db3c,
glm__glm_5_turbo__synthetic_high_volatility_c0_v0_3__c0__e1__seed_17__sample_0,glm,glm-5-turbo,synthetic_high_volatility_c0_v0_3,C0,E1,17,0,execute,direct-api,ok,0.017501,4.348004,-0.006092,0.965517,1,4,12,1.0,1.0,24,live_call,sha256:086958b50f78212ba614a369b4ff8f835b5b0dc94e01fc3888f13eea4de4b08d,sha256:d3cfb65a585e45739de9a68b7e2172787599d1c42074641e36410cf57c05e81b,
glm__glm_5_turbo__synthetic_jump_tail_c0_v0_3__c0__e0__seed_17__sample_0,glm,glm-5-turbo,synthetic_jump_tail_c0_v0_3,C0,E0,17,0,execute,direct-api,ok,-0.007458,-1.429373,-0.015711,1.0,0,0,26,1.0,1.0,24,live_call,sha256:41e3b5881eed0c07bb9a32d90a97b1aabf6a9af2a679ecec0ba6eea351db4bfd,sha256:571c853d9ed9dbb4128c386b350aed60c8580992a127c0a6aede0eb547b724e1,
glm__glm_5_turbo__synthetic_jump_tail_c0_v0_3__c0__e1__seed_17__sample_0,glm,glm-5-turbo,synthetic_jump_tail_c0_v0_3,C0,E1,17,0,execute,direct-api,ok,0.119044,7.206994,-0.026897,0.947368,0,1,9,1.0,1.0,24,live_call,sha256:e531a794634fd77f5e271dac12e6aee537a51f01c0b05d1f846f5bb920773816,sha256:ec435cd8d8c5a8cc5daafb35c7c2b9a67f947ff0db94cf0ed40cc198cf985b6f,
glm__glm_5_turbo__synthetic_calm_trend_c0_v0_3__c0__e0__seed_17__sample_1,glm,glm-5-turbo,synthetic_calm_trend_c0_v0_3,C0,E0,17,1,execute,direct-api,ok,0.058595,16.339535,-0.001455,1.0,0,0,22,1.0,1.0,24,live_call,sha256:9456b57080e083fa0f2a3967dbcc55af2ac30a441ebd512694fde7f1a528bc12,sha256:b9a094f7976c513dc6eb34cbe8f5376dfb19691e38148d433186c3e933d24bfa,
glm__glm_5_turbo__synthetic_calm_trend_c0_v0_3__c0__e1__seed_17__sample_1,glm,glm-5-turbo,synthetic_calm_trend_c0_v0_3,C0,E1,17,1,execute,direct-api,ok,0.11791,21.271832,-0.000633,0.947368,0,2,2,1.0,1.0,24,live_call,sha256:ab2d8ba04e5e6c881c6e445888d4ad045e12716ed117df5721ee815186075e67,sha256:bdce96a174ad53943a65e9e1448bb269fead0aa6b8a493021aff06bbbc3b07cd,
glm__glm_5_turbo__synthetic_high_volatility_c0_v0_3__c0__e0__seed_17__sample_1,glm,glm-5-turbo,synthetic_high_volatility_c0_v0_3,C0,E0,17,1,execute,direct-api,ok,0.089653,6.53496,-0.014698,1.0,0,3,21,1.0,1.0,24,live_call,sha256:2921544856d2d9a783909526118b9f9e9776be5d11e656fb1a9b1d95f2926a7d,sha256:c5c7a247916d5c42d997cde307f182c4e4927bcdabda75542402edd2ded2273e,
glm__glm_5_turbo__synthetic_high_volatility_c0_v0_3__c0__e1__seed_17__sample_1,glm,glm-5-turbo,synthetic_high_volatility_c0_v0_3,C0,E1,17,1,execute,direct-api,ok,0.029668,4.921652,-0.007629,0.961538,0,5,13,1.0,1.0,24,live_call,sha256:63e2a89467d9b29288ecc3ad5c7ae0649b40820e17bdc4bc123d74334ed9ba0c,sha256:a786f5faedf6cfe48b9a39df178aeaa2efcf14703556f7676048cf578481ee0c,
glm__glm_5_turbo__synthetic_jump_tail_c0_v0_3__c0__e0__seed_17__sample_1,glm,glm-5-turbo,synthetic_jump_tail_c0_v0_3,C0,E0,17,1,execute,direct-api,ok,0.221659,9.174251,-0.027604,1.0,0,1,0,1.0,1.0,24,live_call,sha256:bc36ac57e8dbaf4e516b4428a0232e952573c9f737cde2f3cde3c70755322177,sha256:87f960949294e721278bc26f5047251760079d89220f4f072734b3a3bb8eda9e,
glm__glm_5_turbo__synthetic_jump_tail_c0_v0_3__c0__e1__seed_17__sample_1,glm,glm-5-turbo,synthetic_jump_tail_c0_v0_3,C0,E1,17,1,execute,direct-api,ok,0.027221,5.291255,-0.007186,0.909091,1,0,37,1.0,1.0,24,live_call,sha256:0e52946df95f7568c92466cbfebfdcb2045d0c62bcc9e9f8a127765f0dfb7d2f,sha256:1b3bf37edb37069561782ef311a49a43b3a612fa72e356f93d84388625ef8884,
glm__glm_5_turbo__synthetic_calm_trend_c0_v0_3__c0__e0__seed_17__sample_2,glm,glm-5-turbo,synthetic_calm_trend_c0_v0_3,C0,E0,17,2,execute,direct-api,ok,0.08921,16.360483,-0.002182,1.0,0,0,20,1.0,1.0,24,live_call,sha256:069aacab43c35ad2e8862a48c11ea5fd7f929ec92467d7f0e66d64b22f0e5f19,sha256:bc2adffee17291411a9c62cea8c7c9c3a1b107a3f0308c7f0af8e6fb7911b132,
glm__glm_5_turbo__synthetic_calm_trend_c0_v0_3__c0__e1__seed_17__sample_2,glm,glm-5-turbo,synthetic_calm_trend_c0_v0_3,C0,E1,17,2,execute,direct-api,ok,0.05819,16.341972,-0.001113,0.928571,1,4,10,1.0,1.0,24,live_call,sha256:7dcf1d0f956450cd8fa43bd931d9ba708daf5f69730bbc959d04d8ae64b6b937,sha256:1285c5323eb8fff1c77d9a866840273f2c155cd4833204b5e5f10e32bebc8376,
glm__glm_5_turbo__synthetic_high_volatility_c0_v0_3__c0__e0__seed_17__sample_2,glm,glm-5-turbo,synthetic_high_volatility_c0_v0_3,C0,E0,17,2,execute,direct-api,ok,0.089653,6.53496,-0.014698,1.0,0,2,18,1.0,1.0,24,live_call,sha256:0ee8c477893071ff9a43f45a5dd30245096aa19c95e5d8128b826e60584f4c1d,sha256:f42e4e699b4dea478dabbe2a96a839dfb168a7a27bb6b569be450a94544cf204,
glm__glm_5_turbo__synthetic_high_volatility_c0_v0_3__c0__e1__seed_17__sample_2,glm,glm-5-turbo,synthetic_high_volatility_c0_v0_3,C0,E1,17,2,execute,direct-api,ok,-0.001535,-0.362875,-0.007306,0.866667,3,2,14,1.0,1.0,24,live_call,sha256:544b00a71f3727f79141eca4f9aa4fbc1aa6da642b256dbcb1fe2b20ac58a3d4,sha256:5701c01267cc4a9c9c3ba5ac17b0cbacb957111dd7c3d53cf7b28b1f9764a9f3,
glm__glm_5_turbo__synthetic_jump_tail_c0_v0_3__c0__e0__seed_17__sample_2,glm,glm-5-turbo,synthetic_jump_tail_c0_v0_3,C0,E0,17,2,execute,direct-api,ok,0.263451,8.778579,-0.043162,1.0,0,6,0,1.0,1.0,24,live_call,sha256:aba98d72cc0fcd274e1967d51eec5bad994a0bb1b813ae982400133da363db7c,sha256:f1cef1182bf63f568716842a29197aa271c1334db9c8b8c3a471319fc21c2fcd,
glm__glm_5_turbo__synthetic_jump_tail_c0_v0_3__c0__e1__seed_17__sample_2,glm,glm-5-turbo,synthetic_jump_tail_c0_v0_3,C0,E1,17,2,execute,direct-api,ok,0.075956,3.608151,-0.045219,0.928571,1,4,15,1.0,1.0,24,live_call,sha256:dde21c1e2852dc12ded208605da3a3be13a7700583457be6b1a194efbf9ac7f3,sha256:848928c1a6dc2304e981d2b2b19026a25ceb70d035040ec0406049f6963ff1e4,
glm__glm_5_turbo__synthetic_calm_trend_c0_v0_3__c0__e0__seed_23__sample_0,glm,glm-5-turbo,synthetic_calm_trend_c0_v0_3,C0,E0,23,0,execute,direct-api,ok,0.255631,29.050807,0.0,1.0,0,3,0,1.0,1.0,24,live_call,sha256:ab287c54313b264165b04d46260aa8b5e776eec2ffd066e2b18a7e8d462d3a2e,sha256:b262ebb5e51c1effe091710e03d511d4bfdb0996dec263210f3b0697c47d66a3,
glm__glm_5_turbo__synthetic_calm_trend_c0_v0_3__c0__e1__seed_23__sample_0,glm,glm-5-turbo,synthetic_calm_trend_c0_v0_3,C0,E1,23,0,execute,direct-api,ok,0.143249,27.755031,-0.000628,0.954545,0,0,0,1.0,1.0,24,live_call,sha256:2587df2d99cccebb8b2aae455af59f1b7cc20f4e85cbfc3bb491fffd87e84e2b,sha256:abdb0cad19d82a3f71304ef34cca6a0a3e0d72718726ab36c8b90bfcfee9d3e4,
glm__glm_5_turbo__synthetic_high_volatility_c0_v0_3__c0__e0__seed_23__sample_0,glm,glm-5-turbo,synthetic_high_volatility_c0_v0_3,C0,E0,23,0,execute,direct-api,ok,0.18028,12.553122,-0.004026,1.0,0,5,2,1.0,1.0,24,live_call,sha256:0b2e4105d00060b954dc2d347b7ef6f148d600dd7bff9424d5f1804ec4e353f1,sha256:bb3e62e5ba79f6dbee0942e3bd408c5dd494763d83177ce7ee057afe99b4d7df,
glm__glm_5_turbo__synthetic_high_volatility_c0_v0_3__c0__e1__seed_23__sample_0,glm,glm-5-turbo,synthetic_high_volatility_c0_v0_3,C0,E1,23,0,execute,direct-api,ok,0.087151,5.084711,-0.01457,0.933333,1,4,14,1.0,1.0,24,live_call,sha256:cc273ca52b0912cdaefefed47e6b32dead029ce6a62aebb8114f60f446a1f2b2,sha256:66b0fe594896f9295f3fa7722d079429e032ea53fa8f3cbb92df4218536e6462,
glm__glm_5_turbo__synthetic_jump_tail_c0_v0_3__c0__e0__seed_23__sample_0,glm,glm-5-turbo,synthetic_jump_tail_c0_v0_3,C0,E0,23,0,execute,direct-api,ok,0.199461,7.450383,-0.049651,1.0,0,6,0,1.0,1.0,24,live_call,sha256:150099d3ee31c1edcdce21cfa5575c4abe888ade7f06f6da55a49caad1d7a083,sha256:e0afa92fd076d84b442d493e53c0052c19cc24ffe41dcfeaffa7f946e2293e4f,
glm__glm_5_turbo__synthetic_jump_tail_c0_v0_3__c0__e1__seed_23__sample_0,glm,glm-5-turbo,synthetic_jump_tail_c0_v0_3,C0,E1,23,0,execute,direct-api,ok,0.098014,3.347377,-0.072723,0.933333,1,7,5,1.0,1.0,24,live_call,sha256:f504c6a035ec7e0e538afb01aaf04973158dfaa8b3e4ca5f3cae89c091720824,sha256:69dc542fb26a360c6f8d498fef1e1bcc178bc9aa582e6cb71633bdfcedbcc815,
glm__glm_5_turbo__synthetic_calm_trend_c0_v0_3__c0__e0__seed_23__sample_1,glm,glm-5-turbo,synthetic_calm_trend_c0_v0_3,C0,E0,23,1,execute,direct-api,ok,0.160009,28.706119,0.0,1.0,0,0,0,1.0,1.0,24,live_call,sha256:4d28f09bc7e0166cae085c7dc7ddff9350f9b3523268fef8c500b53e710714b8,sha256:1e7f98a6bc5326395829676cd790f701bf16b5573098a821434dcf096178f6a8,
glm__glm_5_turbo__synthetic_calm_trend_c0_v0_3__c0__e1__seed_23__sample_1,glm,glm-5-turbo,synthetic_calm_trend_c0_v0_3,C0,E1,23,1,execute,direct-api,ok,0.258978,27.773006,-0.00111,0.955556,0,7,2,1.0,1.0,24,live_call,sha256:a519724c1af429a8d80a0b790cdd6a3d66c9ecf582447ee330357619cadc1918,sha256:863d308f8336eebb06d9ae8a20a1bb9de17f3f8dcbc892448250f7d8d84921a6,
glm__glm_5_turbo__synthetic_high_volatility_c0_v0_3__c0__e0__seed_23__sample_1,glm,glm-5-turbo,synthetic_high_volatility_c0_v0_3,C0,E0,23,1,execute,direct-api,ok,0.142012,10.110228,-0.004011,1.0,0,3,13,1.0,1.0,24,live_call,sha256:7fee00c9a24b7c51855555d985f463b1da8a0786b7876b848aee22e3d2da433e,sha256:7769ffb0af07766b41421c47f0f449fa278be109df5affdbfc4d654b9af1a97c,
glm__glm_5_turbo__synthetic_high_volatility_c0_v0_3__c0__e1__seed_23__sample_1,glm,glm-5-turbo,synthetic_high_volatility_c0_v0_3,C0,E1,23,1,execute,direct-api,ok,0.062731,13.058641,-0.002972,0.9375,0,0,26,1.0,1.0,24,live_call,sha256:71c69bdb5f4313a192f544784bcb1d5b2dd15da9f474a69d7acd202c2261e536,sha256:46f7ec8216ec9810e81e5dcf9d0fe12ddabce7f79780a26acb78e800de769104,
glm__glm_5_turbo__synthetic_jump_tail_c0_v0_3__c0__e0__seed_23__sample_1,glm,glm-5-turbo,synthetic_jump_tail_c0_v0_3,C0,E0,23,1,execute,direct-api,ok,0.153809,5.794601,-0.049656,1.0,0,8,0,1.0,1.0,24,live_call,sha256:8a980cec52a142a04f43a20b438838cf14ccf0a8009b86d85345d4d77951897c,sha256:6c8f8fbc056bc05a2dba82d5393e7c21212ab9778b1e6140075a74a8e95347f8,
glm__glm_5_turbo__synthetic_jump_tail_c0_v0_3__c0__e1__seed_23__sample_1,glm,glm-5-turbo,synthetic_jump_tail_c0_v0_3,C0,E1,23,1,execute,direct-api,ok,0.194766,6.822352,-0.055746,0.953488,0,5,10,1.0,1.0,24,live_call,sha256:fb7873eb0f873fdcdb88463e3abe77e9a31f6723759492d99816ae49d164f6e8,sha256:0224f32df9da35d0e351564e979106b8f2518cd7cc5a98e7ab903467e0f06619,
glm__glm_5_turbo__synthetic_calm_trend_c0_v0_3__c0__e0__seed_23__sample_2,glm,glm-5-turbo,synthetic_calm_trend_c0_v0_3,C0,E0,23,2,execute,direct-api,ok,0.143513,29.13123,0.0,1.0,0,0,0,1.0,1.0,24,live_call,sha256:a38b172ae2cb70b934187c886c96b136c2b8c1e8e71812fc0de37ccd369a8f70,sha256:f1fa2a4b547d9578767cf2b50671208bafbbaf3a84c6f9736b27e689dd8efedf,
glm__glm_5_turbo__synthetic_calm_trend_c0_v0_3__c0__e1__seed_23__sample_2,glm,glm-5-turbo,synthetic_calm_trend_c0_v0_3,C0,E1,23,2,execute,direct-api,ok,0.258983,27.774401,-0.00111,0.955556,0,7,0,1.0,1.0,24,live_call,sha256:dc87e2bddc27dd1401e427d85d3d361c1976a9e4c29a930133038eb48afdc455,sha256:753c52baa33ee49aea09110831330c043ef88fa4ef66f79173101680a485f2d7,
glm__glm_5_turbo__synthetic_high_volatility_c0_v0_3__c0__e0__seed_23__sample_2,glm,glm-5-turbo,synthetic_high_volatility_c0_v0_3,C0,E0,23,2,execute,direct-api,ok,0.142012,10.110228,-0.004011,1.0,0,4,13,1.0,1.0,24,live_call,sha256:f06631cc963f095c5e51fce63f5358cd519638d7403cf9e18de710cd5f08aed6,sha256:9fca7cda425c5c57d21f10f5554703d5549291994fac8b26f012ec6a4d220060,
glm__glm_5_turbo__synthetic_high_volatility_c0_v0_3__c0__e1__seed_23__sample_2,glm,glm-5-turbo,synthetic_high_volatility_c0_v0_3,C0,E1,23,2,execute,direct-api,ok,0.127784,7.775686,-0.008969,0.935484,1,5,16,1.0,1.0,24,live_call,sha256:b7ca5e9d122a4ef3346b5901e2da2ca98df0c74ed4658ed576e5d5077035fde0,sha256:e78a503020cb305aee8b8f96a8f0b52b477524ded4b48f50a368b2258f4f6f03,
glm__glm_5_turbo__synthetic_jump_tail_c0_v0_3__c0__e0__seed_23__sample_2,glm,glm-5-turbo,synthetic_jump_tail_c0_v0_3,C0,E0,23,2,execute,direct-api,ok,0.166425,7.90689,-0.032492,1.0,0,6,0,1.0,1.0,24,live_call,sha256:abcc9ab5e8864fd212404fccaf74a49876f50e60f626f9c32d1989bb6d8ec53f,sha256:6db56389db83c34c90592f03d078f8db03515f98bd9934f2d43759e8a17b3e72,
glm__glm_5_turbo__synthetic_jump_tail_c0_v0_3__c0__e1__seed_23__sample_2,glm,glm-5-turbo,synthetic_jump_tail_c0_v0_3,C0,E1,23,2,execute,direct-api,ok,0.166236,5.865375,-0.061366,0.954545,0,6,9,1.0,1.0,24,live_call,sha256:ca560d728e85faa45e334d024d5453833e5e7b1a9232ce3d1cb91936f8ccb82b,sha256:62e21f2229c6a3b225c4eed4a26aa4409e1ba7f501c44c5fc3b193ba9ab327f2,
glm__glm_5_turbo__synthetic_calm_trend_c0_v0_3__c0__e0__seed_31__sample_0,glm,glm-5-turbo,synthetic_calm_trend_c0_v0_3,C0,E0,31,0,execute,direct-api,ok,0.235928,32.144277,0.0,1.0,0,2,0,1.0,1.0,24,live_call,sha256:3d377c84ec08efc1ed01f8deefeadc27572f99ce9fbdbc5fc314a9c22d279b32,sha256:9ca614585cf5dc946888dbdedb7e39597c6a14a20a515ec703cad5592f897d59,
glm__glm_5_turbo__synthetic_calm_trend_c0_v0_3__c0__e1__seed_31__sample_0,glm,glm-5-turbo,synthetic_calm_trend_c0_v0_3,C0,E1,31,0,execute,direct-api,ok,0.233264,30.888932,-0.000835,0.954545,0,3,2,1.0,1.0,24,live_call,sha256:486591697983854301ff663e9ecf11e51e693b7a3f6fbef7689678cfa63573dc,sha256:2cf892982c89d61ca880f338889a172c6cab069ed1a7827ac767d3855574b163,
glm__glm_5_turbo__synthetic_high_volatility_c0_v0_3__c0__e0__seed_31__sample_0,glm,glm-5-turbo,synthetic_high_volatility_c0_v0_3,C0,E0,31,0,execute,direct-api,ok,0.118851,10.038991,-0.00875,1.0,0,3,15,1.0,1.0,24,live_call,sha256:a23f23d6e9c8599d244103f7f186cac8f9c4dbd3940d1600e67f135efa964ef3,sha256:f010f30dbeac93555022c5108883656996391e0d10dba82c770fad88093edb79,
glm__glm_5_turbo__synthetic_high_volatility_c0_v0_3__c0__e1__seed_31__sample_0,glm,glm-5-turbo,synthetic_high_volatility_c0_v0_3,C0,E1,31,0,execute,direct-api,ok,0.100008,9.746542,-0.007429,0.954545,0,3,17,1.0,1.0,24,live_call,sha256:c85505895efb4f9eb1dfd5410586b9c9a53512d1f50ddb233d807fc16c69ec77,sha256:3df7742313404303d20807cf34e3f2f5197141c51e7998200d7a7314d5f42486,
glm__glm_5_turbo__synthetic_jump_tail_c0_v0_3__c0__e0__seed_31__sample_0,glm,glm-5-turbo,synthetic_jump_tail_c0_v0_3,C0,E0,31,0,execute,direct-api,ok,0.279729,11.505075,-0.000568,1.0,0,2,18,1.0,1.0,24,live_call,sha256:4d8dbc8e47bc726a30578b9cd8ca25359ab6a66bff577fc34dbd856a4843f407,sha256:6c1fcec9b58db48768f489b74dfb6d1bd16e6b44bb5928851cc5d572d86cd554,
glm__glm_5_turbo__synthetic_jump_tail_c0_v0_3__c0__e1__seed_31__sample_0,glm,glm-5-turbo,synthetic_jump_tail_c0_v0_3,C0,E1,31,0,execute,direct-api,ok,0.24717,10.502299,-0.002474,0.956522,0,7,18,1.0,1.0,24,live_call,sha256:19be6a875fd56a77785789e87841c4089b321e2fe7fd1ed843e2bc09cd16e299,sha256:29632ee49d9df389517cb05c67154acce523061b6fe07435ed2c567d9af03ce4,
glm__glm_5_turbo__synthetic_calm_trend_c0_v0_3__c0__e0__seed_31__sample_1,glm,glm-5-turbo,synthetic_calm_trend_c0_v0_3,C0,E0,31,1,execute,direct-api,ok,0.235449,32.101053,0.0,1.0,0,2,0,1.0,1.0,24,live_call,sha256:4dd6fa09069c21ab566639e486b2668c97b9f9cb05516449a22831d28bf8f6dc,sha256:0279dbfe8948ddf0769e768a084e667818ec1d3850f6ca758966eb1830bf2ea4,
glm__glm_5_turbo__synthetic_calm_trend_c0_v0_3__c0__e1__seed_31__sample_1,glm,glm-5-turbo,synthetic_calm_trend_c0_v0_3,C0,E1,31,1,execute,direct-api,ok,0.232406,30.887978,-0.000835,0.955556,0,9,2,1.0,1.0,24,live_call,sha256:24f442b9314e82b098dbbfdebc75e804d73da1cc64193f892a67950a2f0cf614,sha256:f5e0d5054c80ca83cb049001d28c04338b05100f650b8d93920c68679d873e3e,
glm__glm_5_turbo__synthetic_high_volatility_c0_v0_3__c0__e0__seed_31__sample_1,glm,glm-5-turbo,synthetic_high_volatility_c0_v0_3,C0,E0,31,1,execute,direct-api,ok,0.17377,17.526962,-0.003687,1.0,0,0,0,1.0,1.0,24,live_call,sha256:bbb4cf7092167d1a444b626f90d7995b8dcfed29db24fe3d8c75cf3c5ebe6db0,sha256:f160cd8a8261548a1096b7e4703d5c64d05e7b00ff17f5b15a2c0ce6d05f8645,
glm__glm_5_turbo__synthetic_high_volatility_c0_v0_3__c0__e1__seed_31__sample_1,glm,glm-5-turbo,synthetic_high_volatility_c0_v0_3,C0,E1,31,1,execute,direct-api,ok,0.223069,17.618595,-0.004373,0.956522,0,8,3,1.0,1.0,24,live_call,sha256:d2954a7179ecea3e4067506842a9366f4826de12ca03291086a43fe08b0b1234,sha256:bcaee607bcd37ec8a430b884fc23e7bfb01a122bcb0af076f2e594252cd03bf9,
glm__glm_5_turbo__synthetic_jump_tail_c0_v0_3__c0__e0__seed_31__sample_1,glm,glm-5-turbo,synthetic_jump_tail_c0_v0_3,C0,E0,31,1,execute,direct-api,ok,0.279729,11.505075,-0.000568,1.0,0,2,17,1.0,1.0,24,live_call,sha256:3b3527c45a7912bb988de21870de1c2eec3f631716dbd6e393b27389bce76314,sha256:a6d00739b33f97681231f390b0ec842124e12a949d69aa154e18e0f004f24e0b,
glm__glm_5_turbo__synthetic_jump_tail_c0_v0_3__c0__e1__seed_31__sample_1,glm,glm-5-turbo,synthetic_jump_tail_c0_v0_3,C0,E1,31,1,execute,direct-api,ok,0.24411,10.369557,-0.002474,0.954545,0,8,19,1.0,1.0,24,live_call,sha256:2c57237f68d24b0f9fefcb825702e07111323acd23b669683a8918f7e25a06ea,sha256:97519c15bd454875badf2915b627feaac5af15cda4d1eb26f86b230133cf33d8,
glm__glm_5_turbo__synthetic_calm_trend_c0_v0_3__c0__e0__seed_31__sample_2,glm,glm-5-turbo,synthetic_calm_trend_c0_v0_3,C0,E0,31,2,execute,direct-api,ok,0.235928,32.144277,0.0,1.0,0,2,0,1.0,1.0,24,live_call,sha256:48d61313a86d16e260271769d92ca3c71434b596d6076e999fd069164835fd57,sha256:62acb915956eddb3ffb64728f4305ddf858d04671a58dd68b350eda95cc146db,
glm__glm_5_turbo__synthetic_calm_trend_c0_v0_3__c0__e1__seed_31__sample_2,glm,glm-5-turbo,synthetic_calm_trend_c0_v0_3,C0,E1,31,2,execute,direct-api,ok,0.016104,10.13801,-0.000521,1.0,0,0,33,1.0,1.0,24,live_call,sha256:d6ee9b0930a45363d486e3769f674ea4f39358d316f0f06117998028b4e79d40,sha256:c12e591c39e0ae8983ca09f6c79225242ddc6d9ed12e4723def2c1d390ca7cf9,
glm__glm_5_turbo__synthetic_high_volatility_c0_v0_3__c0__e0__seed_31__sample_2,glm,glm-5-turbo,synthetic_high_volatility_c0_v0_3,C0,E0,31,2,execute,direct-api,ok,0.190375,17.370263,-0.00494,1.0,0,0,0,1.0,1.0,24,live_call,sha256:7686ebe3343bc84a76838c5e27b5bf323735898b7a93c8ed62354abedef693f8,sha256:2ed1a800f608debef7d0e73d489c5fc8341a3b6c9db89581630e7103087d7f18,
glm__glm_5_turbo__synthetic_high_volatility_c0_v0_3__c0__e1__seed_31__sample_2,glm,glm-5-turbo,synthetic_high_volatility_c0_v0_3,C0,E1,31,2,execute,direct-api,ok,0.051512,7.51089,-0.006929,0.96,0,3,17,1.0,1.0,24,live_call,sha256:3062bc6f6df697cdc4ad3479cde735cececf29c71bff4c0665297cb12bb27285,sha256:47d8ec9cb9099a8f86be1d96ab30f56a7b92844a244827cec4f790e2f5a70793,
glm__glm_5_turbo__synthetic_jump_tail_c0_v0_3__c0__e0__seed_31__sample_2,glm,glm-5-turbo,synthetic_jump_tail_c0_v0_3,C0,E0,31,2,execute,direct-api,ok,0.279729,11.505075,-0.000568,1.0,0,2,17,1.0,1.0,24,live_call,sha256:5dcc6f184c19a7d5dbdaac6467814a5d2d29d723e0e0e36a9ca7f18ef650c512,sha256:d11c62af8a40c4c107644566f75d4161fe30db152c049938c835fde9608fcdcb,
glm__glm_5_turbo__synthetic_jump_tail_c0_v0_3__c0__e1__seed_31__sample_2,glm,glm-5-turbo,synthetic_jump_tail_c0_v0_3,C0,E1,31,2,execute,direct-api,ok,0.247362,10.502749,-0.002474,0.952381,0,8,19,1.0,1.0,24,live_call,sha256:9c295b29ba76e38339ae9502a3b096c6e2003725435ef776f51a5771dde4dab4,sha256:acd8d0a116285dcd8f81d06431d354f23c3795e5a9da0cb26249dc1c3d561066,
glm__glm_5_turbo__synthetic_calm_trend_c0_v0_3__c0__e0__seed_37__sample_0,glm,glm-5-turbo,synthetic_calm_trend_c0_v0_3,C0,E0,37,0,execute,direct-api,ok,0.030376,9.886089,0.0,1.0,0,0,39,1.0,1.0,24,live_call,sha256:2190096c86b593bfc1742f3b62345dd6944ca3a7b577ea05f1ac37a0baf50c8a,sha256:a3700d0f809e0911b6e2da6165378a9f54af7710ff88d4d8735c6ba0cf633f0f,
glm__glm_5_turbo__synthetic_calm_trend_c0_v0_3__c0__e1__seed_37__sample_0,glm,glm-5-turbo,synthetic_calm_trend_c0_v0_3,C0,E1,37,0,execute,direct-api,ok,0.064503,14.778669,-0.000224,1.0,0,5,26,1.0,1.0,24,live_call,sha256:b938be082994e3bb5811d164d6f988b9c1f595ff1875cfb3a67168e352f93fb4,sha256:a7655140dd4115b64e01fec84f7209a90cc73ba5a023ba1f6a426a51eec33dbe,
glm__glm_5_turbo__synthetic_high_volatility_c0_v0_3__c0__e0__seed_37__sample_0,glm,glm-5-turbo,synthetic_high_volatility_c0_v0_3,C0,E0,37,0,execute,direct-api,ok,0.118096,18.353868,-0.002056,1.0,0,0,21,1.0,1.0,24,live_call,sha256:d604907e493c14b7276d92040b6d5290d066b06c284d491be0ec65a24fd3f689,sha256:32fe11965028bd65b838258b2c07498430312d4ed5d37ddc8ce4e420419f357c,
glm__glm_5_turbo__synthetic_high_volatility_c0_v0_3__c0__e1__seed_37__sample_0,glm,glm-5-turbo,synthetic_high_volatility_c0_v0_3,C0,E1,37,0,execute,direct-api,ok,0.180236,20.195039,-0.002326,0.973684,0,0,12,1.0,1.0,24,live_call,sha256:0b5473f923f7ff2c3025cf1188ca7f8bee5d58cf8861bb259406af0c4016bdc9,sha256:f757ded2da64efa0d0b880e9112433d4d17d48f0a8232552e41f631591ef3f54,
glm__glm_5_turbo__synthetic_jump_tail_c0_v0_3__c0__e0__seed_37__sample_0,glm,glm-5-turbo,synthetic_jump_tail_c0_v0_3,C0,E0,37,0,execute,direct-api,ok,0.037982,3.059869,-0.027402,1.0,0,0,24,1.0,1.0,24,live_call,sha256:008d7d44e901e00834416165f7ceb8ec369f9508d81fc22268361ff47ef371f9,sha256:e43a45d343bc83d78afa1fdcffa64acfcfa5d4d251bcb425a8ef51553de7766f,
glm__glm_5_turbo__synthetic_jump_tail_c0_v0_3__c0__e1__seed_37__sample_0,glm,glm-5-turbo,synthetic_jump_tail_c0_v0_3,C0,E1,37,0,execute,direct-api,ok,0.157672,5.898868,-0.036669,0.972973,0,3,12,1.0,1.0,24,live_call,sha256:b412925ee6849bd3c88341d6f3a5a76ecdd6a77853003584935e5da567d4cd4a,sha256:2ac8954e7b9e2ef3c25e4bee49caf29c2fa42b6ddb2ed88747d953019f0cf18d,
glm__glm_5_turbo__synthetic_calm_trend_c0_v0_3__c0__e0__seed_37__sample_1,glm,glm-5-turbo,synthetic_calm_trend_c0_v0_3,C0,E0,37,1,execute,direct-api,ok,0.042095,13.649021,-4.5e-05,1.0,0,0,33,1.0,1.0,24,live_call,sha256:e8acdf8dd58263ba6f9d32ed3e30f173319e9b7d4748bb5e1932b8afe5b7065f,sha256:c15a50ec97092963e12f1825e5d155dba748f0ad131353fd9ff6227233f84322,
glm__glm_5_turbo__synthetic_calm_trend_c0_v0_3__c0__e1__seed_37__sample_1,glm,glm-5-turbo,synthetic_calm_trend_c0_v0_3,C0,E1,37,1,execute,direct-api,ok,0.170292,30.943589,-0.000795,0.952381,0,3,2,1.0,1.0,24,live_call,sha256:bc78492a7e15bfbaf84f5524385aa94b9ca6e0e47b24f40bbf4108c18005032e,sha256:ccd86fbc3d019e999a7c1e78cb8d1a47975dcdb926c55ac3cf7526bc6c9e9ebb,
glm__glm_5_turbo__synthetic_high_volatility_c0_v0_3__c0__e0__seed_37__sample_1,glm,glm-5-turbo,synthetic_high_volatility_c0_v0_3,C0,E0,37,1,execute,direct-api,ok,0.058752,19.051137,-0.000935,1.0,0,0,21,1.0,1.0,24,live_call,sha256:669917c5bea7f2045f1e3be21bb29b01f4ad5934ba249d7a5acd2cb078932f77,sha256:254504b5e7d75e881432c27454292a0589b96e06964cf75238d7c4b37c98ffcd,
glm__glm_5_turbo__synthetic_high_volatility_c0_v0_3__c0__e1__seed_37__sample_1,glm,glm-5-turbo,synthetic_high_volatility_c0_v0_3,C0,E1,37,1,execute,direct-api,ok,0.116521,17.096955,-0.002101,0.952381,0,0,26,1.0,1.0,24,live_call,sha256:4cb309bee41956dcbb0da6add4de889a18aaac23a0a433fe7f1779f615548f61,sha256:5bd43bdf0e9b54a55f7d712cd3ddd948c3aee0fdadd9d535b3c5d41cf854e436,
glm__glm_5_turbo__synthetic_jump_tail_c0_v0_3__c0__e0__seed_37__sample_1,glm,glm-5-turbo,synthetic_jump_tail_c0_v0_3,C0,E0,37,1,execute,direct-api,ok,0.088092,3.90935,-0.056062,1.0,0,1,0,1.0,1.0,24,live_call,sha256:6dd91e0e31985cb7d46f7e698f665a4719d61587118d88bea31e1a04d3163e10,sha256:1ed4dce3c22a9321bd325a5c097ae2304615b72b88f8fe407737d88df5b9c63e,
glm__glm_5_turbo__synthetic_jump_tail_c0_v0_3__c0__e1__seed_37__sample_1,glm,glm-5-turbo,synthetic_jump_tail_c0_v0_3,C0,E1,37,1,execute,direct-api,ok,0.15046,5.583079,-0.039116,0.944444,1,3,12,1.0,1.0,24,live_call,sha256:bb06ebbb451652ddfe72c08dd72ee9581c9c3c64c0c64aeb85b6c5d8083e9dc9,sha256:202e59a8976abaf0744f034696f7680169c515173421465fb3a0105dcdf35fa7,
glm__glm_5_turbo__synthetic_calm_trend_c0_v0_3__c0__e0__seed_37__sample_2,glm,glm-5-turbo,synthetic_calm_trend_c0_v0_3,C0,E0,37,2,execute,direct-api,ok,0.1523,26.657646,-0.000105,1.0,0,2,22,1.0,1.0,24,live_call,sha256:cbf32e1ae29275df05c231337d6f115d79b6c7abb21b419100ceac8343850096,sha256:e053cf0c34580eb771ecbb2ab069077dc2e2dcab609cd1b6e5527a47d2d71024,
glm__glm_5_turbo__synthetic_calm_trend_c0_v0_3__c0__e1__seed_37__sample_2,glm,glm-5-turbo,synthetic_calm_trend_c0_v0_3,C0,E1,37,2,execute,direct-api,ok,0.207801,28.373399,-0.000451,0.95122,0,1,2,1.0,1.0,24,live_call,sha256:7d2d895038b8edea125a04eb320639f2128ab0b57d52035db938ce890b581917,sha256:2ffe2ba520ce859fbff7e8c78d64dbcf314c4f99885e34b2b9d4e43b5e50e840,
glm__glm_5_turbo__synthetic_high_volatility_c0_v0_3__c0__e0__seed_37__sample_2,glm,glm-5-turbo,synthetic_high_volatility_c0_v0_3,C0,E0,37,2,execute,direct-api,ok,0.031124,11.007862,-0.00022,1.0,0,0,33,1.0,1.0,24,live_call,sha256:136d53de19c949bdff5a67dd9d07f11bea1cfafcccf7ed4357f84d56517024e1,sha256:73e18a58704620e31278e4560418e9078a91ba58a55bd7c0b8c2addfca5998b3,
glm__glm_5_turbo__synthetic_high_volatility_c0_v0_3__c0__e1__seed_37__sample_2,glm,glm-5-turbo,synthetic_high_volatility_c0_v0_3,C0,E1,37,2,execute,direct-api,ok,0.306445,21.392913,-0.001147,0.954545,0,6,12,1.0,1.0,24,live_call,sha256:94b81b2c6251f73928a6d54fa45da8876995a5032b8793dc49b6d61ea4c9817e,sha256:ebfc717e488693bf0b8daaed21eb27a5b1bc8645a1725bd0a0db768f4daeb07c,
glm__glm_5_turbo__synthetic_jump_tail_c0_v0_3__c0__e0__seed_37__sample_2,glm,glm-5-turbo,synthetic_jump_tail_c0_v0_3,C0,E0,37,2,execute,direct-api,ok,0.04364,3.5443,-0.023543,1.0,0,0,30,1.0,1.0,24,live_call,sha256:ff957680f276ca43ef59faf5a7d4b41c22361fb06e013391dae636c74e4fdc24,sha256:f0a2df48e2d81c70252b113a46bce3c39bd5f8ddae9adb5f36bc25921a5936ec,
glm__glm_5_turbo__synthetic_jump_tail_c0_v0_3__c0__e1__seed_37__sample_2,glm,glm-5-turbo,synthetic_jump_tail_c0_v0_3,C0,E1,37,2,execute,direct-api,ok,0.152601,5.66153,-0.039116,0.944444,1,3,12,1.0,1.0,24,live_call,sha256:013dbed45d28972f0ed6e5b62685298404d41203d812f620ce7993728e8f3084,sha256:9257bf868312b470ebf478e0229583f10c52fb59c1a9444ca2d126053e8da34f,
glm__glm_5_turbo__synthetic_calm_trend_c0_v0_3__c0__e0__seed_41__sample_0,glm,glm-5-turbo,synthetic_calm_trend_c0_v0_3,C0,E0,41,0,execute,direct-api,ok,0.043115,15.703938,-0.003425,1.0,0,0,23,1.0,1.0,24,live_call,sha256:73a1d9dbba75e1a71988790421fcab4fd3ba9096d2fd30c5134cc5cbe9effbad,sha256:7562a72dd826b85a220c1baca50102b426ae24bf7da592fd8adf01da39c602e2,
glm__glm_5_turbo__synthetic_calm_trend_c0_v0_3__c0__e1__seed_41__sample_0,glm,glm-5-turbo,synthetic_calm_trend_c0_v0_3,C0,E1,41,0,execute,direct-api,ok,0.041902,12.341439,-0.000157,1.0,0,2,33,1.0,1.0,24,live_call,sha256:9bee7cbd01867692913db81f7f99711537eed1630b817a65bc82368e32c05bb4,sha256:f7becea4e07c3869e23db389130c4c7e7dc72c7e5a903211546d6a127707ce57,
glm__glm_5_turbo__synthetic_high_volatility_c0_v0_3__c0__e0__seed_41__sample_0,glm,glm-5-turbo,synthetic_high_volatility_c0_v0_3,C0,E0,41,0,execute,direct-api,ok,0.005579,2.800149,-0.003137,1.0,0,0,39,1.0,1.0,24,live_call,sha256:64f57bbceb23648ae2392df456c59b39e63ae77165769180d081b767b62762f2,sha256:37a85b6c4042d9e7b33d5ca3c824925e667e8dcc43c5838a7b0d47c98e3e7041,
glm__glm_5_turbo__synthetic_high_volatility_c0_v0_3__c0__e1__seed_41__sample_0,glm,glm-5-turbo,synthetic_high_volatility_c0_v0_3,C0,E1,41,0,execute,direct-api,ok,0.016448,2.731424,-0.013936,0.952381,1,2,26,1.0,1.0,24,live_call,sha256:c66efc7ca9bfe205325100cdf19208daa373f7ae8dd373497b8dd259ce6f1fcf,sha256:1357e275ab536eb3a8ec1e5dd14a21092d85915b9627eb94b4283d9c77ab9ff8,
glm__glm_5_turbo__synthetic_jump_tail_c0_v0_3__c0__e0__seed_41__sample_0,glm,glm-5-turbo,synthetic_jump_tail_c0_v0_3,C0,E0,41,0,execute,direct-api,ok,-0.027923,-2.535447,-0.044086,1.0,0,0,40,1.0,1.0,24,live_call,sha256:dc31262f47128d4ad8b1011d7ea28f3cd5466490c44d644fb48c2bc1edb8eac3,sha256:0719bb54293c4b8cb977b0bf3285e426b7f2b4105632a6012d91e09111cf367d,
glm__glm_5_turbo__synthetic_jump_tail_c0_v0_3__c0__e1__seed_41__sample_0,glm,glm-5-turbo,synthetic_jump_tail_c0_v0_3,C0,E1,41,0,execute,direct-api,ok,0.085463,7.737442,-0.015079,0.948718,1,0,8,1.0,1.0,24,live_call,sha256:5e73b8f29dd6383578604c80ef12c2f8c7102657eb292f70e8257ecc952f671f,sha256:1d9ad53f03526b2386e825bfc640727ccb9c99e58bef555c41d754f9766036c4,
glm__glm_5_turbo__synthetic_calm_trend_c0_v0_3__c0__e0__seed_41__sample_1,glm,glm-5-turbo,synthetic_calm_trend_c0_v0_3,C0,E0,41,1,execute,direct-api,ok,0.076564,15.704166,-0.005989,1.0,0,1,22,1.0,1.0,24,live_call,sha256:b6dc1066a91cc5f2806d9cde595a41021c050855b8e4649e723ceadaf08150cd,sha256:b7f4ce957f4cd1981f70e51bc2d82f9e8b397d76ec218ded8d3681c313441381,
glm__glm_5_turbo__synthetic_calm_trend_c0_v0_3__c0__e1__seed_41__sample_1,glm,glm-5-turbo,synthetic_calm_trend_c0_v0_3,C0,E1,41,1,execute,direct-api,ok,0.060508,15.320932,-0.00495,0.954545,0,0,22,1.0,1.0,24,live_call,sha256:713fba1e2db7c95d486a20010d73e83b9a9c89a322e3f842f287b93e83f27639,sha256:d3eec7222b23fee3a08f0f24c543e90d59443409171197a8f3e117b22064b6cc,
glm__glm_5_turbo__synthetic_high_volatility_c0_v0_3__c0__e0__seed_41__sample_1,glm,glm-5-turbo,synthetic_high_volatility_c0_v0_3,C0,E0,41,1,execute,direct-api,ok,0.009966,3.308623,-0.00486,1.0,0,0,36,1.0,1.0,24,live_call,sha256:2297df66139d7ea93053a76c40b17e3071a9d3e9b1f31b38e7bad1253e302e15,sha256:814e0c88eed8b5e86888c1342971e6cbbc47957b80c0e0b50fe8f1b53da01a3a,
glm__glm_5_turbo__synthetic_high_volatility_c0_v0_3__c0__e1__seed_41__sample_1,glm,glm-5-turbo,synthetic_high_volatility_c0_v0_3,C0,E1,41,1,execute,direct-api,ok,0.025159,3.545748,-0.017143,0.952381,1,2,26,1.0,1.0,24,live_call,sha256:f176900a4b53576c1b628130f20b8446c90d7011c02041bb0e3754ae0d6e5792,sha256:b6167018960d64a9ea93e0ff6e49de58dcec6b252294fde77dc73cabf4926b2b,
glm__glm_5_turbo__synthetic_jump_tail_c0_v0_3__c0__e0__seed_41__sample_1,glm,glm-5-turbo,synthetic_jump_tail_c0_v0_3,C0,E0,41,1,execute,direct-api,ok,-0.027923,-2.535447,-0.044086,1.0,0,0,42,1.0,1.0,24,live_call,sha256:332710c1f259955b168812b9914872b992b9b78b9bd09da5345927eb2701d2f9,sha256:0f7a18cbea5d15473b95e7e51228ee86798a8993d716a0358dd117002e2bd6c2,
glm__glm_5_turbo__synthetic_jump_tail_c0_v0_3__c0__e1__seed_41__sample_1,glm,glm-5-turbo,synthetic_jump_tail_c0_v0_3,C0,E1,41,1,execute,direct-api,ok,0.02196,1.34797,-0.063145,0.925926,1,2,7,1.0,1.0,24,live_call,sha256:33b70a2e25da71cf5a6d282a7be40c27ef852f20fdd18d1f5b337c83fe5fbd95,sha256:1867882037bc0b4e9d011904aee89f604e4b5d85563117e47a8f4ef93279559b,
glm__glm_5_turbo__synthetic_calm_trend_c0_v0_3__c0__e0__seed_41__sample_2,glm,glm-5-turbo,synthetic_calm_trend_c0_v0_3,C0,E0,41,2,execute,direct-api,ok,0.076564,15.704166,-0.005989,1.0,0,1,23,1.0,1.0,24,live_call,sha256:c52338eb664cd226e7fc3a6d860b27111e855383549fe724e3a9e4bb695cfa78,sha256:757433f1e4af4c15f0ee1e024db69e3303fa80b3f0e3111f3ed9a7aadba74717,
glm__glm_5_turbo__synthetic_calm_trend_c0_v0_3__c0__e1__seed_41__sample_2,glm,glm-5-turbo,synthetic_calm_trend_c0_v0_3,C0,E1,41,2,execute,direct-api,ok,0.046111,15.544256,-0.001844,1.0,0,2,24,1.0,1.0,24,live_call,sha256:1e5728dfc447a28c54a6de145ba67392ddac6ace7c95f7e82529a8faf464aa66,sha256:7c43315d2f4c1a7266c04e44589cf51275071ef6aaa3a1dfa8d399caf35d046f,
glm__glm_5_turbo__synthetic_high_volatility_c0_v0_3__c0__e0__seed_41__sample_2,glm,glm-5-turbo,synthetic_high_volatility_c0_v0_3,C0,E0,41,2,execute,direct-api,ok,0.01607,5.916804,-0.003475,1.0,0,0,25,1.0,1.0,24,live_call,sha256:b4ebc6faaf8ebcd7feb44f2f67f2d509d46fdd4fb1246efc10209fe1f40296ce,sha256:bb0ec429bea510af7d7d58df929cd868bb6f9606b84a576bfb7f90721f3f7c44,
glm__glm_5_turbo__synthetic_high_volatility_c0_v0_3__c0__e1__seed_41__sample_2,glm,glm-5-turbo,synthetic_high_volatility_c0_v0_3,C0,E1,41,2,execute,direct-api,ok,0.021683,3.051367,-0.020476,0.952381,1,2,25,1.0,1.0,24,live_call,sha256:35b974de0de43ffbfda3365a2ec04ee85fb892c951e0a7a7b19430f0f8d8c8f3,sha256:3c6f87bd5fce5569ae07df918a67a8e60611af7a2b8c800ead20ccd6bb8c2abb,
glm__glm_5_turbo__synthetic_jump_tail_c0_v0_3__c0__e0__seed_41__sample_2,glm,glm-5-turbo,synthetic_jump_tail_c0_v0_3,C0,E0,41,2,execute,direct-api,ok,-0.054881,-3.396939,-0.070557,1.0,0,1,38,1.0,1.0,24,live_call,sha256:26d0830790a23afc088358a1a8cab65fbb22f16997ce52e0e2a55747b3bd6656,sha256:20cc7d50fb9862c0cbb43cfeb2a1c8f8392f8ea8c9f54fb01008df4b99f844b0,
glm__glm_5_turbo__synthetic_jump_tail_c0_v0_3__c0__e1__seed_41__sample_2,glm,glm-5-turbo,synthetic_jump_tail_c0_v0_3,C0,E1,41,2,execute,direct-api,ok,-0.002772,-0.088886,-0.063145,0.923077,1,3,7,1.0,1.0,24,live_call,sha256:946060205c807c4cea3dc4fbeeecb6cede507c65f5dd608de1d9770bcaa22916,sha256:7f2b7e0e718b3dfe6db5d77c521ea85d7cd16c848b8a92d7a0bb0626c3530061,
glm__glm_5_turbo__synthetic_calm_trend_c0_v0_3__c0__e0__seed_43__sample_0,glm,glm-5-turbo,synthetic_calm_trend_c0_v0_3,C0,E0,43,0,execute,direct-api,ok,0.1254,25.297572,0.0,1.0,0,2,17,1.0,1.0,24,live_call,sha256:adfca0c243a32e842b9e24bdf65e8dcc35092ebe7bafb61d721879acb97ee951,sha256:16612d4517bbbe6e6ac9e158c0c14c908a27ac9520ea4056a5121b91d71c0048,
glm__glm_5_turbo__synthetic_calm_trend_c0_v0_3__c0__e1__seed_43__sample_0,glm,glm-5-turbo,synthetic_calm_trend_c0_v0_3,C0,E1,43,0,execute,direct-api,ok,0.045878,10.286597,-0.001304,0.913043,2,4,22,1.0,1.0,24,live_call,sha256:ab695561ee92922daca48dbd302126b28caeeba7bb82d42ac76426d4d16da959,sha256:4f2c7c87befcb23c82cdb837c15985f43ef1fa1c4d2ea89c23bc70ef75b39efe,
glm__glm_5_turbo__synthetic_high_volatility_c0_v0_3__c0__e0__seed_43__sample_0,glm,glm-5-turbo,synthetic_high_volatility_c0_v0_3,C0,E0,43,0,execute,direct-api,ok,0.240628,14.895707,-0.010711,1.0,0,4,0,1.0,1.0,24,live_call,sha256:002aebabf7ee6d283dd01f47ea50ed6a81b81f7bdd30cb2aec073dd00c020aaa,sha256:3347641017d5e04f83f220a0bf13c6df5c865a282e0f64826de33e07c7f46031,
glm__glm_5_turbo__synthetic_high_volatility_c0_v0_3__c0__e1__seed_43__sample_0,glm,glm-5-turbo,synthetic_high_volatility_c0_v0_3,C0,E1,43,0,execute,direct-api,ok,0.071794,10.379984,-0.009221,0.928571,1,1,18,1.0,1.0,24,live_call,sha256:aea48389800cf93092cb6f4b7b92a2e18d925c08da92f81584e8d415d70f812e,sha256:0b1cf7be07be8aed6290e82081d0fb4407633b54f45e566fa6cf116a8438eb5e,
glm__glm_5_turbo__synthetic_jump_tail_c0_v0_3__c0__e0__seed_43__sample_0,glm,glm-5-turbo,synthetic_jump_tail_c0_v0_3,C0,E0,43,0,execute,direct-api,ok,0.123349,5.718498,-0.028805,1.0,0,3,4,1.0,1.0,24,live_call,sha256:983a81468f582ccb6f14717473c2a00c41775e89cde30eb1cb7ee57e06b9d65b,sha256:dd8ba7765a2344450d22160e06ecea299732e72014a66aef2427fc8571e12616,
glm__glm_5_turbo__synthetic_jump_tail_c0_v0_3__c0__e1__seed_43__sample_0,glm,glm-5-turbo,synthetic_jump_tail_c0_v0_3,C0,E1,43,0,execute,direct-api,ok,-0.000554,0.045718,-0.025214,0.931034,2,3,13,1.0,1.0,24,live_call,sha256:3b2d9dcfc2370cd14ca63f53edddd248c9466da51c16facd36875545acfcceb6,sha256:4ad88a162cd845cf84b5a075b6c4faa7ae80f93d1be8afa56594e722ca2e2560,
glm__glm_5_turbo__synthetic_calm_trend_c0_v0_3__c0__e0__seed_43__sample_1,glm,glm-5-turbo,synthetic_calm_trend_c0_v0_3,C0,E0,43,1,execute,direct-api,ok,0.231398,29.294666,0.0,1.0,0,1,0,1.0,1.0,24,live_call,sha256:baa0d168bd28c485eb111dc78a4a44181111d28d398aa14ce19b9327b6d138ce,sha256:c0be2d7efcde95aaed5e1779459a42435549d9507e2ce38b043f138ea92ef638,
glm__glm_5_turbo__synthetic_calm_trend_c0_v0_3__c0__e1__seed_43__sample_1,glm,glm-5-turbo,synthetic_calm_trend_c0_v0_3,C0,E1,43,1,execute,direct-api,ok,0.079433,19.059439,-0.001304,0.933333,1,4,13,1.0,1.0,24,live_call,sha256:97b8f37ee2f2ab1ef954a74965377b8cf0e94b4896f3ca90ef7d31536adc6f86,sha256:dc554916ffaf51b272bc2de81df62a492d93876da975f67b35dcbe5aa43783f3,
glm__glm_5_turbo__synthetic_high_volatility_c0_v0_3__c0__e0__seed_43__sample_1,glm,glm-5-turbo,synthetic_high_volatility_c0_v0_3,C0,E0,43,1,execute,direct-api,ok,0.18813,15.196015,-0.00908,1.0,0,1,0,1.0,1.0,24,live_call,sha256:3c074efc12b8b9b20f70152fff907db7f3b07c26a6d9803cd278d7aa048ac4cb,sha256:d27d90bf9085efeec7028feae264002fbf999173a4f1a86395d49a708ad25555,
glm__glm_5_turbo__synthetic_high_volatility_c0_v0_3__c0__e1__seed_43__sample_1,glm,glm-5-turbo,synthetic_high_volatility_c0_v0_3,C0,E1,43,1,execute,direct-api,ok,0.132795,13.641916,-0.006195,0.969697,0,3,14,1.0,1.0,24,live_call,sha256:de7110fe85db378e3530a14d2771fd77c073d3da7737980afb0af5c43a6988c3,sha256:871c0bd38b688dd50c374c0dce878d95c0600186bd154c6ed5c5be596f36a51f,
glm__glm_5_turbo__synthetic_jump_tail_c0_v0_3__c0__e0__seed_43__sample_1,glm,glm-5-turbo,synthetic_jump_tail_c0_v0_3,C0,E0,43,1,execute,direct-api,ok,0.027603,1.31339,-0.038745,1.0,0,4,0,1.0,1.0,24,live_call,sha256:cd4639fc00e32b94b97e391b83d643cfe25bbe53899eaf0483fad0e1d5312e32,sha256:4288215f3ecf202862958e4a3a315239a86ea4e0fccd8eb1b7145416773690e4,
glm__glm_5_turbo__synthetic_jump_tail_c0_v0_3__c0__e1__seed_43__sample_1,glm,glm-5-turbo,synthetic_jump_tail_c0_v0_3,C0,E1,43,1,execute,direct-api,ok,0.001459,0.17583,-0.025721,0.964286,1,5,12,1.0,1.0,24,live_call,sha256:7b86f64fe97e37ebe9e682dd5df1e28ed0df3c4977723b1cdd2505e9f9336ac5,sha256:8936eda2054c4c671decba8634e1ec09aee98ca91e20830d677c79de8199d4cf,
glm__glm_5_turbo__synthetic_calm_trend_c0_v0_3__c0__e0__seed_43__sample_2,glm,glm-5-turbo,synthetic_calm_trend_c0_v0_3,C0,E0,43,2,execute,direct-api,ok,0.240592,30.176913,0.0,1.0,0,3,0,1.0,1.0,24,live_call,sha256:496a3894fa06fb90672abe4dc7fbc543a0498ee02a750e74e110969cb866a4ad,sha256:d08608589b72e400898f12e03e9842c8647d6af16121f793d47352c31c13bd65,
glm__glm_5_turbo__synthetic_calm_trend_c0_v0_3__c0__e1__seed_43__sample_2,glm,glm-5-turbo,synthetic_calm_trend_c0_v0_3,C0,E1,43,2,execute,direct-api,ok,0.047456,10.29502,-0.001304,0.904762,2,4,22,1.0,1.0,24,live_call,sha256:267554cbc9d42674396de08bc621a7b8dd619d1b4bd9a0516a526d930bee987a,sha256:1e31898b9797a3ed0e1e188e474d2b54fd30aeb21a2ed7c913239b0453d206aa,
glm__glm_5_turbo__synthetic_high_volatility_c0_v0_3__c0__e0__seed_43__sample_2,glm,glm-5-turbo,synthetic_high_volatility_c0_v0_3,C0,E0,43,2,execute,direct-api,ok,0.07072,9.966755,-0.00749,1.0,0,1,14,1.0,1.0,24,live_call,sha256:a5178713ad21da411afa055079a17f0ed5aab0d7fd7463a0bdb9c73514e8124b,sha256:e44bf6797580325ee4966f400564c97a2eefc3ed5a20435b8332b40765ef9fd1,
glm__glm_5_turbo__synthetic_high_volatility_c0_v0_3__c0__e1__seed_43__sample_2,glm,glm-5-turbo,synthetic_high_volatility_c0_v0_3,C0,E1,43,2,execute,direct-api,ok,0.072328,10.424582,-0.009221,0.928571,1,1,16,1.0,1.0,24,live_call,sha256:17993f467daa93498616f237a75aefd5347fb9f47b1c1a075aac25d1a60cdcb6,sha256:996a8f50aded8e55d5c806a42561530566025d723bedce393084b0d2b22cffed,
glm__glm_5_turbo__synthetic_jump_tail_c0_v0_3__c0__e0__seed_43__sample_2,glm,glm-5-turbo,synthetic_jump_tail_c0_v0_3,C0,E0,43,2,execute,direct-api,ok,0.032885,1.575941,-0.038774,1.0,0,3,1,1.0,1.0,24,live_call,sha256:6e89bb7ed41c9f28216bba12d7c500317875d7e02481ffb5def66ce5e6521d19,sha256:97ca3353c417bfff720c30f9da3b666b966d4b6e3260a17d7ccff0030f57e313,
glm__glm_5_turbo__synthetic_jump_tail_c0_v0_3__c0__e1__seed_43__sample_2,glm,glm-5-turbo,synthetic_jump_tail_c0_v0_3,C0,E1,43,2,execute,direct-api,ok,0.018822,1.33932,-0.025551,0.975,1,3,10,1.0,1.0,24,live_call,sha256:4b1831069c76d454e896fc1454f210e10fbc21edc56bc2b7aee4008e8737fb4a,sha256:f4932426e1b483d0304a0266caaedc38770cac37ed752916c2a2a541c5cee8d9,
glm__glm_5_turbo__synthetic_calm_trend_c0_v0_3__c0__e0__seed_47__sample_0,glm,glm-5-turbo,synthetic_calm_trend_c0_v0_3,C0,E0,47,0,execute,direct-api,ok,0.035068,17.209224,-0.000257,1.0,0,0,20,1.0,1.0,24,live_call,sha256:e4f4e6056dfa929bc0bc1f40c90a960e167571e06cc69e8d436d85ead8b7aea0,sha256:d7a0581a541eb95f7f97fdfc11ed613716236968c505f0ebb83af976d5b0e133,
glm__glm_5_turbo__synthetic_calm_trend_c0_v0_3__c0__e1__seed_47__sample_0,glm,glm-5-turbo,synthetic_calm_trend_c0_v0_3,C0,E1,47,0,execute,direct-api,ok,0.013041,8.806899,-0.000234,0.857143,0,0,36,1.0,1.0,24,live_call,sha256:ee221df41869ceb629f087a220e289261f5f92b28b753029903dea13f02e5efd,sha256:2a3947125d2b7e81387d8949085b1ec1d4cf89e2b21319026570037178bfa8c6,
glm__glm_5_turbo__synthetic_high_volatility_c0_v0_3__c0__e0__seed_47__sample_0,glm,glm-5-turbo,synthetic_high_volatility_c0_v0_3,C0,E0,47,0,execute,direct-api,ok,0.127012,12.718455,-0.007774,1.0,0,1,0,1.0,1.0,24,live_call,sha256:a901411bb373b881ec483cdd1f774329ce4ffa6d9cace34b81000977f885e9ce,sha256:1257bb273483d4f3066cbd4dcfaead1c8c02c301f917cffcf6289840f0949196,
glm__glm_5_turbo__synthetic_high_volatility_c0_v0_3__c0__e1__seed_47__sample_0,glm,glm-5-turbo,synthetic_high_volatility_c0_v0_3,C0,E1,47,0,execute,direct-api,ok,0.048839,10.010259,-0.005748,0.939394,1,0,20,1.0,1.0,24,live_call,sha256:c74b03ce67268b23d25cd1c6dc029f08262fdbc5d546402c686ebd0a7efef2a5,sha256:dbcfed8e7ab4b2e0d71bfbdf545864b1513ae019cf48ddeecff7d7eafb294cbe,
glm__glm_5_turbo__synthetic_jump_tail_c0_v0_3__c0__e0__seed_47__sample_0,glm,glm-5-turbo,synthetic_jump_tail_c0_v0_3,C0,E0,47,0,execute,direct-api,ok,0.084436,5.409927,-0.021787,1.0,0,4,0,1.0,1.0,24,live_call,sha256:899a1732b1dfa39600f8aaa579390ebac11f8460e304b3937b4b10715e44d86d,sha256:42d4af35d099524a270f858fed2a39c9b1c16eec081953cb66a1c15e4ecfbfd7,
glm__glm_5_turbo__synthetic_jump_tail_c0_v0_3__c0__e1__seed_47__sample_0,glm,glm-5-turbo,synthetic_jump_tail_c0_v0_3,C0,E1,47,0,execute,direct-api,ok,0.104395,6.08878,-0.03238,0.918919,2,2,8,1.0,1.0,24,live_call,sha256:45c0760477eb8cc2968e2a77f69c55512a559c4f63bda1c5a3b47b478f15de37,sha256:c655cfd39fe9437e99e13c55086328c2fc71373c5a73057f3991552c32347c75,
glm__glm_5_turbo__synthetic_calm_trend_c0_v0_3__c0__e0__seed_47__sample_1,glm,glm-5-turbo,synthetic_calm_trend_c0_v0_3,C0,E0,47,1,execute,direct-api,ok,0.053453,13.721119,-9e-05,1.0,0,0,14,1.0,1.0,24,live_call,sha256:acf6b4b7826bd7f483facd17a7f04ef4517b353cdc1b4491f1afe0f400e4da2f,sha256:1fb46180ebccacbf7ce56c6df9499cde26e27502a5a954eb1b99ba355a6340b1,
glm__glm_5_turbo__synthetic_calm_trend_c0_v0_3__c0__e1__seed_47__sample_1,glm,glm-5-turbo,synthetic_calm_trend_c0_v0_3,C0,E1,47,1,execute,direct-api,ok,0.163168,17.683153,-0.000737,0.966667,0,0,10,1.0,1.0,24,live_call,sha256:cb4e8cf98b7701e7618f703ded862311cc1fb0dc5dfb7d4a943d0e9959b42c3f,sha256:6f67f5a72015d4cda5f4cd4d1a8767d0f15e36c4097fce7dbae60466d9def620,
glm__glm_5_turbo__synthetic_high_volatility_c0_v0_3__c0__e0__seed_47__sample_1,glm,glm-5-turbo,synthetic_high_volatility_c0_v0_3,C0,E0,47,1,execute,direct-api,ok,0.128977,12.851031,-0.007558,1.0,0,2,0,1.0,1.0,24,live_call,sha256:12f3f7467c40d073beda0f78919d923f44fdb517b5ee9d2874b784edc8c21f47,sha256:b42d3093a65f117743179846878a616c09901be541afba0e2f10e2963f541c76,
glm__glm_5_turbo__synthetic_high_volatility_c0_v0_3__c0__e1__seed_47__sample_1,glm,glm-5-turbo,synthetic_high_volatility_c0_v0_3,C0,E1,47,1,execute,direct-api,ok,0.172467,11.578233,-0.01429,0.955556,0,2,6,1.0,1.0,24,live_call,sha256:e913c165197c1b5f9ea932c21823556ccf096726b5e8f58c40170dd53f2ed130,sha256:5d37c4218311fa26ee0a9cf4fb4004920fe28426618bf1c7c6385abc41883a56,
glm__glm_5_turbo__synthetic_jump_tail_c0_v0_3__c0__e0__seed_47__sample_1,glm,glm-5-turbo,synthetic_jump_tail_c0_v0_3,C0,E0,47,1,execute,direct-api,ok,0.100735,6.310611,-0.021437,1.0,0,3,1,1.0,1.0,24,live_call,sha256:67caf00d3d7478ef1fd13853ccea41ea80ed62b95ee1b5761b55593bafcb2712,sha256:54cf03710f1cc0b150dbe7ce6e334ee6fd4df2c92e9111f5a1e8e0a0fea20355,
glm__glm_5_turbo__synthetic_jump_tail_c0_v0_3__c0__e1__seed_47__sample_1,glm,glm-5-turbo,synthetic_jump_tail_c0_v0_3,C0,E1,47,1,execute,direct-api,ok,0.140336,6.937956,-0.034369,0.948718,0,0,10,1.0,1.0,24,live_call,sha256:a8ad14bb454b7d75ab02b0f25c482dd25b61ee48e18fe0e671d46b1c8e9c509e,sha256:3923513c43c1f9c9fcdc9d461e255015ac4d63991c5a2578408cf1404fa0522e,
glm__glm_5_turbo__synthetic_calm_trend_c0_v0_3__c0__e0__seed_47__sample_2,glm,glm-5-turbo,synthetic_calm_trend_c0_v0_3,C0,E0,47,2,execute,direct-api,ok,0.023838,17.352275,-0.000227,1.0,0,0,27,1.0,1.0,24,live_call,sha256:0696062cde6c39ee356c4c958699278ec71fdf155ef8458cf9d390ebffd81995,sha256:58bb91c14ae6dbf854e5c0bd871de1e45e73b7e1a090e8655e41910d87123e1c,
glm__glm_5_turbo__synthetic_calm_trend_c0_v0_3__c0__e1__seed_47__sample_2,glm,glm-5-turbo,synthetic_calm_trend_c0_v0_3,C0,E1,47,2,execute,direct-api,ok,0.115976,17.750669,-0.001153,0.969697,0,0,11,1.0,1.0,24,live_call,sha256:9fd6d7131d78609800e74d9c291fd59e76d89f60e0237dca040fd584e31dc4d5,sha256:8d30a4058ac2be186c34cea7049850567067fc4a9f4910d476ed97263c10c054,
glm__glm_5_turbo__synthetic_high_volatility_c0_v0_3__c0__e0__seed_47__sample_2,glm,glm-5-turbo,synthetic_high_volatility_c0_v0_3,C0,E0,47,2,execute,direct-api,ok,0.04139,6.702976,-0.010243,1.0,0,0,23,1.0,1.0,24,live_call,sha256:27f5a240f39fe90cfcfb33f3ec66add12662981a7d2fb426706ff010d0e2be7d,sha256:8e475c7bf304e692146ee4b4a7ffc0331b2681eeb09cf1bee3558d91e8fbce9a,
glm__glm_5_turbo__synthetic_high_volatility_c0_v0_3__c0__e1__seed_47__sample_2,glm,glm-5-turbo,synthetic_high_volatility_c0_v0_3,C0,E1,47,2,execute,direct-api,ok,0.172437,11.563096,-0.01429,0.955556,0,2,6,1.0,1.0,24,live_call,sha256:1b35085fa2a8a52bb272c580d012cb0e79330298dfa3773eab3c39eb3b2e38ea,sha256:3ace3636bd00e190ede88e2905d3f6c239eb8f0afd50efa0da2bbee59fd8c22a,
glm__glm_5_turbo__synthetic_jump_tail_c0_v0_3__c0__e0__seed_47__sample_2,glm,glm-5-turbo,synthetic_jump_tail_c0_v0_3,C0,E0,47,2,execute,direct-api,ok,0.040621,5.977165,-0.010201,1.0,0,0,14,1.0,1.0,24,live_call,sha256:6f3c2f24a46e9aaf1b80ca5b4b6d8ee658b3a95c7051bdc0d39e050565bd3065,sha256:2547d6de8be27da4233961ea454b593208f6b433abbab5b87794a55c121bde51,
glm__glm_5_turbo__synthetic_jump_tail_c0_v0_3__c0__e1__seed_47__sample_2,glm,glm-5-turbo,synthetic_jump_tail_c0_v0_3,C0,E1,47,2,execute,direct-api,ok,0.031097,3.484624,-0.021215,0.916667,1,1,24,1.0,1.0,24,live_call,sha256:425d8ba4bb644cdd51a13a04c8376afdea18f52351b6e9855a995b49cfc07bdd,sha256:7cee8398c01e95acb8ea5248bad624e86f9b53ddcff18da7c9df151d7831739e,
glm__glm_5_turbo__synthetic_calm_trend_c0_v0_3__c0__e0__seed_53__sample_0,glm,glm-5-turbo,synthetic_calm_trend_c0_v0_3,C0,E0,53,0,execute,direct-api,ok,0.060718,18.0237,-0.001022,1.0,0,0,19,1.0,1.0,24,live_call,sha256:b8078d2b62bce48c0714a84472b96dd765143b4c06169c08a759c7abdf9079e8,sha256:735db913572c281448305f85ac124f96885e67b73ee5bcc2c9cce464bd4c637d,
glm__glm_5_turbo__synthetic_calm_trend_c0_v0_3__c0__e1__seed_53__sample_0,glm,glm-5-turbo,synthetic_calm_trend_c0_v0_3,C0,E1,53,0,execute,direct-api,ok,0.059359,17.502335,-0.000971,0.95,0,0,20,1.0,1.0,24,live_call,sha256:b03b29b559b6e4f4fd7002ac376bb29eef7363a306acf78d3367854b1f54f21b,sha256:005922d1f4543fb9d9c07c1e54291be030c1038a3f35d1b189c1736839263fda,
glm__glm_5_turbo__synthetic_high_volatility_c0_v0_3__c0__e0__seed_53__sample_0,glm,glm-5-turbo,synthetic_high_volatility_c0_v0_3,C0,E0,53,0,execute,direct-api,ok,0.05838,8.727158,-0.01082,1.0,0,0,27,1.0,1.0,24,live_call,sha256:6d3e20a96f77fe6b11d8de0319fbe95149eda5620a554b841be000a82cc0750d,sha256:3d0d99053be8022938e499a6c2be00d1b09cc848ec647108ac37289b3a8fcc62,
glm__glm_5_turbo__synthetic_high_volatility_c0_v0_3__c0__e1__seed_53__sample_0,glm,glm-5-turbo,synthetic_high_volatility_c0_v0_3,C0,E1,53,0,execute,direct-api,ok,0.103594,8.33076,-0.022002,0.956522,0,2,19,1.0,1.0,24,live_call,sha256:1a4430c1f58d8753f1c128262a061a9bf7d550b1cb9536f40334711844b8a037,sha256:11242c6c980881268af7878a727476437010518cf1672f8f3faf52bc0fb1503e,
glm__glm_5_turbo__synthetic_jump_tail_c0_v0_3__c0__e0__seed_53__sample_0,glm,glm-5-turbo,synthetic_jump_tail_c0_v0_3,C0,E0,53,0,execute,direct-api,ok,0.149811,7.34839,-0.006913,1.0,0,3,21,1.0,1.0,24,live_call,sha256:c430a9ef0c7da857c5d1f2ecfb4ad6e8fd0c6a5de3c9f3826e619117ec3f7b2d,sha256:937e8ccd8f39e9fdc42963cfb705367f1264a730ee554623c082c9eaba228eaf,
glm__glm_5_turbo__synthetic_jump_tail_c0_v0_3__c0__e1__seed_53__sample_0,glm,glm-5-turbo,synthetic_jump_tail_c0_v0_3,C0,E1,53,0,execute,direct-api,ok,0.14146,7.182068,-0.006511,0.954545,0,4,25,1.0,1.0,24,live_call,sha256:512eba59dca68cd3e391a49141ab8fcb1d5d0e74d519b7cba4e7f293e13283f4,sha256:42cc28631263ac43acbede1fed4d1078d4c92bfed0888c00b64057e1cc822534,
glm__glm_5_turbo__synthetic_calm_trend_c0_v0_3__c0__e0__seed_53__sample_1,glm,glm-5-turbo,synthetic_calm_trend_c0_v0_3,C0,E0,53,1,execute,direct-api,ok,0.059466,17.293998,-0.001081,1.0,0,0,22,1.0,1.0,24,live_call,sha256:85373eb30ba98420ff23ff54df94bc54f1c2da2e60d3225aa1ab64b3990c3c76,sha256:642e478fb22165a0a3db5da43e94c39437d9f0609f354732f077d2021b08fcec,
glm__glm_5_turbo__synthetic_calm_trend_c0_v0_3__c0__e1__seed_53__sample_1,glm,glm-5-turbo,synthetic_calm_trend_c0_v0_3,C0,E1,53,1,execute,direct-api,ok,0.059359,17.502335,-0.000971,0.95,0,0,20,1.0,1.0,24,live_call,sha256:e39ebe367dbe758f6fb5814d7e672821711f457d4889656de352b6ece183dc52,sha256:76d19ce49e9c8d33e9a71f687428e3023fa9e6de834202896aa2c2879654fa50,
glm__glm_5_turbo__synthetic_high_volatility_c0_v0_3__c0__e0__seed_53__sample_1,glm,glm-5-turbo,synthetic_high_volatility_c0_v0_3,C0,E0,53,1,execute,direct-api,ok,0.06287,9.817426,-0.006623,1.0,0,0,28,1.0,1.0,24,live_call,sha256:76d77db85a8472dca7fe94b44540f1228752f778cc4715c70e96abd62118cae1,sha256:2d1752ad0fcf99c10f46205e96dd789bb018cb41cefdd6590a3d65e0340065c7,
glm__glm_5_turbo__synthetic_high_volatility_c0_v0_3__c0__e1__seed_53__sample_1,glm,glm-5-turbo,synthetic_high_volatility_c0_v0_3,C0,E1,53,1,execute,direct-api,ok,0.061773,8.393504,-0.012941,0.954545,0,0,20,1.0,1.0,24,live_call,sha256:9f35d1989bce7a901cd6ed222d4c7f3d378c3d22c9af24bdac51dbc89883c2ae,sha256:ba52e7097ac60cf10d074d84d1cdae185445f605ef79aaed254149390a825a9e,
glm__glm_5_turbo__synthetic_jump_tail_c0_v0_3__c0__e0__seed_53__sample_1,glm,glm-5-turbo,synthetic_jump_tail_c0_v0_3,C0,E0,53,1,execute,direct-api,ok,0.14433,7.079628,-0.006913,1.0,0,3,25,1.0,1.0,24,live_call,sha256:f2ec42a0cf019ff4a6586f717b8f35f8683bc1a9ea432ad41e989b8b4f755383,sha256:cef250574f96696b5894b358f1d1bbbbd4a3fbdebf3f9d0b95a32fb2e94802eb,
glm__glm_5_turbo__synthetic_jump_tail_c0_v0_3__c0__e1__seed_53__sample_1,glm,glm-5-turbo,synthetic_jump_tail_c0_v0_3,C0,E1,53,1,execute,direct-api,ok,0.14241,7.187779,-0.006511,0.954545,0,4,26,1.0,1.0,24,live_call,sha256:6dbe8bc62a66d0d7dc44be641c8db5fcebe72168203767d68ed22353f5e42ce1,sha256:4643f42ba4c768a97f82338f7533fb227509771b3e58b1f0e6e56213d13cb0f4,
glm__glm_5_turbo__synthetic_calm_trend_c0_v0_3__c0__e0__seed_53__sample_2,glm,glm-5-turbo,synthetic_calm_trend_c0_v0_3,C0,E0,53,2,execute,direct-api,ok,0.060718,18.0237,-0.001022,1.0,0,0,20,1.0,1.0,24,live_call,sha256:f21756d3dc0e23eb1ec7cd3151c408e5d8ef0e8ec67286cac14b24acf6bceb44,sha256:552c709f90e1206319976aecebd05f8ccd48f26c3752fcb7de5ba54023d88ff7,
glm__glm_5_turbo__synthetic_calm_trend_c0_v0_3__c0__e1__seed_53__sample_2,glm,glm-5-turbo,synthetic_calm_trend_c0_v0_3,C0,E1,53,2,execute,direct-api,ok,0.106456,17.577387,-0.001722,0.954545,0,5,20,1.0,1.0,24,live_call,sha256:a8a0973771a8a4e8610221b80e7a767106e198a70df2783bdb10b9fbfd05ad54,sha256:c0bc1dc0950da7f7365c7abb896f40c50a6a5fb20dea24e05ad9938eb7253521,
glm__glm_5_turbo__synthetic_high_volatility_c0_v0_3__c0__e0__seed_53__sample_2,glm,glm-5-turbo,synthetic_high_volatility_c0_v0_3,C0,E0,53,2,execute,direct-api,ok,0.056362,7.814208,-0.013399,1.0,0,0,19,1.0,1.0,24,live_call,sha256:4118ab38937a9030b57b5283578a6bf8af73653128dc5674a3a41d1e556fa169,sha256:d59eac1adca3e6aa1f4c5716e8f2230f89c7cd9f71faa9b9f6a6c2d7eb265181,
glm__glm_5_turbo__synthetic_high_volatility_c0_v0_3__c0__e1__seed_53__sample_2,glm,glm-5-turbo,synthetic_high_volatility_c0_v0_3,C0,E1,53,2,execute,direct-api,ok,0.089656,7.641886,-0.023134,0.956522,0,0,19,1.0,1.0,24,live_call,sha256:a0af70513c6ffbb54ed954bd81531f2714eb842b37102927976c7f6034b0e7ed,sha256:07e6afe0c50081a7bd21d3e5c79131b5e6584131c3853b9118c228e039e450fc,
glm__glm_5_turbo__synthetic_jump_tail_c0_v0_3__c0__e0__seed_53__sample_2,glm,glm-5-turbo,synthetic_jump_tail_c0_v0_3,C0,E0,53,2,execute,direct-api,ok,0.14433,7.079628,-0.006913,1.0,0,3,25,1.0,1.0,24,live_call,sha256:f475bce250ae53bebb889ef6b19f502e00246d312405b54edac8fdc72ab0ba8f,sha256:7a9a1ff8103b2dce00f337771b83c6e9b09ce20a167a91f8cf74a9ad2e2c9e3c,
glm__glm_5_turbo__synthetic_jump_tail_c0_v0_3__c0__e1__seed_53__sample_2,glm,glm-5-turbo,synthetic_jump_tail_c0_v0_3,C0,E1,53,2,execute,direct-api,ok,0.25704,10.556453,-0.010652,0.954545,0,7,10,1.0,1.0,24,live_call,sha256:687a047392c9fd5f7fdf927336e29b4ce0e846e5bb9ccdc59382cf040fe7c137,sha256:c3e468671b552d57c7d68095c93ce4876f7ce131039bf2245ca4923b28ed50e2,
glm__glm_5_2__synthetic_calm_trend_c0_v0_3__c0__e0__seed_7__sample_0,glm,glm-5.2,synthetic_calm_trend_c0_v0_3,C0,E0,7,0,execute,direct-api,ok,0.192276,27.254564,0.0,1.0,0,3,0,1.0,1.0,24,live_call,sha256:b31fb6d095cfb31bc1398afbe95beaf1f9202f50abe6f2af65559392eeb7d8e3,sha256:6f837d2e7e17dc6f7074771158a2e0488dc467866e3d6dd743f520ec0835928f,
glm__glm_5_2__synthetic_calm_trend_c0_v0_3__c0__e1__seed_7__sample_0,glm,glm-5.2,synthetic_calm_trend_c0_v0_3,C0,E1,7,0,execute,direct-api,ok,0.19522,25.907609,-0.001494,0.955556,0,13,0,1.0,1.0,24,live_call,sha256:b0ebd873586b884e7cf2c1572451b76c027e9398309499f0afe13b3ee4b8c273,sha256:a99966b646b95b78ccaf343e34151ac64a7c45c5103fba3eb996b81b5c95b037,
glm__glm_5_2__synthetic_high_volatility_c0_v0_3__c0__e0__seed_7__sample_0,glm,glm-5.2,synthetic_high_volatility_c0_v0_3,C0,E0,7,0,execute,direct-api,ok,0.165441,10.539399,-0.020426,1.0,0,7,0,1.0,1.0,24,live_call,sha256:5a692f44c43875efa66c99314543976a03ebcb76e08bfe1fed704d78c0acc8c1,sha256:56c6b2ceb825e2bdc9268c1e5fe7a16447fc1ada6e2b027ddf46909fd84846bd,
glm__glm_5_2__synthetic_high_volatility_c0_v0_3__c0__e1__seed_7__sample_0,glm,glm-5.2,synthetic_high_volatility_c0_v0_3,C0,E1,7,0,execute,direct-api,ok,0.141747,9.559502,-0.018239,0.9375,1,9,4,1.0,1.0,24,live_call,sha256:3947266a873866b9ef4b3f7ebc87580ddd290036ac34bc11dd16fe63768f8508,sha256:5e66d800a9f99b7ea495e3bb9887793d04d60446c0988f298581f8d684fd2f75,
glm__glm_5_2__synthetic_jump_tail_c0_v0_3__c0__e0__seed_7__sample_0,glm,glm-5.2,synthetic_jump_tail_c0_v0_3,C0,E0,7,0,execute,direct-api,ok,0.400517,12.057076,-0.017001,1.0,0,10,0,1.0,1.0,24,live_call,sha256:fab4a4bbcd143fccef2447b726b99e5801f15df4dd4875f3b108408d381948d2,sha256:0e324e962eaf46ac0c1f4f8282e822041f82cdec5a3b3eaeca4b704b80f48ac2,
glm__glm_5_2__synthetic_jump_tail_c0_v0_3__c0__e1__seed_7__sample_0,glm,glm-5.2,synthetic_jump_tail_c0_v0_3,C0,E1,7,0,execute,direct-api,ok,0.344811,7.659188,-0.01555,0.9375,1,8,8,1.0,1.0,24,live_call,sha256:67c317682d947ee01de608834ac74dc902b5ec15339123aad7c070409162035e,sha256:fd555ff737d9443b77f5f28e700f8b2fb55e83b415733ad0ed494b094651a996,
glm__glm_5_2__synthetic_calm_trend_c0_v0_3__c0__e0__seed_7__sample_1,glm,glm-5.2,synthetic_calm_trend_c0_v0_3,C0,E0,7,1,execute,direct-api,ok,0.1928,27.413451,0.0,1.0,0,2,0,1.0,1.0,24,live_call,sha256:918f13b944562e1e4dc1631b5755a983de3854906f9b6a13ebf5668ffce19566,sha256:fe324d880d9aeab6f04d8749d0504ea68b34911330b9543c03fa9dd0edb34e75,
glm__glm_5_2__synthetic_calm_trend_c0_v0_3__c0__e1__seed_7__sample_1,glm,glm-5.2,synthetic_calm_trend_c0_v0_3,C0,E1,7,1,execute,direct-api,ok,0.174918,23.798379,-0.006047,0.9375,1,7,0,1.0,1.0,24,live_call,sha256:2cd27bfc685f9267e5f68776399162139590b4a9529a60b151f0accea1d0dcc3,sha256:bb8978f6a5551e1efc53f372141c1085ad4152d7afbd99502c564b6130673345,
glm__glm_5_2__synthetic_high_volatility_c0_v0_3__c0__e0__seed_7__sample_1,glm,glm-5.2,synthetic_high_volatility_c0_v0_3,C0,E0,7,1,execute,direct-api,ok,0.166877,10.925916,-0.020425,1.0,0,8,0,1.0,1.0,24,live_call,sha256:c009dd1aa5928ebf82988dc9b0ecd7d16f0ef2a6da51fedc00069d45d1183796,sha256:f450d407701521d2b02586dfbbe859f22a0676fc5acfc4ff3efdb346a8b4496b,
glm__glm_5_2__synthetic_high_volatility_c0_v0_3__c0__e1__seed_7__sample_1,glm,glm-5.2,synthetic_high_volatility_c0_v0_3,C0,E1,7,1,execute,direct-api,ok,0.142345,8.093966,-0.022866,0.916667,2,6,4,1.0,1.0,24,live_call,sha256:d9e0a4d59ead667dd75bcc2197e54ea49ec3b739ce93cee33d4f613464f440f2,sha256:3a0f770d192a835de2b684e6df25880f1ec5348a4cbc28ec56dfb965a6deffec,
glm__glm_5_2__synthetic_jump_tail_c0_v0_3__c0__e0__seed_7__sample_1,glm,glm-5.2,synthetic_jump_tail_c0_v0_3,C0,E0,7,1,execute,direct-api,ok,0.391861,11.79203,-0.013928,1.0,0,9,0,1.0,1.0,24,live_call,sha256:f7a7365d6b618061bd4a8d0136d6bb9e8032e9411de751fa69a260e849f87471,sha256:63fd986629956e91e137b36a2fe47a3e51a8f7383caa54a333a659dcfbffd5a2,
glm__glm_5_2__synthetic_jump_tail_c0_v0_3__c0__e1__seed_7__sample_1,glm,glm-5.2,synthetic_jump_tail_c0_v0_3,C0,E1,7,1,execute,direct-api,ok,0.32079,8.078157,-0.014613,0.957447,0,5,8,1.0,1.0,24,live_call,sha256:8f632ffa63536854496ef0771f5c1a64287cc4f9396f70031038f52e0842d10d,sha256:13ea60e2b87cb458f2819db842025eadff44a3f7eb7a4cbc8ca415bab8bab250,
glm__glm_5_2__synthetic_calm_trend_c0_v0_3__c0__e0__seed_7__sample_2,glm,glm-5.2,synthetic_calm_trend_c0_v0_3,C0,E0,7,2,execute,direct-api,ok,0.200046,24.906634,-0.006348,1.0,0,10,0,1.0,1.0,24,live_call,sha256:01646e519b94baf3dec5220efb8f434c387d7642e28f8a83c7b84473f5de4631,sha256:65c83f6717d297bc5ab7fe4cd005c930662b148025fa77497d22cd146914afad,
glm__glm_5_2__synthetic_calm_trend_c0_v0_3__c0__e1__seed_7__sample_2,glm,glm-5.2,synthetic_calm_trend_c0_v0_3,C0,E1,7,2,execute,direct-api,ok,0.181063,21.442047,-0.005989,0.9375,1,8,0,1.0,1.0,24,live_call,sha256:e3ce49356e1ebad293b67a3538528ecf63129cfc02dfd9f4d13573a220d9bb91,sha256:827716a3074faf8d03e313791d1daa4c4e0d406db6f97b2d0a1a5069f1782b85,
glm__glm_5_2__synthetic_high_volatility_c0_v0_3__c0__e0__seed_7__sample_2,glm,glm-5.2,synthetic_high_volatility_c0_v0_3,C0,E0,7,2,execute,direct-api,ok,0.172624,11.028699,-0.020425,1.0,0,7,0,1.0,1.0,24,live_call,sha256:15995a23b14386083281657492f2112d1d580a09b204c6263da9418d3a2006ff,sha256:55291d51a9efd501afd2b2f0f077e52fcf8a26edbd4f674b426de42d9156cb67,
glm__glm_5_2__synthetic_high_volatility_c0_v0_3__c0__e1__seed_7__sample_2,glm,glm-5.2,synthetic_high_volatility_c0_v0_3,C0,E1,7,2,execute,direct-api,ok,0.147532,10.121158,-0.018104,0.93617,1,10,4,1.0,1.0,24,live_call,sha256:103ea94d8a3e521f0d4f8ed50e20720ed1977b065b8353621c5a77b6ea7f9593,sha256:872ac50a2e1f75247835185f70e983a0887f17c16bf8ade1b5226d66fff4a8f1,
glm__glm_5_2__synthetic_jump_tail_c0_v0_3__c0__e0__seed_7__sample_2,glm,glm-5.2,synthetic_jump_tail_c0_v0_3,C0,E0,7,2,execute,direct-api,ok,0.373833,11.317575,-0.017001,1.0,0,7,0,1.0,1.0,24,live_call,sha256:c67e6a0bd30bcd000ac6ccef0d7ce4d122306182725ce70efc69e91799cd6d34,sha256:0cb2382225e3eebbba16845edcccefa9813c9dfdb9f5a0d97c48592d76137302,
glm__glm_5_2__synthetic_jump_tail_c0_v0_3__c0__e1__seed_7__sample_2,glm,glm-5.2,synthetic_jump_tail_c0_v0_3,C0,E1,7,2,execute,direct-api,ok,0.343184,10.73871,-0.014215,0.956522,0,10,7,1.0,1.0,24,live_call,sha256:9d17be1a85348977ae9c0ae5431c87d66420f9ce65fe40ae9762e379310596b1,sha256:fd46654b81a7bbc13986aee4326ca8766d725a5cf8ff984d8e5d7770c2e2d2cd,
glm__glm_5_2__synthetic_calm_trend_c0_v0_3__c0__e0__seed_11__sample_0,glm,glm-5.2,synthetic_calm_trend_c0_v0_3,C0,E0,11,0,execute,direct-api,ok,0.281519,28.811429,0.0,1.0,0,4,0,1.0,1.0,24,live_call,sha256:9986f561a53d71164dc7abeaf8bbf04b270e928cc964d11d8ab3810dcb09c6cd,sha256:94c4cc47bc28e8ae29c81558b2f8ecfe02f133ccc99bbc9b59e11cf48d63378f,
glm__glm_5_2__synthetic_calm_trend_c0_v0_3__c0__e1__seed_11__sample_0,glm,glm-5.2,synthetic_calm_trend_c0_v0_3,C0,E1,11,0,execute,direct-api,ok,0.253918,22.794368,-0.001024,0.934783,1,10,0,1.0,1.0,24,live_call,sha256:e3d571d575ee58e07c3c581aae90064995131b52942fc61162af4d986c27c982,sha256:fc07b4dab7e02a281c788ac6d155a0a0caaccac1fe0f29c3b53ee6b514735f2b,
glm__glm_5_2__synthetic_high_volatility_c0_v0_3__c0__e0__seed_11__sample_0,glm,glm-5.2,synthetic_high_volatility_c0_v0_3,C0,E0,11,0,execute,direct-api,ok,0.360452,18.553653,-0.007865,1.0,0,11,0,1.0,1.0,24,live_call,sha256:b59ebf2ba32c201afa4e84f218c7f5c537f63cd91bf9151838988c738e25a25e,sha256:ad970d1d1aeafd1e177a1aaadc5bc666c01630beca34f0b4cefbff7083525394,
glm__glm_5_2__synthetic_high_volatility_c0_v0_3__c0__e1__seed_11__sample_0,glm,glm-5.2,synthetic_high_volatility_c0_v0_3,C0,E1,11,0,execute,direct-api,ok,0.312029,16.867619,-0.009976,0.914894,2,6,5,1.0,1.0,24,live_call,sha256:db37bb5eabe7fe0b9ff7d28f748de071746c837c07f6940b69bf36a0db79749f,sha256:aa57a9a8f238ba53c7eec6b3099a79434d85b37c9d16df9ffe5d0829858d008f,
glm__glm_5_2__synthetic_jump_tail_c0_v0_3__c0__e0__seed_11__sample_0,glm,glm-5.2,synthetic_jump_tail_c0_v0_3,C0,E0,11,0,execute,direct-api,ok,0.357384,11.840279,-0.018369,1.0,0,8,0,1.0,1.0,24,live_call,sha256:5da4281194918f9b557162a586dd884c697fea9329e6c8cc28c0b51ad5f68e76,sha256:8e8911bad55f38ea5d137b222f88068d31ef98d72c23e1134947f86dcde32d55,
glm__glm_5_2__synthetic_jump_tail_c0_v0_3__c0__e1__seed_11__sample_0,glm,glm-5.2,synthetic_jump_tail_c0_v0_3,C0,E1,11,0,execute,direct-api,ok,0.32258,14.546339,-0.005874,0.957447,0,3,6,1.0,1.0,24,live_call,sha256:43ea1ddf64f0b82499b62872250e3c4e8ebf76d1d996cbf0c4654c89c17dd9f7,sha256:8d75a94569cbf72e756d6e68bc311b4e4cba131799af0296a38a6739ee21739e,
glm__glm_5_2__synthetic_calm_trend_c0_v0_3__c0__e0__seed_11__sample_1,glm,glm-5.2,synthetic_calm_trend_c0_v0_3,C0,E0,11,1,execute,direct-api,ok,0.281406,29.993822,0.0,1.0,0,7,0,1.0,1.0,24,live_call,sha256:976c323a00a3784278fbf3c5cb0d6b7131c8b13c186e57e64d014947c849c409,sha256:517c5dbb93da480ac9d33247dc210d5cf9cc9ffa79f780c92643ff3acef9062f,
glm__glm_5_2__synthetic_calm_trend_c0_v0_3__c0__e1__seed_11__sample_1,glm,glm-5.2,synthetic_calm_trend_c0_v0_3,C0,E1,11,1,execute,direct-api,ok,0.266442,24.027499,-0.001567,0.958333,0,11,0,1.0,1.0,24,live_call,sha256:95f7fe809918c177583194c2541c62b3ebe262b28f2b778e59876487ec0097e0,sha256:6dfcaf8118e72ee60e9b6ff0897acdb580f39449fbeba3088fef2153d3427275,
glm__glm_5_2__synthetic_high_volatility_c0_v0_3__c0__e0__seed_11__sample_1,glm,glm-5.2,synthetic_high_volatility_c0_v0_3,C0,E0,11,1,execute,direct-api,ok,0.344734,18.922198,-0.007865,1.0,0,6,0,1.0,1.0,24,live_call,sha256:4c08f8e4af5b6ef073493f743c9d7e76e6fa0ad79d860ad9a5c60ad843dd3fee,sha256:f7289c21513b4e454e238a6d439b2c18c3a5587ddbc50f9414a611e2d3073129,
glm__glm_5_2__synthetic_high_volatility_c0_v0_3__c0__e1__seed_11__sample_1,glm,glm-5.2,synthetic_high_volatility_c0_v0_3,C0,E1,11,1,execute,direct-api,ok,0.316188,16.910106,-0.008043,0.955556,0,10,5,1.0,1.0,24,live_call,sha256:882f5191754b074fcae05b680455917e9a07b2155402ce21a925c1fe14a29b05,sha256:e8831788655069d4e70878d4263707fc400829b15be6a2622d63ceda56ef440c,
glm__glm_5_2__synthetic_jump_tail_c0_v0_3__c0__e0__seed_11__sample_1,glm,glm-5.2,synthetic_jump_tail_c0_v0_3,C0,E0,11,1,execute,direct-api,ok,0.323561,13.474544,-0.008423,1.0,0,5,0,1.0,1.0,24,live_call,sha256:e232f212b2f79e8223bc129ce60c489171b2ae3fe89cf3705f831ea74ab5df84,sha256:e45ef2ba8a3ca2a9027ad5b4ecfa1b066cb5f8dbd8ad85fe8069869fe49d2d85,
glm__glm_5_2__synthetic_jump_tail_c0_v0_3__c0__e1__seed_11__sample_1,glm,glm-5.2,synthetic_jump_tail_c0_v0_3,C0,E1,11,1,execute,direct-api,ok,0.283168,15.105723,-0.00871,0.956522,0,6,6,1.0,1.0,24,live_call,sha256:abeb9f59ac38d0ce971954ad6b83e6841137c67db94b03e932d8499bcf6625c2,sha256:5b6e51440db754e3322f0e80b266c9bbb543412b0888ef68d729ab135d1675d2,
glm__glm_5_2__synthetic_calm_trend_c0_v0_3__c0__e0__seed_11__sample_2,glm,glm-5.2,synthetic_calm_trend_c0_v0_3,C0,E0,11,2,execute,direct-api,ok,0.280373,28.670307,0.0,1.0,0,7,0,1.0,1.0,24,live_call,sha256:f00fded05b01191e189287870ba0c9eaf49f31ddd99114e8d18a92696513e00d,sha256:ec76a7e619ecb78833371cfbb05c042978358b445ee12c47e3101bb63f48479d,
glm__glm_5_2__synthetic_calm_trend_c0_v0_3__c0__e1__seed_11__sample_2,glm,glm-5.2,synthetic_calm_trend_c0_v0_3,C0,E1,11,2,execute,direct-api,ok,0.234789,21.236287,-0.001567,0.9375,1,11,0,1.0,1.0,24,live_call,sha256:2d5916c27d5824caa1d1fb1fbdb5d076fa8bad15305630d37e7e68dc58e2faaf,sha256:f32bd99a89e005b071c107a9117b140ecdb6fbdc5269342a2dcf9c57b6853eb4,
glm__glm_5_2__synthetic_high_volatility_c0_v0_3__c0__e0__seed_11__sample_2,glm,glm-5.2,synthetic_high_volatility_c0_v0_3,C0,E0,11,2,execute,direct-api,ok,0.356973,18.674295,-0.007865,1.0,0,6,0,1.0,1.0,24,live_call,sha256:3b76c30c8df573f7db13df9df7d01b0909eadfd63cdfbd561aa32b04aeab2620,sha256:ca9da86b05cf707225fde598c83b650b0796f3848a9633d981f79b55894b34f1,
glm__glm_5_2__synthetic_high_volatility_c0_v0_3__c0__e1__seed_11__sample_2,glm,glm-5.2,synthetic_high_volatility_c0_v0_3,C0,E1,11,2,execute,direct-api,ok,0.301472,17.451275,-0.007085,0.914894,2,9,5,1.0,1.0,24,live_call,sha256:593a31cc30156618b7d4aea97d4e9952cce3484c6d433a11cd9b21c9e0f50ce6,sha256:0872d80e1403e3e4605cba42281c38be7636ca3f2033bf0e080444f4935ecc16,
glm__glm_5_2__synthetic_jump_tail_c0_v0_3__c0__e0__seed_11__sample_2,glm,glm-5.2,synthetic_jump_tail_c0_v0_3,C0,E0,11,2,execute,direct-api,ok,0.360249,12.09191,-0.015619,1.0,0,9,0,1.0,1.0,24,live_call,sha256:611dc918dcbadef326512b8b12f2081f0ecc524bedf3ed020095f183782ccc8d,sha256:e41185e6496df927aab78bcfc441eb2810f225c3b2135c1d9123278a3397b46a,
glm__glm_5_2__synthetic_jump_tail_c0_v0_3__c0__e1__seed_11__sample_2,glm,glm-5.2,synthetic_jump_tail_c0_v0_3,C0,E1,11,2,execute,direct-api,ok,0.416053,11.404218,-0.003457,0.958333,0,5,6,1.0,1.0,24,live_call,sha256:1939358e94654afd31e0f0f487fcc4f82ff1e1e4bf188124a43e24cfed8633ae,sha256:89924b6ed6ff0252eb4c2224cbcdbf73747d0fa7c0d8251354a5686e232a1fa7,
glm__glm_5_2__synthetic_calm_trend_c0_v0_3__c0__e0__seed_17__sample_0,glm,glm-5.2,synthetic_calm_trend_c0_v0_3,C0,E0,17,0,execute,direct-api,ok,0.218696,23.650992,-0.000427,1.0,0,8,0,1.0,1.0,24,live_call,sha256:2ba02a30c0fbf876009674bc9c781d24a5a85c73c6f0cb5f7c3946d580a84164,sha256:75659adc1ecbae7411539aee135191a972f935f3cd1e2cdce22d1b96f02f3d7e,
glm__glm_5_2__synthetic_calm_trend_c0_v0_3__c0__e1__seed_17__sample_0,glm,glm-5.2,synthetic_calm_trend_c0_v0_3,C0,E1,17,0,execute,direct-api,ok,0.19962,16.562853,-0.00179,0.955556,0,15,1,1.0,1.0,24,live_call,sha256:fa7e024c7ef164b644501fe30e5b90734ad8e46f67ef0498673f6cbba5f919d3,sha256:a932b11bf00be99fb07cdbd33079df64c2d32d2752356f4ad348fc0924c502a2,
glm__glm_5_2__synthetic_high_volatility_c0_v0_3__c0__e0__seed_17__sample_0,glm,glm-5.2,synthetic_high_volatility_c0_v0_3,C0,E0,17,0,execute,direct-api,ok,0.214855,11.796518,-0.012596,1.0,0,8,0,1.0,1.0,24,live_call,sha256:124f09a184cd8420c40009fe3316213a286b540a6adef93a31e466139dd0fa63,sha256:44380568d25c56768b57c7c141b56baf46cae34b407d1cd7c38119c0463f95f8,
glm__glm_5_2__synthetic_high_volatility_c0_v0_3__c0__e1__seed_17__sample_0,glm,glm-5.2,synthetic_high_volatility_c0_v0_3,C0,E1,17,0,execute,direct-api,ok,0.189498,9.719551,-0.009686,0.956522,0,8,5,1.0,1.0,24,live_call,sha256:f83122cf407358152c5087eca2a288330230203c2c2a9a1844f93522403971a4,sha256:08f37fc1d639309a06b1475427bb04796460cace8734585f1e47ac48340bce07,
glm__glm_5_2__synthetic_jump_tail_c0_v0_3__c0__e0__seed_17__sample_0,glm,glm-5.2,synthetic_jump_tail_c0_v0_3,C0,E0,17,0,execute,direct-api,ok,0.280906,9.572223,-0.038164,1.0,0,7,0,1.0,1.0,24,live_call,sha256:bb7499572d4c5928e866b445b8e5528a721177e8cad6929af0f347eea8d9046c,sha256:a9fdc51993aedd8799843d49ff45a02594c41963d577362110981f896c9e4540,
glm__glm_5_2__synthetic_jump_tail_c0_v0_3__c0__e1__seed_17__sample_0,glm,glm-5.2,synthetic_jump_tail_c0_v0_3,C0,E1,17,0,execute,direct-api,ok,0.240025,6.417442,-0.054766,0.913043,2,6,9,1.0,1.0,24,live_call,sha256:69f8a35ca78b3b6d7adbf734fc76d7ac3199e1dd0a753c90d47716a9bc1d5b64,sha256:de59ffc8cc0156ad3e9e5500188ac674c83d02f297d46cef71bccaff152ee305,
glm__glm_5_2__synthetic_calm_trend_c0_v0_3__c0__e0__seed_17__sample_1,glm,glm-5.2,synthetic_calm_trend_c0_v0_3,C0,E0,17,1,execute,direct-api,ok,0.222564,23.988866,0.0,1.0,0,6,0,1.0,1.0,24,live_call,sha256:633a13840f30f3a2d7a82d3d161b1264d60a9f74d7ef358c3615d7eaf5812a1e,sha256:1e5e9074086b77282d898ce24aff4756ffc5d6da1d8929b98e2020d3b02f7c0e,
glm__glm_5_2__synthetic_calm_trend_c0_v0_3__c0__e1__seed_17__sample_1,glm,glm-5.2,synthetic_calm_trend_c0_v0_3,C0,E1,17,1,execute,direct-api,ok,0.165041,15.619526,-0.001771,0.955556,0,10,1,1.0,1.0,24,live_call,sha256:2d83caadef504a516d41ca11673dd018c9ef30a0649efe319690d9eccd60ead1,sha256:d81276ff30fe967f6828220d9fcf07ab60c625e2f546fe465ed00dfe3eae63cc,
glm__glm_5_2__synthetic_high_volatility_c0_v0_3__c0__e0__seed_17__sample_1,glm,glm-5.2,synthetic_high_volatility_c0_v0_3,C0,E0,17,1,execute,direct-api,ok,0.211524,11.672478,-0.012619,1.0,0,9,0,1.0,1.0,24,live_call,sha256:3b874d6f829d021602c223ba35e8e5df728f3838024084f27a410f99d88f62c9,sha256:0b44330ab3fae097f9877b9bb718e656366c35f019e8a0847e18b6099de32f45,
glm__glm_5_2__synthetic_high_volatility_c0_v0_3__c0__e1__seed_17__sample_1,glm,glm-5.2,synthetic_high_volatility_c0_v0_3,C0,E1,17,1,execute,direct-api,ok,0.170987,9.508645,-0.010545,0.956522,0,7,5,1.0,1.0,24,live_call,sha256:7b839a2abc2427d960a0c0b1434e29042365e926f348abb265368112158a3e4e,sha256:3bf301c3d91687193b198a4a811687cae979bd6fafa583ef1e986b2cb7fea78e,
glm__glm_5_2__synthetic_jump_tail_c0_v0_3__c0__e0__seed_17__sample_1,glm,glm-5.2,synthetic_jump_tail_c0_v0_3,C0,E0,17,1,execute,direct-api,ok,0.278952,8.627079,-0.043377,1.0,0,11,0,1.0,1.0,24,live_call,sha256:9dc3fb5ccd6484252d673ea008a3e46e00f16b618ca92784d689f8982a108976,sha256:89b13bd65d7d3fbb015637032ee7af5a4afecd7da8eb5b357b82716529cb124a,
glm__glm_5_2__synthetic_jump_tail_c0_v0_3__c0__e1__seed_17__sample_1,glm,glm-5.2,synthetic_jump_tail_c0_v0_3,C0,E1,17,1,execute,direct-api,ok,0.214054,7.179808,-0.049168,0.956522,0,2,10,1.0,1.0,24,live_call,sha256:44b09aaf178df333a92e9879400a6ba43ebda11df8ce19cb04fdae64f4769b47,sha256:c9538ef69a4e15e5b301993d36c477594009c9134924a0fcc4abfaca2c6df4ed,
glm__glm_5_2__synthetic_calm_trend_c0_v0_3__c0__e0__seed_17__sample_2,glm,glm-5.2,synthetic_calm_trend_c0_v0_3,C0,E0,17,2,execute,direct-api,ok,0.216101,23.945784,-0.000595,1.0,0,4,0,1.0,1.0,24,live_call,sha256:64eba91bb170000fdce876871429e357d48e8700366e8974715e169146dcb640,sha256:c3b162afcac7f78f2d12ed672895bfde9f9cbc5505fb49abef96c34d52419f5c,
glm__glm_5_2__synthetic_calm_trend_c0_v0_3__c0__e1__seed_17__sample_2,glm,glm-5.2,synthetic_calm_trend_c0_v0_3,C0,E1,17,2,execute,direct-api,ok,0.201991,19.6707,-0.001455,0.957447,0,10,1,1.0,1.0,24,live_call,sha256:74300fd44ed7202fed4990947ca2fe5c9b0d31c6fe9715ccf3e5af92d0180f4e,sha256:8843172042d184d3baa3cc58edf03343f85317019aea326ae43b906490fbf9e5,
glm__glm_5_2__synthetic_high_volatility_c0_v0_3__c0__e0__seed_17__sample_2,glm,glm-5.2,synthetic_high_volatility_c0_v0_3,C0,E0,17,2,execute,direct-api,ok,0.216695,11.448518,-0.012619,1.0,0,8,0,1.0,1.0,24,live_call,sha256:332b0ba2d5d1bbfcac816ac85dac51f5bbcb702e1b0cdd2ac31362fef38b2cec,sha256:c1e018d88752e875ee678b48d6c0ab44b1f0001f34f5b8e634ee13b9906fb167,
glm__glm_5_2__synthetic_high_volatility_c0_v0_3__c0__e1__seed_17__sample_2,glm,glm-5.2,synthetic_high_volatility_c0_v0_3,C0,E1,17,2,execute,direct-api,ok,0.180239,9.657534,-0.01038,0.956522,0,9,5,1.0,1.0,24,live_call,sha256:1ff6f17c0e75eda8c5bf6085168ca4447b06ac5b33cdeb077937256d99a209ce,sha256:b8a9e226d0ecd335ce0abb3e4bc8f103a57874088f610ab73453251004199394,
glm__glm_5_2__synthetic_jump_tail_c0_v0_3__c0__e0__seed_17__sample_2,glm,glm-5.2,synthetic_jump_tail_c0_v0_3,C0,E0,17,2,execute,direct-api,ok,0.279228,8.565344,-0.043406,1.0,0,12,0,1.0,1.0,24,live_call,sha256:13d048f4d53e96434b43c8b23c5abd16c49247d52af2375d5e2506486e01e625,sha256:9ace706c2318736f32f97072b1d3e936ea7f374ab9c91c122a15dbaa0346b92f,
glm__glm_5_2__synthetic_jump_tail_c0_v0_3__c0__e1__seed_17__sample_2,glm,glm-5.2,synthetic_jump_tail_c0_v0_3,C0,E1,17,2,execute,direct-api,ok,0.19501,6.590415,-0.053652,0.958333,0,2,11,1.0,1.0,24,live_call,sha256:277b9a0c89601310fbfaf2b7a091568545603c589dca8472987596cbf59bb132,sha256:d87ba79df20ef81ca0f1280a4b125226a5fd2f6b4c5d7c4607b87e46a2155635,
glm__glm_5_2__synthetic_calm_trend_c0_v0_3__c0__e0__seed_23__sample_0,glm,glm-5.2,synthetic_calm_trend_c0_v0_3,C0,E0,23,0,execute,direct-api,ok,0.253275,27.804466,0.0,1.0,0,7,0,1.0,1.0,24,live_call,sha256:e49e2a9a1fd202cac7bcbc585995406eeb7d4b04d8bf06dfb767a33184658b7a,sha256:0745164e81d787d645f7cd22023350bb3a86ad36b6a2dcc12ba4ee01bd540f58,
glm__glm_5_2__synthetic_calm_trend_c0_v0_3__c0__e1__seed_23__sample_0,glm,glm-5.2,synthetic_calm_trend_c0_v0_3,C0,E1,23,0,execute,direct-api,ok,0.223981,21.434638,-0.000911,0.930233,1,5,0,1.0,1.0,24,live_call,sha256:1cfb6106849d14bcb074458488ede779ac4d45d161d9e21e6a25422d4aed93ce,sha256:62fb39d9dcdd057d327682c8e28c14db683b989cd683046de0f958ebb1a2132d,
glm__glm_5_2__synthetic_high_volatility_c0_v0_3__c0__e0__seed_23__sample_0,glm,glm-5.2,synthetic_high_volatility_c0_v0_3,C0,E0,23,0,execute,direct-api,ok,0.300123,17.812144,-0.005134,1.0,0,7,0,1.0,1.0,24,live_call,sha256:ca35083cb914b7486f5501c68f9277085c3d5e8fb9106690965040cd840b8d53,sha256:3d417f8b41ae017ebeb45131c9283c516baa1ee263d2891e9969d6353e7b56f6,
glm__glm_5_2__synthetic_high_volatility_c0_v0_3__c0__e1__seed_23__sample_0,glm,glm-5.2,synthetic_high_volatility_c0_v0_3,C0,E1,23,0,execute,direct-api,ok,0.321113,15.418923,-0.002949,0.957447,0,8,4,1.0,1.0,24,live_call,sha256:2d6655f35dcda69cac4f023be337705473b2c75640b1675f5c271cff33c41ca8,sha256:d6ab2ad65b6baa2e195421903a56b86a67ae2f3edf986ba4c6e6ecffb439897e,
glm__glm_5_2__synthetic_jump_tail_c0_v0_3__c0__e0__seed_23__sample_0,glm,glm-5.2,synthetic_jump_tail_c0_v0_3,C0,E0,23,0,execute,direct-api,ok,0.193592,8.069572,-0.03821,1.0,0,10,0,1.0,1.0,24,live_call,sha256:8a8766f26250da3728d72ddb0142ec4a40e4d7fae8f06ad3a97b12bc2b78f2db,sha256:ccd46035afcab98f5d8f50f2444099bac75e95bb0c8b93f2e5b794f78ddc8bca,
glm__glm_5_2__synthetic_jump_tail_c0_v0_3__c0__e1__seed_23__sample_0,glm,glm-5.2,synthetic_jump_tail_c0_v0_3,C0,E1,23,0,execute,direct-api,ok,0.10777,3.477432,-0.065026,0.958333,0,8,11,1.0,1.0,24,live_call,sha256:c90b77c55ca2140a73ce9434caced46694b022e9bfe7d31c44e2a6d9538431bd,sha256:b33c75229933945d8a041d7e0130ae0d9c1167bd52f5cbc6bdf3930abb7202b4,
glm__glm_5_2__synthetic_calm_trend_c0_v0_3__c0__e0__seed_23__sample_1,glm,glm-5.2,synthetic_calm_trend_c0_v0_3,C0,E0,23,1,execute,direct-api,ok,0.253099,29.393689,0.0,1.0,0,6,0,1.0,1.0,24,live_call,sha256:70a0437a40b596245b3935418440f62526c9b22d0ed4da7a3b57a00eb9459ff8,sha256:58695805cc5b50a7707135e2efc4b12d600cce0612c76eb488af99be27e5d457,
glm__glm_5_2__synthetic_calm_trend_c0_v0_3__c0__e1__seed_23__sample_1,glm,glm-5.2,synthetic_calm_trend_c0_v0_3,C0,E1,23,1,execute,direct-api,ok,0.263138,23.003423,-0.000911,0.958333,0,10,0,1.0,1.0,24,live_call,sha256:512a7975d16c2506d0ce684784209e699b80e419e039b2a7281e30b63e7f42a2,sha256:494ff90a7895c96f67d9cebcdd909145da4bb28e9e33cd3d92d747b06edcdd4e,
glm__glm_5_2__synthetic_high_volatility_c0_v0_3__c0__e0__seed_23__sample_1,glm,glm-5.2,synthetic_high_volatility_c0_v0_3,C0,E0,23,1,execute,direct-api,ok,0.29493,17.040144,-0.00523,1.0,0,8,0,1.0,1.0,24,live_call,sha256:8af5b3cb28a0b4c72d16c606a07dba0d66974b6ceaf1c02cc9f21eb22144f1cb,sha256:fb9c3e4d40cb21ecb3875fa343ff2c2d9a15006983245239330556d4fa82238a,
glm__glm_5_2__synthetic_high_volatility_c0_v0_3__c0__e1__seed_23__sample_1,glm,glm-5.2,synthetic_high_volatility_c0_v0_3,C0,E1,23,1,execute,direct-api,ok,0.313738,15.174443,-0.00299,0.957447,0,9,4,1.0,1.0,24,live_call,sha256:627ab18548b034fcdd3b193b89587a3128f775384db31b3bc7d483e43bc88d61,sha256:74cb0331a9862b9a286a03ed2d5dde56e39dd28f9b417fb98658e09c9c30eb3b,
glm__glm_5_2__synthetic_jump_tail_c0_v0_3__c0__e0__seed_23__sample_1,glm,glm-5.2,synthetic_jump_tail_c0_v0_3,C0,E0,23,1,execute,direct-api,ok,0.204063,7.691066,-0.049671,1.0,0,11,0,1.0,1.0,24,live_call,sha256:93670aa6e2523c40c81335a15009c0e4d499a88948b5078e5c31584e04e80e46,sha256:2f44f38e847a487c238f1275481fb49d56996a1a5643e419b32453d9fcf6f686,
glm__glm_5_2__synthetic_jump_tail_c0_v0_3__c0__e1__seed_23__sample_1,glm,glm-5.2,synthetic_jump_tail_c0_v0_3,C0,E1,23,1,execute,direct-api,ok,0.098651,4.069838,-0.051496,0.957447,0,9,11,1.0,1.0,24,live_call,sha256:ff7fb5856eacf238b9d85eea301a28638d229c0d1b550ce749370cbd04403f2e,sha256:544cc6843119e3562f812a570b8e180937df6a448d1ca0ae8ed8874409440838,
glm__glm_5_2__synthetic_calm_trend_c0_v0_3__c0__e0__seed_23__sample_2,glm,glm-5.2,synthetic_calm_trend_c0_v0_3,C0,E0,23,2,execute,direct-api,ok,0.255964,28.581969,0.0,1.0,0,5,0,1.0,1.0,24,live_call,sha256:b8ac33dbaedc11fa3313a528b13f26092363a6bdc70794969b3e489310533e53,sha256:2dbb61276e4d1d22659684c965ea5dec75fafb2902da0b2329e0fa52c4a7d941,
glm__glm_5_2__synthetic_calm_trend_c0_v0_3__c0__e1__seed_23__sample_2,glm,glm-5.2,synthetic_calm_trend_c0_v0_3,C0,E1,23,2,execute,direct-api,ok,0.268442,24.838571,-0.000911,0.958333,0,8,0,1.0,1.0,24,live_call,sha256:b391cbedea018e6448e6f4f29f76ac5bbff2ab9311ae09542b8b428edd47934e,sha256:153b488fed40c1a6db7dae851a6e1f7fd4d1cc7fe108a04ca37ccea81100f083,
glm__glm_5_2__synthetic_high_volatility_c0_v0_3__c0__e0__seed_23__sample_2,glm,glm-5.2,synthetic_high_volatility_c0_v0_3,C0,E0,23,2,execute,direct-api,ok,0.301485,16.984852,-0.004,1.0,0,10,0,1.0,1.0,24,live_call,sha256:ff054c9abc6f8bf6c84bacd841e70981f1ddb8fba7eb774d393bd1d1ffaa10d8,sha256:737eab167788ff1c6d421cc4b585b4c15035d286d58a5445800e73ae4811e49d,
glm__glm_5_2__synthetic_high_volatility_c0_v0_3__c0__e1__seed_23__sample_2,glm,glm-5.2,synthetic_high_volatility_c0_v0_3,C0,E1,23,2,execute,direct-api,ok,0.334056,15.815514,-0.0034,0.957447,0,8,4,1.0,1.0,24,live_call,sha256:ffce2325aeabb118cd4ec01c4cb89302f534bc105d891839493ed10cd14f792f,sha256:c90a394daed6d2d4fe6318c18d772478811616fb33e9e2c0f125469fafeb33da,
glm__glm_5_2__synthetic_jump_tail_c0_v0_3__c0__e0__seed_23__sample_2,glm,glm-5.2,synthetic_jump_tail_c0_v0_3,C0,E0,23,2,execute,direct-api,ok,0.214397,8.946079,-0.038216,1.0,0,11,0,1.0,1.0,24,live_call,sha256:5215bf38cc79cff53dda0bb9099a6317cdf450eeb72fafb63c60ad5669f064c8,sha256:35c08b3c838c53a9fb0f2a35660c48915086a5f2f5aedee75f97e0e80b9f700b,
glm__glm_5_2__synthetic_jump_tail_c0_v0_3__c0__e1__seed_23__sample_2,glm,glm-5.2,synthetic_jump_tail_c0_v0_3,C0,E1,23,2,execute,direct-api,ok,0.091538,3.655628,-0.056008,0.958333,0,9,11,1.0,1.0,24,live_call,sha256:592b8a6d7e9d2995390da4e03286c858ec6500f75b527b95b1b218d374cfaac2,sha256:ac83c27e48820cd400cd65ac4b15275bf1a8757725fc085164527e84bc03290b,
glm__glm_5_2__synthetic_calm_trend_c0_v0_3__c0__e0__seed_31__sample_0,glm,glm-5.2,synthetic_calm_trend_c0_v0_3,C0,E0,31,0,execute,direct-api,ok,0.22817,31.578811,0.0,1.0,0,10,0,1.0,1.0,24,live_call,sha256:0470b47d0ef058ea90e7ce0962214b600104965e76a9757cb70d0c52092c5d10,sha256:ad67040d3736e5f1e08b1bf924d82322682aa4bdd186cc4ae685c79db51c6453,
glm__glm_5_2__synthetic_calm_trend_c0_v0_3__c0__e1__seed_31__sample_0,glm,glm-5.2,synthetic_calm_trend_c0_v0_3,C0,E1,31,0,execute,direct-api,ok,0.219759,25.349738,-0.001118,0.934783,2,8,0,1.0,1.0,24,live_call,sha256:9f843b8b7c38dbbb51301dbbbcf55a9a37418208ef0f85e044ec5c8425116800,sha256:89b467c86e512394681422f4df0618c5749d6de43834162ab15a77ab072b4082,
glm__glm_5_2__synthetic_high_volatility_c0_v0_3__c0__e0__seed_31__sample_0,glm,glm-5.2,synthetic_high_volatility_c0_v0_3,C0,E0,31,0,execute,direct-api,ok,0.236256,17.494548,-0.004555,1.0,0,5,0,1.0,1.0,24,live_call,sha256:f7fdccad97c86776b5821047ab68149c924653e34b4f837993f899814485b593,sha256:fb56faf5c2cbffd99ae3e85de3a77b2ace5b0bdb69d5ba619148fc1456416f75,
glm__glm_5_2__synthetic_high_volatility_c0_v0_3__c0__e1__seed_31__sample_0,glm,glm-5.2,synthetic_high_volatility_c0_v0_3,C0,E1,31,0,execute,direct-api,ok,0.24511,15.564848,-0.008749,0.9375,1,7,3,1.0,1.0,24,live_call,sha256:f92ffdd69cf6caad1498f2314d00cf9ee720cdf5608b7de0db3af5f6bad0584b,sha256:3eadc19c9a8f0f7cd152fcc157bae4e3ea96aa8f0b339e7a7c032eecb4f134d3,
glm__glm_5_2__synthetic_jump_tail_c0_v0_3__c0__e0__seed_31__sample_0,glm,glm-5.2,synthetic_jump_tail_c0_v0_3,C0,E0,31,0,execute,direct-api,ok,0.415751,12.111272,-0.004065,1.0,0,11,0,1.0,1.0,24,live_call,sha256:92e143bff116e10acdeecdc9d476f60d3e38f48ec3dae0aeb4e1274815aad807,sha256:cf849481fb797309c601aa88d8a7530e48b26269f8084295641089c7d44b4588,
glm__glm_5_2__synthetic_jump_tail_c0_v0_3__c0__e1__seed_31__sample_0,glm,glm-5.2,synthetic_jump_tail_c0_v0_3,C0,E1,31,0,execute,direct-api,ok,0.320258,10.983976,-0.025427,0.956522,0,8,6,1.0,1.0,24,live_call,sha256:a120ea6eb42aa07f2a14e8baacc5cc615c82da1fb450624178a7f45b81d72bd2,sha256:f9b734ae8bbf49747c6405294b71311c8eb58ff30785e04e612eb444c196dae2,
glm__glm_5_2__synthetic_calm_trend_c0_v0_3__c0__e0__seed_31__sample_1,glm,glm-5.2,synthetic_calm_trend_c0_v0_3,C0,E0,31,1,execute,direct-api,ok,0.23223,31.255417,0.0,1.0,0,9,0,1.0,1.0,24,live_call,sha256:256835868d7dd8679a8565098c83678aca4cd4d0970627e78d7b23b2f6d3f064,sha256:492332222b61c488513a48faf242af154293886b22dfde1d5d8e7fcf748a86a1,
glm__glm_5_2__synthetic_calm_trend_c0_v0_3__c0__e1__seed_31__sample_1,glm,glm-5.2,synthetic_calm_trend_c0_v0_3,C0,E1,31,1,execute,direct-api,ok,0.219631,23.268652,-0.000835,0.916667,2,9,0,1.0,1.0,24,live_call,sha256:94f9e818f8d7b2e9a77095cfe9b6e2316d5d21089873b726b8701dde758df666,sha256:47cd28fb43fb23f977566d52f1d4b9e1bfcfcaeceadbbee9f366270074c07deb,
glm__glm_5_2__synthetic_high_volatility_c0_v0_3__c0__e0__seed_31__sample_1,glm,glm-5.2,synthetic_high_volatility_c0_v0_3,C0,E0,31,1,execute,direct-api,ok,0.230775,17.851277,-0.005583,1.0,0,9,0,1.0,1.0,24,live_call,sha256:eecdbddd2b9a69f2de4616d3edd6c480b9982c49203fd2fbb28d6707990b6618,sha256:fa55df5cc798499d2b4a92e73e9cada8cab414cac84a1bd4b41e972ddd699928,
glm__glm_5_2__synthetic_high_volatility_c0_v0_3__c0__e1__seed_31__sample_1,glm,glm-5.2,synthetic_high_volatility_c0_v0_3,C0,E1,31,1,execute,direct-api,ok,0.232837,15.969646,-0.007491,0.9375,1,9,3,1.0,1.0,24,live_call,sha256:515f458440c40d80114bb4924d141d04cbfa63c4d9eedde54cecef18916f9f1e,sha256:6ee82397af50df92f7098ffd8a1d4f91db008f77f3402a2db5a5f4057b8f573c,
glm__glm_5_2__synthetic_jump_tail_c0_v0_3__c0__e0__seed_31__sample_1,glm,glm-5.2,synthetic_jump_tail_c0_v0_3,C0,E0,31,1,execute,direct-api,ok,0.374384,10.892705,-0.008935,1.0,0,9,0,1.0,1.0,24,live_call,sha256:e729631c5d9741d94663f8846720cd38fe9be0369acd2f7f483a4c783678db24,sha256:6fdbc58dd5f4581d5bfaa3936e1c1f5cb9438e4aa34b4df07553b41574bdfd93,
glm__glm_5_2__synthetic_jump_tail_c0_v0_3__c0__e1__seed_31__sample_1,glm,glm-5.2,synthetic_jump_tail_c0_v0_3,C0,E1,31,1,execute,direct-api,ok,0.391028,9.987729,-0.024299,0.956522,0,13,6,1.0,1.0,24,live_call,sha256:b9255e0d00234be5c05663b53f4877a089fa6535ef76911574d30e7c2a7d9b6e,sha256:a386d1156c1bb4af18471cb46f0b3b7827f076375ae11b4a0fd37d1c470c15e0,
glm__glm_5_2__synthetic_calm_trend_c0_v0_3__c0__e0__seed_31__sample_2,glm,glm-5.2,synthetic_calm_trend_c0_v0_3,C0,E0,31,2,execute,direct-api,ok,0.235521,31.907713,0.0,1.0,0,10,0,1.0,1.0,24,live_call,sha256:dd91e3a1e2d85bbe8f09467dca19cfb5a50d78078c0d3f47bb93e9523e572f40,sha256:94c256dfeee70b9a0472d5e6bb96537870323b9ffb8b840b5975e0a05914da21,
glm__glm_5_2__synthetic_calm_trend_c0_v0_3__c0__e1__seed_31__sample_2,glm,glm-5.2,synthetic_calm_trend_c0_v0_3,C0,E1,31,2,execute,direct-api,ok,0.22155,26.069227,-0.000835,0.916667,2,9,0,1.0,1.0,24,live_call,sha256:427fd8d1359052a269e2c081900ba15f1c143a807d99ebec97a8ae36485caab2,sha256:7f581404bd895d260df8835640a7e51c183ef208cbedb87394fdba58eee53be0,
glm__glm_5_2__synthetic_high_volatility_c0_v0_3__c0__e0__seed_31__sample_2,glm,glm-5.2,synthetic_high_volatility_c0_v0_3,C0,E0,31,2,execute,direct-api,ok,0.234707,17.324531,-0.006613,1.0,0,7,0,1.0,1.0,24,live_call,sha256:27ddf6408137f41e552b9497a71f874e97a39ce88b5222d3e07015a4906cfcce,sha256:f333f374c3ed7a749d047f25058ace2409a672981951efe3134b90b072efefc6,
glm__glm_5_2__synthetic_high_volatility_c0_v0_3__c0__e1__seed_31__sample_2,glm,glm-5.2,synthetic_high_volatility_c0_v0_3,C0,E1,31,2,execute,direct-api,ok,0.239177,15.458349,-0.008523,0.9375,1,5,3,1.0,1.0,24,live_call,sha256:545c9d4b07699e040802a69ec6510dcfb60b8647229283213d39522d1e3b69a6,sha256:0237102bf9db6e52932f1c31acd6df1410820d8a146fdf444cfa40bee21fae08,
glm__glm_5_2__synthetic_jump_tail_c0_v0_3__c0__e0__seed_31__sample_2,glm,glm-5.2,synthetic_jump_tail_c0_v0_3,C0,E0,31,2,execute,direct-api,ok,0.394784,11.391335,-0.008957,1.0,0,8,0,1.0,1.0,24,live_call,sha256:3140d2e329e1cbaa23ee0115c82bee0cd04756719c5d2667dbf66229ed675dce,sha256:79406e9e1a262c888c3cc13d4d1c72d9a7c9733a644d208530dfc4b5611f1c22,
glm__glm_5_2__synthetic_jump_tail_c0_v0_3__c0__e1__seed_31__sample_2,glm,glm-5.2,synthetic_jump_tail_c0_v0_3,C0,E1,31,2,execute,direct-api,ok,0.33577,9.975441,-0.025109,0.956522,0,9,6,1.0,1.0,24,live_call,sha256:dd7ccb3b07b5cf7dde04acb7e0638a5883b8f4b327ec12f92515d3fde41ea226,sha256:ef4421495f68ce2f25d81abe2737d408f02ec8b83bb8bb16bda0a7f07c270518,
glm__glm_5_2__synthetic_calm_trend_c0_v0_3__c0__e0__seed_37__sample_0,glm,glm-5.2,synthetic_calm_trend_c0_v0_3,C0,E0,37,0,execute,direct-api,ok,0.316412,39.060924,0.0,1.0,0,3,0,1.0,1.0,24,live_call,sha256:210694b0238a6ffbbfb0e10c7630f313a47bf1c3b720a750bce6d7fff37b9912,sha256:52cf680e90658dd7f6ec75f6bcaa6d77b6a718b7e882c93471d44c3cee60978d,
glm__glm_5_2__synthetic_calm_trend_c0_v0_3__c0__e1__seed_37__sample_0,glm,glm-5.2,synthetic_calm_trend_c0_v0_3,C0,E1,37,0,execute,direct-api,ok,0.274858,25.225936,-0.001329,0.9375,1,7,1,1.0,1.0,24,live_call,sha256:25492e1cb85aba91507dc45292d5749db99e686f7b87317ac83460924884c1c7,sha256:070180cdc27a80eefaf1b070478fcad63860ee4924595bd7169eb598f5fdd342,
glm__glm_5_2__synthetic_high_volatility_c0_v0_3__c0__e0__seed_37__sample_0,glm,glm-5.2,synthetic_high_volatility_c0_v0_3,C0,E0,37,0,execute,direct-api,ok,0.419814,25.717425,-0.002515,1.0,0,5,0,1.0,1.0,24,live_call,sha256:a92ce8bd4556c35df2bdbb7484d8bbd0a408dfebd0d20b06b766d609c025c155,sha256:221010c5764a812f2598cb49b8547369b5ca07629fea881a8f2c9f27ff04461f,
glm__glm_5_2__synthetic_high_volatility_c0_v0_3__c0__e1__seed_37__sample_0,glm,glm-5.2,synthetic_high_volatility_c0_v0_3,C0,E1,37,0,execute,direct-api,ok,0.357363,18.982594,-0.003761,0.9375,1,7,10,1.0,1.0,24,live_call,sha256:a7502b7858868d1ad75e9278c27be5ed3bb99811e1c8dc16d569afa2007eb927,sha256:a5882e9d52fe5ba6b3926c20767f77aa36f74d6f488fd931c146a8d21ef5e030,
glm__glm_5_2__synthetic_jump_tail_c0_v0_3__c0__e0__seed_37__sample_0,glm,glm-5.2,synthetic_jump_tail_c0_v0_3,C0,E0,37,0,execute,direct-api,ok,0.250272,7.961944,-0.032427,1.0,0,9,0,1.0,1.0,24,live_call,sha256:d74d3ee683ebc044f003e7897e2421923956d2e0179d32302d66bad0270b74a1,sha256:07178fcd889401f4f1743c603db86543560fa61646dac893159b86cb4330cb34,
glm__glm_5_2__synthetic_jump_tail_c0_v0_3__c0__e1__seed_37__sample_0,glm,glm-5.2,synthetic_jump_tail_c0_v0_3,C0,E1,37,0,execute,direct-api,ok,0.146804,4.080168,-0.093361,0.914894,2,10,9,1.0,1.0,24,live_call,sha256:d254983f29bd822ed795fafc35ca0bb7093a90836df201301e0118cd17a168ec,sha256:2f3c64455fde372716e41ae2c4e27ee6fe8bcb0a1264de233e27885040f5ec43,
glm__glm_5_2__synthetic_calm_trend_c0_v0_3__c0__e0__seed_37__sample_1,glm,glm-5.2,synthetic_calm_trend_c0_v0_3,C0,E0,37,1,execute,direct-api,ok,0.313041,38.564931,0.0,1.0,0,6,0,1.0,1.0,24,live_call,sha256:454407d90ed1b0ff291f2176d76569aa19420ec8b7170be9bbdbb3e08175aba7,sha256:87badf8d2a6aa0c9a421d092258c4f2cebde2d586417dbb32d3b8754df8c0279,
glm__glm_5_2__synthetic_calm_trend_c0_v0_3__c0__e1__seed_37__sample_1,glm,glm-5.2,synthetic_calm_trend_c0_v0_3,C0,E1,37,1,execute,direct-api,ok,0.271443,23.57785,-0.001325,0.913043,2,7,1,1.0,1.0,24,live_call,sha256:161f9cb087a044f8302e347a2ebbe54639c363cd24378ca50fed02ce1a267f22,sha256:b3e870869f8a0ad8ac4693aa05bbdc6bbde8f4a773d4f8a1a7069b43ebb3a76d,
glm__glm_5_2__synthetic_high_volatility_c0_v0_3__c0__e0__seed_37__sample_1,glm,glm-5.2,synthetic_high_volatility_c0_v0_3,C0,E0,37,1,execute,direct-api,ok,0.420484,25.136288,-0.002515,1.0,0,5,0,1.0,1.0,24,live_call,sha256:c9448dffe9c6d19b02a68c1346bb4be4270990f0fa4a7f3e2b4dfe926117655f,sha256:9de61fa03563fb14477ee14bdf363e31bcaf65b2ae6f6fe62d454f04558faf43,
glm__glm_5_2__synthetic_high_volatility_c0_v0_3__c0__e1__seed_37__sample_1,glm,glm-5.2,synthetic_high_volatility_c0_v0_3,C0,E1,37,1,execute,direct-api,ok,0.348446,19.483774,-0.00279,0.957447,0,10,9,1.0,1.0,24,live_call,sha256:bf67ff2c2e44bbb9102bc026b26930488392c204958640a3833f953683b015ee,sha256:8869ba1265ddce312d8d540cdcdbfcb8889d7ef946057557937120ff5a82f701,
glm__glm_5_2__synthetic_jump_tail_c0_v0_3__c0__e0__seed_37__sample_1,glm,glm-5.2,synthetic_jump_tail_c0_v0_3,C0,E0,37,1,execute,direct-api,ok,0.256368,8.586221,-0.026997,1.0,0,12,0,1.0,1.0,24,live_call,sha256:560e6de1f83575e63247a65c2cc6d55841fc5e0201225a62885bd3b3c5127a54,sha256:9908bc78796829e1b956b26c841d9dab115c917f6b2f6c24d16b7d15479d1aa1,
glm__glm_5_2__synthetic_jump_tail_c0_v0_3__c0__e1__seed_37__sample_1,glm,glm-5.2,synthetic_jump_tail_c0_v0_3,C0,E1,37,1,execute,direct-api,ok,0.23902,6.658838,-0.054393,0.914894,2,9,8,1.0,1.0,24,live_call,sha256:1fd9bcf4b5862c80d949fc673cd86ee391abe63c61038d97cb6fea7d5add8197,sha256:65984a2b69be0e3e5b3ad1dc9a97a5734cfdfecacd0978141e49f63fe8812e79,
glm__glm_5_2__synthetic_calm_trend_c0_v0_3__c0__e0__seed_37__sample_2,glm,glm-5.2,synthetic_calm_trend_c0_v0_3,C0,E0,37,2,execute,direct-api,ok,0.293842,39.292398,0.0,1.0,0,1,0,1.0,1.0,24,live_call,sha256:69191fd1e4d144f4ebac2065226edd084897b876132b8562d0cae1cb1c4d19a3,sha256:849aab53a5ee4d0e9bfb24197ec1e5924bbf985c41131756023f7a7f42166a51,
glm__glm_5_2__synthetic_calm_trend_c0_v0_3__c0__e1__seed_37__sample_2,glm,glm-5.2,synthetic_calm_trend_c0_v0_3,C0,E1,37,2,execute,direct-api,ok,0.267633,23.256468,-0.001329,0.9375,1,6,1,1.0,1.0,24,live_call,sha256:f348ad9c7ae23ca14ae81c9ac75a277b2088a8200d658f7b957e9fefb7095283,sha256:16b958d562e56c92ae6bc68e54f0d61cf44f7b87fcabb73493716802b586ae25,
glm__glm_5_2__synthetic_high_volatility_c0_v0_3__c0__e0__seed_37__sample_2,glm,glm-5.2,synthetic_high_volatility_c0_v0_3,C0,E0,37,2,execute,direct-api,ok,0.421024,25.19056,-0.002515,1.0,0,4,0,1.0,1.0,24,live_call,sha256:a0d525f020a05db0cbbe563d3312a97596ebcfeace1e2734d5c08c1749b60b83,sha256:6bd9d18682fd01db96670d55606a773d0bd579c1d6273042d2f444b602f050e4,
glm__glm_5_2__synthetic_high_volatility_c0_v0_3__c0__e1__seed_37__sample_2,glm,glm-5.2,synthetic_high_volatility_c0_v0_3,C0,E1,37,2,execute,direct-api,ok,0.3505,18.270922,-0.003752,0.916667,2,4,10,1.0,1.0,24,live_call,sha256:8ed2f77dad84dd08cac7b94ec45529512623989bac0003007b062a8b812d14b0,sha256:aa16f87e06a22ad5cd2784a20917409af99c8d833affae36c62ba255c76d4120,
glm__glm_5_2__synthetic_jump_tail_c0_v0_3__c0__e0__seed_37__sample_2,glm,glm-5.2,synthetic_jump_tail_c0_v0_3,C0,E0,37,2,execute,direct-api,ok,0.232608,8.205895,-0.029234,1.0,0,8,0,1.0,1.0,24,live_call,sha256:5fc8869558570652aacd47b6df2adfb1bac17c72f1163432836faf1326a29f03,sha256:fd638a51bdc2f2e92364b42c4a2ea4f1544c63fb42cc7e841ef1d0a9a0e0bc62,
glm__glm_5_2__synthetic_jump_tail_c0_v0_3__c0__e1__seed_37__sample_2,glm,glm-5.2,synthetic_jump_tail_c0_v0_3,C0,E1,37,2,execute,direct-api,ok,0.248978,7.284575,-0.054318,0.93617,1,6,8,1.0,1.0,24,live_call,sha256:83739522ea35e2e9f826a7925ac1b8f68d3fed72004af44389d1561752b64c21,sha256:a21b6f40e6b2bc1e9a180388c96311500ce7c5780b5b12b215d2541e09cd35cd,
glm__glm_5_2__synthetic_calm_trend_c0_v0_3__c0__e0__seed_41__sample_0,glm,glm-5.2,synthetic_calm_trend_c0_v0_3,C0,E0,41,0,execute,direct-api,ok,0.212553,25.950056,-3.2e-05,1.0,0,5,0,1.0,1.0,24,live_call,sha256:7968d08ede88e5d4d256e4b13cf5dd065047b5e60876b6e8a39cd82a7a85e471,sha256:8ef914b9738582e2e464648a61293a8f5684419e13850fc6d09193c7d981fa36,
glm__glm_5_2__synthetic_calm_trend_c0_v0_3__c0__e1__seed_41__sample_0,glm,glm-5.2,synthetic_calm_trend_c0_v0_3,C0,E1,41,0,execute,direct-api,ok,0.198782,21.112553,-0.001725,0.954545,0,14,0,1.0,1.0,24,live_call,sha256:5f631e3eecad38e61974511bf01fdec5fce05ac5c465cad55e47bc5be71cd303,sha256:851481ef3a678798c09ad8ef470c0ab39a47aa3f0603cd4b63c7c0ea82ef401a,
glm__glm_5_2__synthetic_high_volatility_c0_v0_3__c0__e0__seed_41__sample_0,glm,glm-5.2,synthetic_high_volatility_c0_v0_3,C0,E0,41,0,execute,direct-api,ok,0.191875,12.724981,-0.012902,1.0,0,10,0,1.0,1.0,24,live_call,sha256:b1279e8b291a3816479e7cf7c48e5e138a36a3f823b37c58a03df0863b727700,sha256:8277c8be17a0612599b1c3929a191d5b0459c3aa70b799b1b6cc3257206f19d1,
glm__glm_5_2__synthetic_high_volatility_c0_v0_3__c0__e1__seed_41__sample_0,glm,glm-5.2,synthetic_high_volatility_c0_v0_3,C0,E1,41,0,execute,direct-api,ok,0.218257,13.424127,-0.011359,0.916667,2,12,1,1.0,1.0,24,live_call,sha256:5f7142961eb52699a513fc2a3b98c7c9f0fa689dbfbb443e764be98ed05f2d7a,sha256:9fea9e7465f7040b3a3b643ab257522bae272701ee71ba2bb04a3c1d14901259,
glm__glm_5_2__synthetic_jump_tail_c0_v0_3__c0__e0__seed_41__sample_0,glm,glm-5.2,synthetic_jump_tail_c0_v0_3,C0,E0,41,0,execute,direct-api,ok,0.219148,8.227188,-0.042212,1.0,0,9,0,1.0,1.0,24,live_call,sha256:11d73d664e5249cc2935d024b8783d16299b5f207c50c10f64efbd1c8fbc51e0,sha256:f7270ca1b754a0ab9465ac1a29a1d84aac5cc72d0a258408ad5c5d35b6fcb03d,
glm__glm_5_2__synthetic_jump_tail_c0_v0_3__c0__e1__seed_41__sample_0,glm,glm-5.2,synthetic_jump_tail_c0_v0_3,C0,E1,41,0,execute,direct-api,ok,0.114486,4.220431,-0.068883,0.916667,2,7,12,1.0,1.0,24,live_call,sha256:f752edd9fd650d539142bab5937342c571eaecc2bb2a8ee6fc2ab668ac8d431d,sha256:02031c39b5cbce68a80aec44ac52cb1fc81407c2dff5c64fed615ecba8616368,
glm__glm_5_2__synthetic_calm_trend_c0_v0_3__c0__e0__seed_41__sample_1,glm,glm-5.2,synthetic_calm_trend_c0_v0_3,C0,E0,41,1,execute,direct-api,ok,0.212907,26.045095,-4.7e-05,1.0,0,6,0,1.0,1.0,24,live_call,sha256:21e4bb849521ce54c7dc5010f0bc06eece14513235d6a1a3526b757aaf1635a1,sha256:af435d8c8c44a60c9772e206bbe34b4156a11265f76843d3825eb6e6cec9a549,
glm__glm_5_2__synthetic_calm_trend_c0_v0_3__c0__e1__seed_41__sample_1,glm,glm-5.2,synthetic_calm_trend_c0_v0_3,C0,E1,41,1,execute,direct-api,ok,0.20603,23.459406,-0.000776,0.913043,2,6,0,1.0,1.0,24,live_call,sha256:a2db12f39902f744207330843dc2d7bfe2235253c6ecb60fa657f4752c9fa298,sha256:a28b029275c0592d0368f4345da1217c1576a9d44e678c26e6d169ce812baf0f,
glm__glm_5_2__synthetic_high_volatility_c0_v0_3__c0__e0__seed_41__sample_1,glm,glm-5.2,synthetic_high_volatility_c0_v0_3,C0,E0,41,1,execute,direct-api,ok,0.189618,12.422307,-0.012916,1.0,0,12,0,1.0,1.0,24,live_call,sha256:8fa733ca9bac72ac91ade5d1bdc954d279898b7b05eb6782637151a7271ba371,sha256:9ee33cc680e080b41ca3668ac235209a63eb545db96640cacb098014d5c838fa,
glm__glm_5_2__synthetic_high_volatility_c0_v0_3__c0__e1__seed_41__sample_1,glm,glm-5.2,synthetic_high_volatility_c0_v0_3,C0,E1,41,1,execute,direct-api,ok,0.21888,13.125694,-0.013011,0.916667,2,12,1,1.0,1.0,24,live_call,sha256:beb31bc3e3cd3aa7137ea1fc4ced62146be379cfe3195204eebcbd788f1cd568,sha256:1daabc98b08973bfe5617a2a12a4cf5b4dba16a44660445d50ada960ba7c06c1,
glm__glm_5_2__synthetic_jump_tail_c0_v0_3__c0__e0__seed_41__sample_1,glm,glm-5.2,synthetic_jump_tail_c0_v0_3,C0,E0,41,1,execute,direct-api,ok,0.199237,7.545257,-0.04733,1.0,0,10,0,1.0,1.0,24,live_call,sha256:8312921ab3bddd8e7a92fdec8983c2df38ca7e25a4f895eade5306a9dd0d31f3,sha256:4f7be0b7c784c53fd5cc7743a605e810fb7e4b40cb265d37edd753ec36b1681e,
glm__glm_5_2__synthetic_jump_tail_c0_v0_3__c0__e1__seed_41__sample_1,glm,glm-5.2,synthetic_jump_tail_c0_v0_3,C0,E1,41,1,execute,direct-api,ok,0.101163,4.03025,-0.068883,0.93617,1,6,12,1.0,1.0,24,live_call,sha256:9627d9b8695eb878af86e2e8062cbcd5bea1da10a91ac75624daa3f36f6122aa,sha256:583ea82e05fb04ab770e148f1e05a792bcf9a89504c633a70cdda5bf8d7b6550,
glm__glm_5_2__synthetic_calm_trend_c0_v0_3__c0__e0__seed_41__sample_2,glm,glm-5.2,synthetic_calm_trend_c0_v0_3,C0,E0,41,2,execute,direct-api,ok,0.209209,26.411707,0.0,1.0,0,7,0,1.0,1.0,24,live_call,sha256:6a9cf1ddbc17127c4a66c7abf4732277844653b5c5b2a34502ba49634725e027,sha256:424bb0fe3e79f6a4960baff421c7caeca2ac98ad099043840a7614592d1dcff0,
glm__glm_5_2__synthetic_calm_trend_c0_v0_3__c0__e1__seed_41__sample_2,glm,glm-5.2,synthetic_calm_trend_c0_v0_3,C0,E1,41,2,execute,direct-api,ok,0.200782,20.326523,-0.001848,0.9375,1,6,0,1.0,1.0,24,live_call,sha256:7478d8a5c1ed126558332c1046e5b5d65235c82ab4ed07bc44c59156efd306eb,sha256:78d1a792431d01c473c938642db144850b69b49d0a84cfecd0f624fef924236b,
glm__glm_5_2__synthetic_high_volatility_c0_v0_3__c0__e0__seed_41__sample_2,glm,glm-5.2,synthetic_high_volatility_c0_v0_3,C0,E0,41,2,execute,direct-api,ok,0.189768,12.335434,-0.011685,1.0,0,11,0,1.0,1.0,24,live_call,sha256:4656f868e1d724aa815f4990cc254f2a3834e9d163e3fcf7f75a5ba16b281f66,sha256:97aad96edbfa74d53f58f78eee8b73b5f3f1969b9a082251c1aa245de40625ba,
glm__glm_5_2__synthetic_high_volatility_c0_v0_3__c0__e1__seed_41__sample_2,glm,glm-5.2,synthetic_high_volatility_c0_v0_3,C0,E1,41,2,execute,direct-api,ok,0.212932,12.962002,-0.014969,0.916667,2,12,1,1.0,1.0,24,live_call,sha256:39481d15478da541ea4313ff26acadb125ae6d0cf7066d9303a3b945db3d3b32,sha256:83c3a8615c9f153b7259be72428d354d3649622841f1d9128de42bff6d145782,
glm__glm_5_2__synthetic_jump_tail_c0_v0_3__c0__e0__seed_41__sample_2,glm,glm-5.2,synthetic_jump_tail_c0_v0_3,C0,E0,41,2,execute,direct-api,ok,0.247351,9.396645,-0.029659,1.0,0,10,0,1.0,1.0,24,live_call,sha256:6be35696233376ddb3ec9e92c0f19e566fcf53ebfadfb18343624fcbd4529247,sha256:d302548bc8e0f1fad66d9d73af5914b9be186833df26e934a07f60bcbee05d38,
glm__glm_5_2__synthetic_jump_tail_c0_v0_3__c0__e1__seed_41__sample_2,glm,glm-5.2,synthetic_jump_tail_c0_v0_3,C0,E1,41,2,execute,direct-api,ok,0.134544,5.102899,-0.056864,0.93617,1,8,11,1.0,1.0,24,live_call,sha256:025be9c1fc07c2d9db2c7b094f0269fc30763951507f0fe940fe8de045ff9c35,sha256:adc6669f5ab9015d704247b052ef2daf9ed4d65a1d20db3874e28d6ee1d3aa6c,
glm__glm_5_2__synthetic_calm_trend_c0_v0_3__c0__e0__seed_43__sample_0,glm,glm-5.2,synthetic_calm_trend_c0_v0_3,C0,E0,43,0,execute,direct-api,ok,0.257846,28.945392,-0.000161,1.0,0,3,0,1.0,1.0,24,live_call,sha256:675b45012308b3ea4f982f391f3bd38a28f25daec623e4ddebf60d6280a40496,sha256:ca013ca43f8dbcc68bd5552a820d214d49e5dbc17a855e4ffba8bf4d3aec6039,
glm__glm_5_2__synthetic_calm_trend_c0_v0_3__c0__e1__seed_43__sample_0,glm,glm-5.2,synthetic_calm_trend_c0_v0_3,C0,E1,43,0,execute,direct-api,ok,0.222863,19.675317,-0.005477,0.913043,2,4,0,1.0,1.0,24,live_call,sha256:86f154f5ee6390209a59835845377a50932e7951cf857c9b773e5cf480227bbc,sha256:87187b8882985b6b346e5cf3c0b669897a2ab2b29598b9db131319412d4cbd93,
glm__glm_5_2__synthetic_high_volatility_c0_v0_3__c0__e0__seed_43__sample_0,glm,glm-5.2,synthetic_high_volatility_c0_v0_3,C0,E0,43,0,execute,direct-api,ok,0.278081,16.841324,-0.008582,1.0,0,7,0,1.0,1.0,24,live_call,sha256:105da079a53a2cd8fff964d8263a9746f9d9d35602aaf687e54d5660f459b518,sha256:e911475c8f2b4ef8cf9f41ef4b81374ea43c9baf6c97df114600d8def2fde455,
glm__glm_5_2__synthetic_high_volatility_c0_v0_3__c0__e1__seed_43__sample_0,glm,glm-5.2,synthetic_high_volatility_c0_v0_3,C0,E1,43,0,execute,direct-api,ok,0.226864,14.561836,-0.014535,0.9375,1,3,3,1.0,1.0,24,live_call,sha256:d00aaed33b74d17d41509b1e5ce0764fdb3e31ab02d363c3689653cb2d0d5038,sha256:5989e84898d2af5db61d3b5997955ec7d6dbd8eb9ff9c34f5cb4841db0ea9bd4,
glm__glm_5_2__synthetic_jump_tail_c0_v0_3__c0__e0__seed_43__sample_0,glm,glm-5.2,synthetic_jump_tail_c0_v0_3,C0,E0,43,0,execute,direct-api,ok,0.166996,5.51295,-0.037181,1.0,0,8,0,1.0,1.0,24,live_call,sha256:c331c18bc1ddbbf75994c678a5a46e191cfa391e10cdc4e3a2009cfb9f801f74,sha256:c36633b7cac7811c16ff0cad16058a72c57f0dc35c4b5d7595d92107b72f8d67,
glm__glm_5_2__synthetic_jump_tail_c0_v0_3__c0__e1__seed_43__sample_0,glm,glm-5.2,synthetic_jump_tail_c0_v0_3,C0,E1,43,0,execute,direct-api,ok,0.117506,4.424833,-0.024656,0.9375,1,2,10,1.0,1.0,24,live_call,sha256:45555e5fb789696f0b3af096b206cef382e642cf293d84223a3f43d2fbb70b38,sha256:4ef7eab63b9ad92f95454680e4c32996519c87aefac66326cb33a2e8363a6fac,
glm__glm_5_2__synthetic_calm_trend_c0_v0_3__c0__e0__seed_43__sample_1,glm,glm-5.2,synthetic_calm_trend_c0_v0_3,C0,E0,43,1,execute,direct-api,ok,0.226463,28.491602,-0.001014,1.0,0,3,0,1.0,1.0,24,live_call,sha256:0bab2274e56d5c42cc5db0ca43d88cb337587adf62f89456fe37c11ad13ae5d3,sha256:99edc7ddaa698fb7586a3f494f74377bed3ca788b82006d55c6e626b8cc449da,
glm__glm_5_2__synthetic_calm_trend_c0_v0_3__c0__e1__seed_43__sample_1,glm,glm-5.2,synthetic_calm_trend_c0_v0_3,C0,E1,43,1,execute,direct-api,ok,0.224446,24.802928,-0.001068,0.9375,1,5,0,1.0,1.0,24,live_call,sha256:93ab77dd98f8980ecf0c7b8afcd3e0e413338e464af4430fc9a5d629c21897f7,sha256:8201915f4667e50e90a3ccbb335e7829bf2c8bdf8ebd7beb502be55085e01240,
glm__glm_5_2__synthetic_high_volatility_c0_v0_3__c0__e0__seed_43__sample_1,glm,glm-5.2,synthetic_high_volatility_c0_v0_3,C0,E0,43,1,execute,direct-api,ok,0.284573,16.833764,-0.008553,1.0,0,4,0,1.0,1.0,24,live_call,sha256:453424c0b295190505e4c97ae27bb09afaeb8690eacfab9f494a63f87af3034f,sha256:859a91e157046f710173ef342ab31a382d7b36f7ed177520f6f201280243f5eb,
glm__glm_5_2__synthetic_high_volatility_c0_v0_3__c0__e1__seed_43__sample_1,glm,glm-5.2,synthetic_high_volatility_c0_v0_3,C0,E1,43,1,execute,direct-api,ok,0.23357,15.191207,-0.011216,0.895833,3,8,3,1.0,1.0,24,live_call,sha256:b87698b3f09b34f31928dac24f3376f15e699716650423b5b959fc2378ea830d,sha256:bc39dada3366a7216b9f4c1c4ed5e7c0b6b34f803c0425389cc60e8261907763,
glm__glm_5_2__synthetic_jump_tail_c0_v0_3__c0__e0__seed_43__sample_1,glm,glm-5.2,synthetic_jump_tail_c0_v0_3,C0,E0,43,1,execute,direct-api,ok,0.179116,5.966923,-0.037181,1.0,0,10,0,1.0,1.0,24,live_call,sha256:5b967b3b2d63df0d948cac54cd1d0bb0491fc6610cb983359f9171e62fb77832,sha256:b44aae63e881b424a47c515293f42af1ed84af5c10366bcf58362901094178ab,
glm__glm_5_2__synthetic_jump_tail_c0_v0_3__c0__e1__seed_43__sample_1,glm,glm-5.2,synthetic_jump_tail_c0_v0_3,C0,E1,43,1,execute,direct-api,ok,0.11032,4.332643,-0.02615,0.9375,1,7,10,1.0,1.0,24,live_call,sha256:672298a7c5fc1bac866cab705f1d609477070c83c2b55cd7aaf861046d1bc235,sha256:e8f8e3c6fece5a679586cb7b8f3f3bc21ef36ad2655cb13bf17a52602b325e17,
glm__glm_5_2__synthetic_calm_trend_c0_v0_3__c0__e0__seed_43__sample_2,glm,glm-5.2,synthetic_calm_trend_c0_v0_3,C0,E0,43,2,execute,direct-api,ok,0.257846,28.945392,-0.000161,1.0,0,3,0,1.0,1.0,24,live_call,sha256:50db778b110e98bd6642005d53138f526beb5c601a7c3e6e70e82fd6860bc482,sha256:d943aa83fe731e9cef1425fdcc080c63d753dd9504f86036492e62aa9d7988e1,
glm__glm_5_2__synthetic_calm_trend_c0_v0_3__c0__e1__seed_43__sample_2,glm,glm-5.2,synthetic_calm_trend_c0_v0_3,C0,E1,43,2,execute,direct-api,ok,0.209845,23.345333,-0.005273,0.891304,3,5,0,1.0,1.0,24,live_call,sha256:7793f8c850a9aa274ff5cc7d6324828a1a8502c2ce0daf4f503cc3599a9e0194,sha256:8a90c105d61111867a86d6ccaf893de8df8ebb685ddae041c1366dc2809d8a5c,
glm__glm_5_2__synthetic_high_volatility_c0_v0_3__c0__e0__seed_43__sample_2,glm,glm-5.2,synthetic_high_volatility_c0_v0_3,C0,E0,43,2,execute,direct-api,ok,0.287575,16.698926,-0.008582,1.0,0,8,0,1.0,1.0,24,live_call,sha256:2d659f47ecdc5a316f0aae0669a4b8e9a477ea1f1c03ff73cc50152f6ede684d,sha256:176671518cd07443bfcdd573f976658d5e2eb00734de6348796fa70b4650f20e,
glm__glm_5_2__synthetic_high_volatility_c0_v0_3__c0__e1__seed_43__sample_2,glm,glm-5.2,synthetic_high_volatility_c0_v0_3,C0,E1,43,2,execute,direct-api,ok,0.230593,14.83222,-0.011216,0.916667,2,6,3,1.0,1.0,24,live_call,sha256:083c9f54d95b657e6b354a03697bac2c35feaa6af3eef412ab8e74603ed6495e,sha256:e925383fea2031cb9b87bcb5322c9abce0f466bcdafed8f05aac29b3a8e1e4a2,
glm__glm_5_2__synthetic_jump_tail_c0_v0_3__c0__e0__seed_43__sample_2,glm,glm-5.2,synthetic_jump_tail_c0_v0_3,C0,E0,43,2,execute,direct-api,ok,0.180372,6.043038,-0.036927,1.0,0,15,0,1.0,1.0,24,live_call,sha256:d3e6be8cd5ff29f24cae77bcc3b8e80a0a47504174b12117f905cd054068ca6d,sha256:9aab35f399949b5fc0e5f4866e6a7aa85c2e12214adecd1587ffc1db248aa0af,
glm__glm_5_2__synthetic_jump_tail_c0_v0_3__c0__e1__seed_43__sample_2,glm,glm-5.2,synthetic_jump_tail_c0_v0_3,C0,E1,43,2,execute,direct-api,ok,0.068861,2.445228,-0.049775,0.914894,2,2,10,1.0,1.0,24,live_call,sha256:527e8cfe3c509fa4f7dbd72f408d5e20ccbb03db36f9a12aab4cf32957e504f1,sha256:4e79671f579cc12e98c641bb08212fed922c145407cb434c76df949b4b6875b1,
glm__glm_5_2__synthetic_calm_trend_c0_v0_3__c0__e0__seed_47__sample_0,glm,glm-5.2,synthetic_calm_trend_c0_v0_3,C0,E0,47,0,execute,direct-api,ok,0.227653,28.759538,0.0,1.0,0,7,0,1.0,1.0,24,live_call,sha256:a6a0923a91efce0876be9db4004bf0f08ab8ad80f88a5fb3258fe655baf74cd5,sha256:5ff011a328131746139235cf08fc2348c8e9c75be07d5677d8fcd5f196c5e92c,
glm__glm_5_2__synthetic_calm_trend_c0_v0_3__c0__e1__seed_47__sample_0,glm,glm-5.2,synthetic_calm_trend_c0_v0_3,C0,E1,47,0,execute,direct-api,ok,0.202977,22.181521,-0.001124,0.9375,1,8,0,1.0,1.0,24,live_call,sha256:0bee33b00d7bf37fbe0b5e6c5b2f25201ce225468e1e2c7591d37431a3955441,sha256:0a914f7db5d5de86674dad760eb350a94369feba2ee852dfd078f4144154e8a8,
glm__glm_5_2__synthetic_high_volatility_c0_v0_3__c0__e0__seed_47__sample_0,glm,glm-5.2,synthetic_high_volatility_c0_v0_3,C0,E0,47,0,execute,direct-api,ok,0.22455,13.436674,-0.012338,1.0,0,11,0,1.0,1.0,24,live_call,sha256:290b7c972bb7c6b8ed5bb6f4875cdadf6dfdfb97caceb9e3eceab5898be89d10,sha256:f569efdafc67c9093c91b730b0483515a7305b02e8665ae71e69288df9aaa48a,
glm__glm_5_2__synthetic_high_volatility_c0_v0_3__c0__e1__seed_47__sample_0,glm,glm-5.2,synthetic_high_volatility_c0_v0_3,C0,E1,47,0,execute,direct-api,ok,0.184931,11.475111,-0.01179,0.916667,2,7,6,1.0,1.0,24,live_call,sha256:891d6d4c98d9d7ad83899bcaafccea34f0a9ab767acbae1cee67244875b5d5c9,sha256:54f7818f8476bba1b861c3263f9302cfe632fcbdbda88e10e8ba0826e6c48a5b,
glm__glm_5_2__synthetic_jump_tail_c0_v0_3__c0__e0__seed_47__sample_0,glm,glm-5.2,synthetic_jump_tail_c0_v0_3,C0,E0,47,0,execute,direct-api,ok,0.220537,7.103459,-0.046368,1.0,0,9,0,1.0,1.0,24,live_call,sha256:2ee52cad819130124def8ed8e2da359ea31f1828355bbc4c45ef5ed3d290d7ed,sha256:0b80daab4678380aada7538dfdc44739f8b21b4a66c9d82273d31024a6aea9df,
glm__glm_5_2__synthetic_jump_tail_c0_v0_3__c0__e1__seed_47__sample_0,glm,glm-5.2,synthetic_jump_tail_c0_v0_3,C0,E1,47,0,execute,direct-api,ok,0.153328,4.714155,-0.053909,0.957447,0,6,10,1.0,1.0,24,live_call,sha256:9b74542cba451906a6ffe9b8cf78314c6d567c3c436e65b1e155b1d486fc5660,sha256:64f5ff88b81512dce411e87c9597683b7f9a4cbcfb3fe69b2b5a78bbeb9b10ad,
glm__glm_5_2__synthetic_calm_trend_c0_v0_3__c0__e0__seed_47__sample_1,glm,glm-5.2,synthetic_calm_trend_c0_v0_3,C0,E0,47,1,execute,direct-api,ok,0.231164,27.746231,0.0,1.0,0,4,0,1.0,1.0,24,live_call,sha256:8c757637cda31987cc0e364ecf03b97fa43f24570a73663f1434e03f83f84bae,sha256:ba034e55253d4e794e36331d919f41d8a58121da7b4285c98c1503193445ce12,
glm__glm_5_2__synthetic_calm_trend_c0_v0_3__c0__e1__seed_47__sample_1,glm,glm-5.2,synthetic_calm_trend_c0_v0_3,C0,E1,47,1,execute,direct-api,ok,0.212872,21.824579,-0.001315,0.9375,1,10,0,1.0,1.0,24,live_call,sha256:610daad35ad20666ab8bebcb061cf228ab19680d7a4d2eb660ad348e150f1944,sha256:d5a9830ff6e85d8f90bddec4a60441d6a9aad328bad18d9f90e4899dea51d0a5,
glm__glm_5_2__synthetic_high_volatility_c0_v0_3__c0__e0__seed_47__sample_1,glm,glm-5.2,synthetic_high_volatility_c0_v0_3,C0,E0,47,1,execute,direct-api,ok,0.233081,13.786315,-0.01194,1.0,0,14,0,1.0,1.0,24,live_call,sha256:9e91fcc57842e27e7ca7465da4837994dbe6804069df7dcdd205ef695dd22cc3,sha256:5def198b8d413f0a9963aa66324a8b078d9a56b28e03807888c290049f096459,
glm__glm_5_2__synthetic_high_volatility_c0_v0_3__c0__e1__seed_47__sample_1,glm,glm-5.2,synthetic_high_volatility_c0_v0_3,C0,E1,47,1,execute,direct-api,ok,0.206184,12.089316,-0.00748,0.914894,2,10,6,1.0,1.0,24,live_call,sha256:5a0f4682630dda0b1f49fef880ce9035c3c92a048ae13bd3153e59db97d10cf7,sha256:d726f0b5bea289a0ea8660c3be2f3633b2ea5b14d5668230c91be3fc548816bc,
glm__glm_5_2__synthetic_jump_tail_c0_v0_3__c0__e0__seed_47__sample_1,glm,glm-5.2,synthetic_jump_tail_c0_v0_3,C0,E0,47,1,execute,direct-api,ok,0.211481,6.997334,-0.044945,1.0,0,7,0,1.0,1.0,24,live_call,sha256:2eab4813082c577cde144ebb36d7793f297018a5e8ec45a0161d40e1924ef961,sha256:499da1bc43c8857f3c587247b04b040603e9f5824cf43d4a8f7ce19163da0cd7,
glm__glm_5_2__synthetic_jump_tail_c0_v0_3__c0__e1__seed_47__sample_1,glm,glm-5.2,synthetic_jump_tail_c0_v0_3,C0,E1,47,1,execute,direct-api,ok,0.163747,5.594224,-0.049399,0.958333,0,5,10,1.0,1.0,24,live_call,sha256:fe88d049bf2e05116ebbb29be4872cb9c6dfcedb80a417c2408e4b2f39626bf5,sha256:2309e287bbb916650c080fdb653ff557abf11d08bab06f2d4527edc0390210da,
glm__glm_5_2__synthetic_calm_trend_c0_v0_3__c0__e0__seed_47__sample_2,glm,glm-5.2,synthetic_calm_trend_c0_v0_3,C0,E0,47,2,execute,direct-api,ok,0.230301,28.341184,0.0,1.0,0,9,0,1.0,1.0,24,live_call,sha256:6181ee0342b815b1ab74d4bdf6cdf602b2c2186f9452dcc2022014cde1e08350,sha256:a1f14df760c652a18546de620f73c15e3631c928814a25ad9cfbefc46324703b,
glm__glm_5_2__synthetic_calm_trend_c0_v0_3__c0__e1__seed_47__sample_2,glm,glm-5.2,synthetic_calm_trend_c0_v0_3,C0,E1,47,2,execute,direct-api,ok,0.206275,21.536063,-0.001124,0.93617,1,6,0,1.0,1.0,24,live_call,sha256:b1ab2d1cb1618e4b71a5f1b905b6d7be8d1f0bd427504b3310f8d0762fd61a18,sha256:53d36b572e0124015871ed7298085c21857098107d9b99f858f3f9145e1a69eb,
glm__glm_5_2__synthetic_high_volatility_c0_v0_3__c0__e0__seed_47__sample_2,glm,glm-5.2,synthetic_high_volatility_c0_v0_3,C0,E0,47,2,execute,direct-api,ok,0.233687,13.891022,-0.012314,1.0,0,11,0,1.0,1.0,24,live_call,sha256:74344d57cf4fa5c0883ba7b93b15909abed535a99717fce771df9dc6b80a4d04,sha256:9650e81aaf92b560b47e6aced16f52c7c52b7958a23925150eea3b1fdbb68e29,
glm__glm_5_2__synthetic_high_volatility_c0_v0_3__c0__e1__seed_47__sample_2,glm,glm-5.2,synthetic_high_volatility_c0_v0_3,C0,E1,47,2,execute,direct-api,ok,0.158222,10.167383,-0.015742,0.916667,2,10,6,1.0,1.0,24,live_call,sha256:216543fa42fffd8d0fe361640b924aefa12f136a4f132e3f1a9aa0bb939ba9fd,sha256:46279f2fe0a520ebd246e7c47acfff0d5b3424b0fa1b084dd4d3b5dcb0872b92,
glm__glm_5_2__synthetic_jump_tail_c0_v0_3__c0__e0__seed_47__sample_2,glm,glm-5.2,synthetic_jump_tail_c0_v0_3,C0,E0,47,2,execute,direct-api,ok,0.216208,6.978452,-0.043563,1.0,0,9,0,1.0,1.0,24,live_call,sha256:b01da244e0d2e4c83c1d5003734127031c596d8fea5aede2ab279bd2303a95d7,sha256:36dcc5c6355f18f876b07246b5242b7ea27c494c2ecbefdc41d34e7a9b5a64f8,
glm__glm_5_2__synthetic_jump_tail_c0_v0_3__c0__e1__seed_47__sample_2,glm,glm-5.2,synthetic_jump_tail_c0_v0_3,C0,E1,47,2,execute,direct-api,ok,0.115863,3.894834,-0.067648,0.9375,1,5,9,1.0,1.0,24,live_call,sha256:d662c7779401e71a4ba9cad54de47e9d50ab40bc1a21d1322a35d3939f61acac,sha256:e1c993f52ce4b5bb7dca9c39ed550a86c3e8a5d44ed6921f607de77c6ed65646,
glm__glm_5_2__synthetic_calm_trend_c0_v0_3__c0__e0__seed_53__sample_0,glm,glm-5.2,synthetic_calm_trend_c0_v0_3,C0,E0,53,0,execute,direct-api,ok,0.202764,22.609429,-0.001149,1.0,0,4,0,1.0,1.0,24,live_call,sha256:1edfc8f621f063179f950b2d3850484fb0776eb224bf0683c12efb3a42081e9f,sha256:58d597ecc19b318a477071cdc0e0c6a7cd12a776bbe355cb062e74b98828b1fe,
glm__glm_5_2__synthetic_calm_trend_c0_v0_3__c0__e1__seed_53__sample_0,glm,glm-5.2,synthetic_calm_trend_c0_v0_3,C0,E1,53,0,execute,direct-api,ok,0.165684,21.918289,-0.001314,0.916667,2,6,0,1.0,1.0,24,live_call,sha256:91fd12c5662bbcbc625464bb8c73f96cbabb17c8c65c844c69dc9da97fdafea5,sha256:c92b0df58a565a8e21a9df45e8820374379ecba1edb9b5e98cce1ef90b35ecb1,
glm__glm_5_2__synthetic_high_volatility_c0_v0_3__c0__e0__seed_53__sample_0,glm,glm-5.2,synthetic_high_volatility_c0_v0_3,C0,E0,53,0,execute,direct-api,ok,0.18795,10.629483,-0.016917,1.0,0,6,0,1.0,1.0,24,live_call,sha256:2bde8577eb84f974304a29db0f9f64e5291fd298e6606af8b4ef31c657d85824,sha256:4c71dd879f6d6352b0101b0ec7dae40314552ef9ce3e45ef8c0cf5bc77bdbe04,
glm__glm_5_2__synthetic_high_volatility_c0_v0_3__c0__e1__seed_53__sample_0,glm,glm-5.2,synthetic_high_volatility_c0_v0_3,C0,E1,53,0,execute,direct-api,ok,0.18083,9.907449,-0.022021,0.955556,0,6,4,1.0,1.0,24,live_call,sha256:6947e1d1ecd614508e4fe4aa07f1227ef800d3440ef29a442ad61c911c3af427,sha256:2b7a78f2286619962fa8d4372a688a85f7585003d4b710f0c08acd278256e040,
glm__glm_5_2__synthetic_jump_tail_c0_v0_3__c0__e0__seed_53__sample_0,glm,glm-5.2,synthetic_jump_tail_c0_v0_3,C0,E0,53,0,execute,direct-api,ok,0.365316,11.383465,-0.030744,1.0,0,8,0,1.0,1.0,24,live_call,sha256:810ca727209f7fe8d7dcfeacadc447710f1e69b8f5bff2447cf3ccbc82959674,sha256:8567364b6dad559554f48f7c93b13f66807d7fb944e2fee85e55d6ddb468d46d,
glm__glm_5_2__synthetic_jump_tail_c0_v0_3__c0__e1__seed_53__sample_0,glm,glm-5.2,synthetic_jump_tail_c0_v0_3,C0,E1,53,0,execute,direct-api,ok,0.339987,10.863558,-0.029222,0.956522,0,5,9,1.0,1.0,24,live_call,sha256:a77dd09a78fa2f7e02d9376b61f91cde6ff2e27e35f022604b3fed18cdae6e84,sha256:0d223034d699c12d7c8fc3d95c6cab1e1865dc53dd255eeeb54af28cb797e587,
glm__glm_5_2__synthetic_calm_trend_c0_v0_3__c0__e0__seed_53__sample_1,glm,glm-5.2,synthetic_calm_trend_c0_v0_3,C0,E0,53,1,execute,direct-api,ok,0.200347,21.417274,-0.001149,1.0,0,3,0,1.0,1.0,24,live_call,sha256:8029d51f3c543d5f34859658696cc42f043b172299eef5ca1d9b1292a9ae6c38,sha256:c1e3b5ac91ae59b35f76d0bf1f4284a546ee26a7c33b9705d6da728ed0190e23,
glm__glm_5_2__synthetic_calm_trend_c0_v0_3__c0__e1__seed_53__sample_1,glm,glm-5.2,synthetic_calm_trend_c0_v0_3,C0,E1,53,1,execute,direct-api,ok,0.176827,23.529869,-0.001809,0.893617,3,11,0,1.0,1.0,24,live_call,sha256:07d891027951c250cb022f2c60cd8d6eedab49332659515dee346311e73d366c,sha256:8207e675055fec16cd7f1feeb037a4fe0d29461274964827fe49b596e1e68f61,
glm__glm_5_2__synthetic_high_volatility_c0_v0_3__c0__e0__seed_53__sample_1,glm,glm-5.2,synthetic_high_volatility_c0_v0_3,C0,E0,53,1,execute,direct-api,ok,0.185946,10.27275,-0.018522,1.0,0,9,0,1.0,1.0,24,live_call,sha256:c819a50b2bfe365c5d155af2900ec15e56cc7af6849fbe2704acd7f5485471d5,sha256:8192f82777933c2d3ce1d73c0c9a21f674e315605d28c7d1f570e0d767818c19,
glm__glm_5_2__synthetic_high_volatility_c0_v0_3__c0__e1__seed_53__sample_1,glm,glm-5.2,synthetic_high_volatility_c0_v0_3,C0,E1,53,1,execute,direct-api,ok,0.166057,10.566313,-0.018712,0.93617,1,8,4,1.0,1.0,24,live_call,sha256:75461e101c6d8c15101298bbcb7301388cdf63dcdba8cafba0d29eaf9385e5ec,sha256:ff3dde22feb66da6242c22a6f1b3994283343699cd11cbba4f708e695a2d84fe,
glm__glm_5_2__synthetic_jump_tail_c0_v0_3__c0__e0__seed_53__sample_1,glm,glm-5.2,synthetic_jump_tail_c0_v0_3,C0,E0,53,1,execute,direct-api,ok,0.36365,11.41597,-0.029616,1.0,0,13,0,1.0,1.0,24,live_call,sha256:d4394569dc318f86592297cf844bfa0d923d03f2720374bcb4a700e2c9744528,sha256:e25ddfb13c76d88544ec9c84006e016f3a3ac9886ab490051f243d12a7c9cfad,
glm__glm_5_2__synthetic_jump_tail_c0_v0_3__c0__e1__seed_53__sample_1,glm,glm-5.2,synthetic_jump_tail_c0_v0_3,C0,E1,53,1,execute,direct-api,ok,0.383016,13.471665,-0.008713,0.93617,1,9,8,1.0,1.0,24,live_call,sha256:db65340972a8e3706ff8305cceb0e1266df9cb52214d33d8686a4c9cad3f34dc,sha256:845327a1ff93039e745006e588ca0628b9fc57943a7648b921a6cb9ca34de393,
glm__glm_5_2__synthetic_calm_trend_c0_v0_3__c0__e0__seed_53__sample_2,glm,glm-5.2,synthetic_calm_trend_c0_v0_3,C0,E0,53,2,execute,direct-api,ok,0.192395,22.504488,-0.001149,1.0,0,6,0,1.0,1.0,24,live_call,sha256:b978f76837d62c95287a2037db0965242fc4e1014dbd9846de18b9fef70ccd44,sha256:b7bddf52f10694843eafeb325a9800c80cf133924abe9015b6f901f27e230c3a,
glm__glm_5_2__synthetic_calm_trend_c0_v0_3__c0__e1__seed_53__sample_2,glm,glm-5.2,synthetic_calm_trend_c0_v0_3,C0,E1,53,2,execute,direct-api,ok,0.18557,23.646996,-0.001178,0.956522,0,10,0,1.0,1.0,24,live_call,sha256:fc85e053af1ccd6144c54ee310dcb62182456694a9ca23d0b298e47c9107bcde,sha256:2788877a95d50445cf00ad1d8391dfb99b1c3b9492ffa814d25d3f4132b4e8ed,
glm__glm_5_2__synthetic_high_volatility_c0_v0_3__c0__e0__seed_53__sample_2,glm,glm-5.2,synthetic_high_volatility_c0_v0_3,C0,E0,53,2,execute,direct-api,ok,0.18656,10.598207,-0.016917,1.0,0,8,0,1.0,1.0,24,live_call,sha256:01e733bd4a3ae3b4ae52ac7a93e29cf886af144ca0814707e4f673b112f80bfd,sha256:4b7e4721949ac01f83d788676a4112de31ab941bc8bcf12bb979156d4cd45af1,
glm__glm_5_2__synthetic_high_volatility_c0_v0_3__c0__e1__seed_53__sample_2,glm,glm-5.2,synthetic_high_volatility_c0_v0_3,C0,E1,53,2,execute,direct-api,ok,0.204126,10.892595,-0.017491,0.955556,0,9,4,1.0,1.0,24,live_call,sha256:48d0e14bc79c44ccbf81ae5b41ab6aef103a2721d0980d5ffd91eb8f6cb85285,sha256:5fc2b2604abe06a4494bd88b8517d4aefb6fe2bbfb443392ac388f8a9162832e,
glm__glm_5_2__synthetic_jump_tail_c0_v0_3__c0__e0__seed_53__sample_2,glm,glm-5.2,synthetic_jump_tail_c0_v0_3,C0,E0,53,2,execute,direct-api,ok,0.371505,11.366334,-0.030729,1.0,0,7,0,1.0,1.0,24,live_call,sha256:20f0df0488a855f4510ce59284c992133dd056f64c43ff5e9fdbb0b1f83d7ef7,sha256:02aa04588266f8830fc0735672416705966dda8320f13a7006126c3484428686,
glm__glm_5_2__synthetic_jump_tail_c0_v0_3__c0__e1__seed_53__sample_2,glm,glm-5.2,synthetic_jump_tail_c0_v0_3,C0,E1,53,2,execute,direct-api,ok,0.352464,11.577634,-0.029201,0.956522,0,7,9,1.0,1.0,24,live_call,sha256:97b9f6a4daf3e3066694a8efd13fc061f2bea0ef2822512bd9d643375699eeeb,sha256:0fcd59f9093136422dcaa0c1f7e4cea769f2988c886bec05ba143414f30c4a5c,
