protocol_id,base_key_sha256,source_plan_id,provider,model_id,model_version_or_release,scenario_id,contamination_tier,seed,sample_index,intent_origin_execution,periods,response_count,call_log_sha256,prompt_calls_sha256,response_calls_sha256,normalized_parsed_response_path_sha256,parse_coverage,source_status
trellm-v0.3-iclr-protocol,sha256:03a17263add161977d6938ee9cdb3d31956e76a9b4ff69aa1ce4767fbc55bb15,deepseek__deepseek_v4_flash__synthetic_calm_trend_c0_v0_3__c0__e0__seed_11__sample_0,deepseek,deepseek-v4-flash,api-pinned-2026-07-02,synthetic_calm_trend_c0_v0_3,C0,11,0,E0,24,24,sha256:d3b96cfa08777c1a4687d462bf1758f612c4eb915ebca929b5f74d3a7d9b2fd9,sha256:ba66c81b29cbabe35ecb08b59e51fd354defa42a94a97e56803fe90c8cced587,sha256:403579b87b29cc90d5b6f55cf2ad72843fbe368e944b47f9e342811eae40ba16,sha256:250fd21b1091ff58944cfea8b487246e8668983ea8fecf46fe3a7b32cae16d5c,1.0,ok
trellm-v0.3-iclr-protocol,sha256:da7306756c4ca3520aea5cacaf62124a8496d86781ba2099fd0bd99232e2debd,deepseek__deepseek_v4_flash__synthetic_calm_trend_c0_v0_3__c0__e0__seed_11__sample_1,deepseek,deepseek-v4-flash,api-pinned-2026-07-02,synthetic_calm_trend_c0_v0_3,C0,11,1,E0,24,24,sha256:736f3641b29d91baa80e0fbb435f146f5697964aea83f563afcecd5271c6adff,sha256:7033b0b1afa5117f7223c37129b95921f29fa07e389f16ded9b066545de4d196,sha256:0c56b501282763412ce975b81516ac8cbb29f3e54a996d4d05b2d3bc1acb18a6,sha256:e1b037de26e5c4ceace17997b273cfdbcf55a8d73d18b1327be7fe8ad4ab1655,1.0,ok
trellm-v0.3-iclr-protocol,sha256:9a89bdcadf4f8793c424b304f47a8c287da448bd650106e1442898db339441e0,deepseek__deepseek_v4_flash__synthetic_calm_trend_c0_v0_3__c0__e0__seed_11__sample_2,deepseek,deepseek-v4-flash,api-pinned-2026-07-02,synthetic_calm_trend_c0_v0_3,C0,11,2,E0,24,24,sha256:eaa0de44a3f4f84f99504de7dae2770d86715f866ca4331954952f5c48bbf599,sha256:faa9efa41b35b3c4c0402b229685207695cb65bddda81de084499c2de4f3cc71,sha256:653e887c22cb37d53425a2807a469df21f080d7088ed12dd5eff2a6fddff634f,sha256:48779bdb2d8b6cb2cee3d6a85587938b1729ffb6228d3a65eb2c613ee475526a,1.0,ok
trellm-v0.3-iclr-protocol,sha256:cbc98f1d5774dc388d081e24344b1b67082e7ea1a9214dbb23c84c946c039218,deepseek__deepseek_v4_flash__synthetic_calm_trend_c0_v0_3__c0__e0__seed_17__sample_0,deepseek,deepseek-v4-flash,api-pinned-2026-07-02,synthetic_calm_trend_c0_v0_3,C0,17,0,E0,24,24,sha256:fa5a7034a236f5e469fc7b9407393ba5f2792b1e5d5abcc7f4152d4164d7e2e8,sha256:afaf7ca39139401e91a9402d7e9c5c21a208515ca3f95dea4d94f89caba34ef6,sha256:be2e0551d67d6c596e18c29865f67d5480b00ccba4519a1d7f4406947307e8a3,sha256:53a286b5d5e39cf8b7085045c0408a82d8cd90ef791b056cafa0f0cf916e0828,1.0,ok
trellm-v0.3-iclr-protocol,sha256:bdfa4d4b5e3d82a99d08651651a47e63303cbdaf7d5e679b0c2f9c511c529dc1,deepseek__deepseek_v4_flash__synthetic_calm_trend_c0_v0_3__c0__e0__seed_17__sample_1,deepseek,deepseek-v4-flash,api-pinned-2026-07-02,synthetic_calm_trend_c0_v0_3,C0,17,1,E0,24,24,sha256:04fb75e085b46846ff287ddbb2f8edaf5a91d6e81fd882ac1c5f0d7904ade292,sha256:2e249df47370775328ff9722539854fa57f2fc9f17db07c4c184284565000408,sha256:80a6b6f65d48c7813c9118f8b62b2633372e07a3f3cdea84083292c62dbd51a5,sha256:21c7b3cb517385d79fba0a63bf448c5520774c047ff5ff0bcd13e53dc456e158,1.0,ok
trellm-v0.3-iclr-protocol,sha256:1fae9582e237d7127d0dd2e8389a745f2d15fac8005a3208eb648b2819a7f4e1,deepseek__deepseek_v4_flash__synthetic_calm_trend_c0_v0_3__c0__e0__seed_17__sample_2,deepseek,deepseek-v4-flash,api-pinned-2026-07-02,synthetic_calm_trend_c0_v0_3,C0,17,2,E0,24,24,sha256:0d746b0620fbcbaa562723913cdaabf63c7ed8173771277883cc7394e43162e7,sha256:5da23826e2471919d91c42ce27bbc3f637e4336805d4e4612b4c1b18cd9e0a2e,sha256:b142bf04564cf5433d58d4bc5d3cc9e009ea1800ea2e7609e43a315f6862f60a,sha256:13f6fcf9df654cba294548f21f64f0a4438f72b42ac43a9fdca1419891193dfd,1.0,ok
trellm-v0.3-iclr-protocol,sha256:fde88cef241fd8542219cfff343abadac26e8cb0897c3c8c907bc02454d5ddf2,deepseek__deepseek_v4_flash__synthetic_calm_trend_c0_v0_3__c0__e0__seed_23__sample_0,deepseek,deepseek-v4-flash,api-pinned-2026-07-02,synthetic_calm_trend_c0_v0_3,C0,23,0,E0,24,24,sha256:c9895fd884bd41b4f7671512cd972f3449cec8830102f984bd5d1a7b81c07f26,sha256:7a63487b08423af9c5141439e1476599111fd69f37719ee5f9ed4fd910acc13b,sha256:e3f9f1927e93d4e3d42812edbcce8f9c03eda4365e75c98982ce11835037356b,sha256:ced4592a2fb7274b87e07c014251b8051ad1d7d5292fdc53b7287ed190ad0c06,1.0,ok
trellm-v0.3-iclr-protocol,sha256:6d34688809f47dc709df793a48cda14caaf11a49a0952d21e4daae0b2cc9f9f9,deepseek__deepseek_v4_flash__synthetic_calm_trend_c0_v0_3__c0__e0__seed_23__sample_1,deepseek,deepseek-v4-flash,api-pinned-2026-07-02,synthetic_calm_trend_c0_v0_3,C0,23,1,E0,24,24,sha256:bec37ef8edbe4b6256a39291a6170e4c6b0c41d54ea53e713fef95970af6d57d,sha256:7900de02942e9996f6f4850fdea48eee29b2a963d6a752a0aa845ca9dc2a7683,sha256:94b41ebb676e8c57a3155bacd41aa99fd113dccc8f24d7538bcb754b6d40a696,sha256:59c1585fec5c466c4e69ab02fd522d47b029538269c1045bef63ccd18c69f9eb,1.0,ok
trellm-v0.3-iclr-protocol,sha256:3675d02387e76deeb021f65b2928367661e45df8477b54d43fe59fcca501ed96,deepseek__deepseek_v4_flash__synthetic_calm_trend_c0_v0_3__c0__e0__seed_23__sample_2,deepseek,deepseek-v4-flash,api-pinned-2026-07-02,synthetic_calm_trend_c0_v0_3,C0,23,2,E0,24,24,sha256:6a18c3902d2df9d245f264dc5f12dcfd9d1171c556abf9fba61995694c4f8461,sha256:7a63487b08423af9c5141439e1476599111fd69f37719ee5f9ed4fd910acc13b,sha256:6da383486fbf7d88d9ce93ac2b073c164746fcd9fbf1c8ac004149284beb6c37,sha256:b94957772c21101d07b65667ef5bcbe9c901ae4eb611f17d739035d2b44ae617,1.0,ok
trellm-v0.3-iclr-protocol,sha256:23d04d4dea698d2900db132bc810a3160f5490d41de6f5d8608d485d83388bf2,deepseek__deepseek_v4_flash__synthetic_calm_trend_c0_v0_3__c0__e0__seed_31__sample_0,deepseek,deepseek-v4-flash,api-pinned-2026-07-02,synthetic_calm_trend_c0_v0_3,C0,31,0,E0,24,24,sha256:0a7eac2d45cb49ee2d90b47ef6fb4e4f54436ff880801b65fa5520c06a7e471e,sha256:2292ff5a12bd2d3e2273ebe37d32fd494a22197e3dbd86f7268606c375c61489,sha256:13b014d6b379ad67aba8ef1df95ab12e0cf30fc73a523d38f3562b4be5da9da7,sha256:2c666e036ca5c9be2241084e497c6317baae096b481c01a872099ffcd8bc704d,1.0,ok
trellm-v0.3-iclr-protocol,sha256:2898a309e37dd25df94b9b02c3efddcd480675d2395474ea89fa936b4cbd0ec1,deepseek__deepseek_v4_flash__synthetic_calm_trend_c0_v0_3__c0__e0__seed_31__sample_1,deepseek,deepseek-v4-flash,api-pinned-2026-07-02,synthetic_calm_trend_c0_v0_3,C0,31,1,E0,24,24,sha256:b12325e81c136d287e036783cf5e42870d0b2c468890b2b1393780458198f473,sha256:2493cb72cb62adc621f01da511fa3dc83eae4ad976d95d03a0b0c95b6027bcd2,sha256:81c525db8eba70507d20fe9f688643f404baf6d180de284a0a669e15071b07bf,sha256:ab35583fb4a1e13f13b8ad3f08a46b66e8cd51b291b4326d9191c985e209d846,1.0,ok
trellm-v0.3-iclr-protocol,sha256:35477038dbf814136d7e9ce303cb413594a54437d2e61049a7c600b0870ce2f8,deepseek__deepseek_v4_flash__synthetic_calm_trend_c0_v0_3__c0__e0__seed_31__sample_2,deepseek,deepseek-v4-flash,api-pinned-2026-07-02,synthetic_calm_trend_c0_v0_3,C0,31,2,E0,24,24,sha256:02cb7e5f80423a6b2c45fbde0aefc9b6105a5f2288847e2357e234723ad91694,sha256:cc3b7b54107544c6752b9cbefd02697b85704cdfb9eba4f992b1d838b66605c9,sha256:41b802879340810a24660923e6f867807a1bb8db59683a2c814d05def542b210,sha256:2a906703c49c314996ec96934c2cfe4916d258b985cc32ae77741af1fb828350,1.0,ok
trellm-v0.3-iclr-protocol,sha256:43649115a8d9fa3c46c199ef71dbf77720e6dfa158be6e570ccfcf37a9026384,deepseek__deepseek_v4_flash__synthetic_calm_trend_c0_v0_3__c0__e0__seed_37__sample_0,deepseek,deepseek-v4-flash,api-pinned-2026-07-02,synthetic_calm_trend_c0_v0_3,C0,37,0,E0,24,24,sha256:d13cea6fec6415c68dd89380f83807be0625868cc418fbbb346ab2d31c21dd50,sha256:a8ba66f6284ca0eb8e02ece58d879a92418f2660551cea9b35baff71e3eb1199,sha256:8f65efd8e623a4d4bfc5b863ee462753b7e869e2dc87a3d0c741cf72dc145778,sha256:a1a684d4bca4c548aaee22c8bc8c612a2d6a08e8489a04973a6cf9290a1d89c2,1.0,ok
trellm-v0.3-iclr-protocol,sha256:015b1c4e6ec13cc1aa122d7bc39d42efb6f4a596ae43e54b7a8f45253ea072b6,deepseek__deepseek_v4_flash__synthetic_calm_trend_c0_v0_3__c0__e0__seed_37__sample_1,deepseek,deepseek-v4-flash,api-pinned-2026-07-02,synthetic_calm_trend_c0_v0_3,C0,37,1,E0,24,24,sha256:e203abf334028e65e20f1db2563c42b229a64e1b8926119d34b8b99d4c5d7f5f,sha256:56ce56fd585179842dcd400ea446127158b1c19756d11548882dc52e3e0d5efa,sha256:edf6feb923b64adbcc41da37b3a8b45a053a41a9054c86c8ce7e92c9135c1cc3,sha256:db90fb3d5733bc5ce92eee3b8e91714cfefa905d557866cd448d5c00ff945685,1.0,ok
trellm-v0.3-iclr-protocol,sha256:33309714196545cd0cedd6f5d3131a528abde664c319ce4eab4403b1bd102b80,deepseek__deepseek_v4_flash__synthetic_calm_trend_c0_v0_3__c0__e0__seed_37__sample_2,deepseek,deepseek-v4-flash,api-pinned-2026-07-02,synthetic_calm_trend_c0_v0_3,C0,37,2,E0,24,24,sha256:289f85bfff60368152dbc861b1ff36012a8a65d8204c779887e9c26cff730b72,sha256:a8ba66f6284ca0eb8e02ece58d879a92418f2660551cea9b35baff71e3eb1199,sha256:08c7d12167871405d9c96851c631638c845a1ad4f4cedb37f0be0d97353a5e94,sha256:89ec698fb58cf257d5966b4a2338ebffbe2a64a7c4919d8951f8f27a7cf41d4d,1.0,ok
trellm-v0.3-iclr-protocol,sha256:ac6beb5fd9baeefa2a96e9f36fa14288b9c568365541faabfa7fa80004c583a2,deepseek__deepseek_v4_flash__synthetic_calm_trend_c0_v0_3__c0__e0__seed_41__sample_0,deepseek,deepseek-v4-flash,api-pinned-2026-07-02,synthetic_calm_trend_c0_v0_3,C0,41,0,E0,24,24,sha256:a42c48870ffad7f7aa3615c44954e69fcec262527e25ff9c57caa3f21e07886e,sha256:69388630d85920ca5001f37c9537f5dba46629bf7a2eeac02647dd8c7043f0d6,sha256:884d10db66ac238e01afd27314d8d84c60b6dc09407058d8e17e03efaa27fff0,sha256:2d8a4720ba14f45d7c0256ee7c4b0d584a5db220420e9db8e6812ad20585e207,1.0,ok
trellm-v0.3-iclr-protocol,sha256:ba9e67cedbaedc0b53c6a6c1c6567c2328e39c7aea62f4e9a4b4e4591c869d5d,deepseek__deepseek_v4_flash__synthetic_calm_trend_c0_v0_3__c0__e0__seed_41__sample_1,deepseek,deepseek-v4-flash,api-pinned-2026-07-02,synthetic_calm_trend_c0_v0_3,C0,41,1,E0,24,24,sha256:beab472fc57ad7a224cf1ebfc2aa376d9552f04c212eb848dd029961c374bd06,sha256:3048b305c7f67526ef61a86d99855fc59c3ec393005b12d347f9f0e5e161ef6d,sha256:12828c38d143d02bcba3df72f5ec202f5a0f3e6ea24147b44bba8b6e3194ee27,sha256:4cf95e325d5aa027e4d3f862171105816769382f71c90d94ea7cdd08dd093524,1.0,ok
trellm-v0.3-iclr-protocol,sha256:432061a4438061c6f8b85d40e6e1d8362875a5e90c4a71dc0a376858fdca1f6e,deepseek__deepseek_v4_flash__synthetic_calm_trend_c0_v0_3__c0__e0__seed_41__sample_2,deepseek,deepseek-v4-flash,api-pinned-2026-07-02,synthetic_calm_trend_c0_v0_3,C0,41,2,E0,24,24,sha256:84c753faa7f777756b5e14d4cf46dc0b9355813f553baa0cec128b8801740dd5,sha256:c43b6a601581f01112d9b3a1744816d4e9c0f85e9525abf5db17a0c65d79ee7b,sha256:d7a47c61c5f7e48a8938c7e701fdb9400ac436ebc3c92d202177d55d5db8afb1,sha256:1da7cf38c27d39fd0dffbbb4e7a4bd656fe931f81e46ff7c9cf43b65e08aa215,1.0,ok
trellm-v0.3-iclr-protocol,sha256:a36ccb12bb6734b630d9709cee5c3d369d0cb3b56406b6344829ff934efb5662,deepseek__deepseek_v4_flash__synthetic_calm_trend_c0_v0_3__c0__e0__seed_43__sample_0,deepseek,deepseek-v4-flash,api-pinned-2026-07-02,synthetic_calm_trend_c0_v0_3,C0,43,0,E0,24,24,sha256:ba24eac037c51392c02ccf680a9f36e2e8c46ef1bd10d3db52e898d3726be4e9,sha256:e3c516c4bfa19ce11e03da7f130f45d1aa490ac53cb4c5d1140751890a84ccc1,sha256:3d4487085c8bb7172e4930bec8723d4caeb1c4c25129fcfbd30a9e783800d1e7,sha256:b0190603913d7c02314b2a29155f2b29d737cb7c94b3fea0f2752f8a98b75f31,1.0,ok
trellm-v0.3-iclr-protocol,sha256:ddab94ac2d3ab9843c0e0b3e9392f2f4a0fe40a509a6055b2f171aaf29604991,deepseek__deepseek_v4_flash__synthetic_calm_trend_c0_v0_3__c0__e0__seed_43__sample_1,deepseek,deepseek-v4-flash,api-pinned-2026-07-02,synthetic_calm_trend_c0_v0_3,C0,43,1,E0,24,24,sha256:73f035c492238045dc6e026e75342e4eb357b8a625d1b3e2ecada9a6981d175b,sha256:21669c3a614083d884a35c165b55dd199f1d61caea4c9d3fa8ce4fbcf451606f,sha256:55b2cbeea65d4eb6ab7b98422c7b298bbebe3b7f1e81adef4802de8de5e8e0e0,sha256:a2637cac2df61985ce62021654449a74ff17adbdb5ae9c60cc489f779b7f5246,1.0,ok
trellm-v0.3-iclr-protocol,sha256:b6895f4f1f32b50f1d348a158673ac29af0303bdefdcabb020becd7bf683fc51,deepseek__deepseek_v4_flash__synthetic_calm_trend_c0_v0_3__c0__e0__seed_43__sample_2,deepseek,deepseek-v4-flash,api-pinned-2026-07-02,synthetic_calm_trend_c0_v0_3,C0,43,2,E0,24,24,sha256:858374073ee563172861de81941b6ae25e8565e9a09d0879f516c3d10d60cb02,sha256:3a30a0078a4c3efd1ed8306aea3c870f2a2fdc7ff224bef025dff7a80121621c,sha256:a51a372c10cabedbeb0a48cb8f1096be94460724a05ae33ab253af50feeab43d,sha256:4857d3a2878615d5b47c63916f5863f2617e95c443b3141e2faa458280203328,1.0,ok
trellm-v0.3-iclr-protocol,sha256:45e77f32495b397b814059818536020de6d39b03d4f1fc4490a8ba43a4b77a5c,deepseek__deepseek_v4_flash__synthetic_calm_trend_c0_v0_3__c0__e0__seed_47__sample_0,deepseek,deepseek-v4-flash,api-pinned-2026-07-02,synthetic_calm_trend_c0_v0_3,C0,47,0,E0,24,24,sha256:ac4c68af73b909622f60694d1c20e31f0cd552723fb841897ed330510acf0a4e,sha256:4e2d5d602cfe2f097c6243564f1a5ec5160b174974b3422870942eb8fe5bc435,sha256:943cd4e147ca3eeed978349c78f653a3a4fefb74b52dd99bf0fbaa6c9b632fd4,sha256:f6117527df4c19c5976afab25b7deecfe993e6e57209a0ad8a21aca042cf22c1,1.0,ok
trellm-v0.3-iclr-protocol,sha256:ac55947206bdd4cc35e04ebb29cf0f0b804496bebab3776833619122c5e5f6bc,deepseek__deepseek_v4_flash__synthetic_calm_trend_c0_v0_3__c0__e0__seed_47__sample_1,deepseek,deepseek-v4-flash,api-pinned-2026-07-02,synthetic_calm_trend_c0_v0_3,C0,47,1,E0,24,24,sha256:3742b2e9093ed7f711d84004c75c5d3a1229841ae766d723f08f54bfe8d53a43,sha256:8e6fb0ad23bc19560f9ce4be3cfbf9c612569742c8ba96e229ed4472578660fe,sha256:00f72006792d2cf6fb0eeafed43550a82630841cd65dd43cda158f7f3d3a4ae8,sha256:f770261e09c92e0f6fc422debeddf0160736decee1dbca9c1b6e38db18336f52,1.0,ok
trellm-v0.3-iclr-protocol,sha256:2d79e49e496e327107b51dbf6110a0bf608a9b3585c797d0c2f3a6295cfb5f62,deepseek__deepseek_v4_flash__synthetic_calm_trend_c0_v0_3__c0__e0__seed_47__sample_2,deepseek,deepseek-v4-flash,api-pinned-2026-07-02,synthetic_calm_trend_c0_v0_3,C0,47,2,E0,24,24,sha256:04618a3cdc87391a36bb20c12b9be50e970b2326bb8ae7b2c685836359b99777,sha256:7bf6faab5bd0b7942bb7bf6ff903626f005f928e389c7a8183a79b331f60280e,sha256:e816e5c68069c8862ece1d5168fadb758da8af32d3941d3de85c855d8139320a,sha256:8e2c5796530d512fe1f16a23186205568c8c8a56d23575ff92079bafb14f80f4,1.0,ok
trellm-v0.3-iclr-protocol,sha256:7dfce76704c0f73c98f0d87080d3f611318cfbdd39373af1d12d69e7acd00704,deepseek__deepseek_v4_flash__synthetic_calm_trend_c0_v0_3__c0__e0__seed_53__sample_0,deepseek,deepseek-v4-flash,api-pinned-2026-07-02,synthetic_calm_trend_c0_v0_3,C0,53,0,E0,24,24,sha256:996cb982fb92106bb42b412d6dec6e5ddfc20fbc557fad55ae3411c204c8cac2,sha256:2affbd0656615335d78b0268bb2f8875710d75fa8d73b6e9d346ae98eeaff113,sha256:e5676e8884c328c707d7bd7fd8bd65461258a15e88075bb137a2f14e679568e8,sha256:df26554b50acbdc4df9dc8cebc3ab795428a77afe4f8f2d85f19cb5f7ee7fa2f,1.0,ok
trellm-v0.3-iclr-protocol,sha256:9c9d5b01e418ecdbed7bfff1bdf9eb123ef874102efc901d73e4635b5b1a7bd2,deepseek__deepseek_v4_flash__synthetic_calm_trend_c0_v0_3__c0__e0__seed_53__sample_1,deepseek,deepseek-v4-flash,api-pinned-2026-07-02,synthetic_calm_trend_c0_v0_3,C0,53,1,E0,24,24,sha256:a79221eafb817cc393f0f6b2a7144fb36f0be53886b17f477fba5988a7d98fa8,sha256:e8e6475a499db70463ae523b47b3031e9e868e3cec17c47120522e8929df5d17,sha256:948b0ff4f1d0fd3cea8fa870147496531f0ff12408ee2062b7edda8fa6e5b518,sha256:895a4d789fdb0bcc490457bb2c52b94a3680f938e8f3662ebaec7d7773c34a0a,1.0,ok
trellm-v0.3-iclr-protocol,sha256:7bf10344683cb06ebc1f2103e88a474c1be1e520f881c57378b5c112a4a4b0d4,deepseek__deepseek_v4_flash__synthetic_calm_trend_c0_v0_3__c0__e0__seed_53__sample_2,deepseek,deepseek-v4-flash,api-pinned-2026-07-02,synthetic_calm_trend_c0_v0_3,C0,53,2,E0,24,24,sha256:1b855562293c96476cb0baaac63592d1118c48c959ac5f8cc31d19fca9989de1,sha256:fbe44761164a19aaf0d6b287f80bdae7515b23c9d6731340e92ca6e0c7cc6fff,sha256:7296726962a078895ec14d9aa3cad262256766c8617fc3a90d8be8870b80f5bd,sha256:2411e649f4a52baf60fc2499d1537384fbff88701d711b69eb405c1c77f435e8,1.0,ok
trellm-v0.3-iclr-protocol,sha256:ddc2fc470652532b59c614b560795864a3a656fb13671907d8e6de3443bfc5ea,deepseek__deepseek_v4_flash__synthetic_calm_trend_c0_v0_3__c0__e0__seed_7__sample_0,deepseek,deepseek-v4-flash,api-pinned-2026-07-02,synthetic_calm_trend_c0_v0_3,C0,7,0,E0,24,24,sha256:53ccfaa2c856ac3585fc9db60a06334d32915552ef15912f18fc2ae6938b2268,sha256:07eb0d8f8c3ed4b44200cc1c737fe0ad87336c0508fe3a09b24c7ae2efef17af,sha256:a07c84b80a6460dd9011ab4d93b48f57f4b88d73ab7d3c13a05bc62091155111,sha256:d3060803cfd13449cde18bdc7874492e3ecb0b3b264b9dcc0e42f9efa5aa46cb,1.0,ok
trellm-v0.3-iclr-protocol,sha256:6646c151c6ff4b98b774d3df3d8391ac3e95d19cc7b7116175bd1e1b494fe99f,deepseek__deepseek_v4_flash__synthetic_calm_trend_c0_v0_3__c0__e0__seed_7__sample_1,deepseek,deepseek-v4-flash,api-pinned-2026-07-02,synthetic_calm_trend_c0_v0_3,C0,7,1,E0,24,24,sha256:21dfd9160653111c5537c1457a959948b841a34b1d8f540a7d0106daf9c09469,sha256:2ed2d09caf5e844952e8863f7efb19e3de3dc7c9eb8cedd15d8b4d99fcdf5d62,sha256:256219d736b20377516fa57810d55947bed337fe3d46395666a7a67edd689168,sha256:b46ff2ff56ce156460f34cf594dfbf82a342cc590668b0137d3fb5bc197e82cc,1.0,ok
trellm-v0.3-iclr-protocol,sha256:74bc52e4125552c4c200825308e164049fa931de0f97f19e301134adefb8fec0,deepseek__deepseek_v4_flash__synthetic_calm_trend_c0_v0_3__c0__e0__seed_7__sample_2,deepseek,deepseek-v4-flash,api-pinned-2026-07-02,synthetic_calm_trend_c0_v0_3,C0,7,2,E0,24,24,sha256:4a294fbfb2f918f704bd52bc207311e1959d92a32c0f3a7de5e78d37a07978c7,sha256:7aa0fa323d909c9689c43d4a04995d3454fd09c835a903029adf403eb0d60d91,sha256:77a0483baad6d874739390e3c33224233fa5eb42722852ae02ad8d091dcae225,sha256:9108846e5514238b3d9873eee93ece16b76e8014f0326a506ba108e548fbc21c,1.0,ok
trellm-v0.3-iclr-protocol,sha256:03a17263add161977d6938ee9cdb3d31956e76a9b4ff69aa1ce4767fbc55bb15,deepseek__deepseek_v4_flash__synthetic_calm_trend_c0_v0_3__c0__e1__seed_11__sample_0,deepseek,deepseek-v4-flash,api-pinned-2026-07-02,synthetic_calm_trend_c0_v0_3,C0,11,0,E1,24,24,sha256:dc7a45ec805239767da78484ccea707de73dde895f5718591941a402c3c82fa3,sha256:e1c84f9cf046c8f0cf5abe5858f3af1fd6645f079ea6d7cea4595bda48b1340d,sha256:86fca784dea4cdd0fc1b38e1fa33d52ce3c3604ddb62ff33d9267e81444adfab,sha256:0775f837ff49eba52e164e1a500a835cbc59b65a70c76143c3b4a14bb4f9cfe7,1.0,ok
trellm-v0.3-iclr-protocol,sha256:da7306756c4ca3520aea5cacaf62124a8496d86781ba2099fd0bd99232e2debd,deepseek__deepseek_v4_flash__synthetic_calm_trend_c0_v0_3__c0__e1__seed_11__sample_1,deepseek,deepseek-v4-flash,api-pinned-2026-07-02,synthetic_calm_trend_c0_v0_3,C0,11,1,E1,24,24,sha256:453b97687f9d8c9080df6a61e6424618eb88d21c80d67265d2820a6e4382910a,sha256:8f1c5a8f631fc0460d3f297038ad8f3e2def0b37d3aadaf27135c2b7dae7de7c,sha256:d0d895c3d382a81f9032eecfcc72bccb6e936de594683a26800ede4d4addf84c,sha256:242dcbf1777a6c2577e4fb83f17b44f5567041cffe0fcf3a88d0a643179c2780,1.0,ok
trellm-v0.3-iclr-protocol,sha256:9a89bdcadf4f8793c424b304f47a8c287da448bd650106e1442898db339441e0,deepseek__deepseek_v4_flash__synthetic_calm_trend_c0_v0_3__c0__e1__seed_11__sample_2,deepseek,deepseek-v4-flash,api-pinned-2026-07-02,synthetic_calm_trend_c0_v0_3,C0,11,2,E1,24,24,sha256:4416886d1b6dc38d0f38e9e2b7d59df9ceb11c31cdd75ca9536b7041002ccdc5,sha256:45d279a2ff321ea1c47a520f126a241bd981b0479dbc1fd28f831f64cdf7b8eb,sha256:336556ad4130a5889755b9ea6c2c68f13688bf4d2157fe427b0810dfe609e7b6,sha256:9ae57df327db1b5bf3fa3a20caaa9907a039b6bf444a0fc9edc93bb5f31c1207,1.0,ok
trellm-v0.3-iclr-protocol,sha256:cbc98f1d5774dc388d081e24344b1b67082e7ea1a9214dbb23c84c946c039218,deepseek__deepseek_v4_flash__synthetic_calm_trend_c0_v0_3__c0__e1__seed_17__sample_0,deepseek,deepseek-v4-flash,api-pinned-2026-07-02,synthetic_calm_trend_c0_v0_3,C0,17,0,E1,24,24,sha256:ff0147a4a1bac4f51133e994262abe12512ea6aad1abdcd20abd30b097c31b05,sha256:43e9d54e86ef9cd36823ee7efb582043d549ab90cac9049336d6591f0f457d26,sha256:351bc018aa67b89603d28a0dab2d599afe630ec45ecf9b31d3f90ed859544a84,sha256:339f24869a2e0d3d5d0bcd5f6047bd1b2c7db18cc0f8c322eca883fdca7c00db,1.0,ok
trellm-v0.3-iclr-protocol,sha256:bdfa4d4b5e3d82a99d08651651a47e63303cbdaf7d5e679b0c2f9c511c529dc1,deepseek__deepseek_v4_flash__synthetic_calm_trend_c0_v0_3__c0__e1__seed_17__sample_1,deepseek,deepseek-v4-flash,api-pinned-2026-07-02,synthetic_calm_trend_c0_v0_3,C0,17,1,E1,24,24,sha256:a576983292fe06052c52a592589e2006a30ede6f78ff57a06adf85343f10be23,sha256:61c1fceee3dba93e28a45e3fda650a2be67e87eaab93f6e211e04e1cdd3da19d,sha256:5846c5ee5127e43a950b04c71e6c73c6d3ced098a379ddae01ca9e3a5da7ddad,sha256:ed5f9ab5e035e25a2181e58b73cc739e4c903ca6cc08429ef7a0d9f6638dd339,1.0,ok
trellm-v0.3-iclr-protocol,sha256:1fae9582e237d7127d0dd2e8389a745f2d15fac8005a3208eb648b2819a7f4e1,deepseek__deepseek_v4_flash__synthetic_calm_trend_c0_v0_3__c0__e1__seed_17__sample_2,deepseek,deepseek-v4-flash,api-pinned-2026-07-02,synthetic_calm_trend_c0_v0_3,C0,17,2,E1,24,24,sha256:2f3c8335cef7a165a7114eab54fef54e4c784017590338c7d4f9233ea130a85f,sha256:8517103e7c41ece9faea0f7615439ec9f912f13a73398b29a66ac08adf09228e,sha256:60b7a89539577e642cc76f0d9b2c5611959f45a155ee9a79148b0ab4b77a800e,sha256:0020eb5e90df8d6d03295202bdecbd1fed9ae7aa54277dfd127f72bf022abe3b,1.0,ok
trellm-v0.3-iclr-protocol,sha256:fde88cef241fd8542219cfff343abadac26e8cb0897c3c8c907bc02454d5ddf2,deepseek__deepseek_v4_flash__synthetic_calm_trend_c0_v0_3__c0__e1__seed_23__sample_0,deepseek,deepseek-v4-flash,api-pinned-2026-07-02,synthetic_calm_trend_c0_v0_3,C0,23,0,E1,24,24,sha256:d35130068b20ce9638f6be64f0643a82f0d16b6c027436531a3e1b0bf0d6f0f4,sha256:d41b121a2a4b519fd29646ec0ea1f7e065c6f0c13a60171815158902abe574a0,sha256:441496f6341ec30822fbb7ff3e85b918e42c800523973ba1fdd2d659b8d4dc5e,sha256:e422ddca9f2532c50ad9f6f3faa346d34bd694904b60564bab9cb549d7ec8225,1.0,ok
trellm-v0.3-iclr-protocol,sha256:6d34688809f47dc709df793a48cda14caaf11a49a0952d21e4daae0b2cc9f9f9,deepseek__deepseek_v4_flash__synthetic_calm_trend_c0_v0_3__c0__e1__seed_23__sample_1,deepseek,deepseek-v4-flash,api-pinned-2026-07-02,synthetic_calm_trend_c0_v0_3,C0,23,1,E1,24,24,sha256:e60793ed14ee48b9c633610de54b31eba6bd30cd576bde1e64ea894282019cee,sha256:ac871265df9a1c6f74b7576e092825043256fde8a651871313fac74cdc2141e6,sha256:e9d5cc3c298164634192390a9576e03131a93aea223518dc49a7824bbdf4065e,sha256:e3d2cfcbc943836a2ba7ba6a8fc7e91777edcf828fad9938e53fc852d7107b66,1.0,ok
trellm-v0.3-iclr-protocol,sha256:3675d02387e76deeb021f65b2928367661e45df8477b54d43fe59fcca501ed96,deepseek__deepseek_v4_flash__synthetic_calm_trend_c0_v0_3__c0__e1__seed_23__sample_2,deepseek,deepseek-v4-flash,api-pinned-2026-07-02,synthetic_calm_trend_c0_v0_3,C0,23,2,E1,24,24,sha256:e827125842587669c772d83ff4133d6c4861af483468961fa5ab728e3d5960be,sha256:a61a6db8c360e289f6b256edd59e2ed3f2086f1a966a9b4372db43bf82d469df,sha256:59cd750561c3b25befed2d38a3a9e18df8778825ea9174b2aa90e26fb04b256c,sha256:c3533ac75ba5e175e1b19393f892970caf6131355b92c0f602c46c32f61e15a2,1.0,ok
trellm-v0.3-iclr-protocol,sha256:23d04d4dea698d2900db132bc810a3160f5490d41de6f5d8608d485d83388bf2,deepseek__deepseek_v4_flash__synthetic_calm_trend_c0_v0_3__c0__e1__seed_31__sample_0,deepseek,deepseek-v4-flash,api-pinned-2026-07-02,synthetic_calm_trend_c0_v0_3,C0,31,0,E1,24,24,sha256:efa1f830f5e65816ce650f1c1a8712f2d859eada001a63ca67c95275d24749b8,sha256:40087f3dc8ea549a96b8d14e2b96b8ae81d2abc4b82b33c4c6935a755e9f38c3,sha256:cc26da129e7d4d459a16290a72e9a181ef346b613d02956bb48fb349f511a66b,sha256:4f8fcfa2aa4fb490e10cae7ba508fbe4098cb867cd89f66e8323b5cf22bce121,1.0,ok
trellm-v0.3-iclr-protocol,sha256:2898a309e37dd25df94b9b02c3efddcd480675d2395474ea89fa936b4cbd0ec1,deepseek__deepseek_v4_flash__synthetic_calm_trend_c0_v0_3__c0__e1__seed_31__sample_1,deepseek,deepseek-v4-flash,api-pinned-2026-07-02,synthetic_calm_trend_c0_v0_3,C0,31,1,E1,24,24,sha256:cebf0af633a25ca78dd9a9f932bf793da8ee59e37c372a7058170132461a8f1a,sha256:40087f3dc8ea549a96b8d14e2b96b8ae81d2abc4b82b33c4c6935a755e9f38c3,sha256:eb1292753bf675b209c33d7f04c4b3729585ea5b4db62b9893defbd3d9c3fe52,sha256:2cc96417bc3794a311d6913c0404e975ce8b270a35dc6683fd031172b9e24b5e,1.0,ok
trellm-v0.3-iclr-protocol,sha256:35477038dbf814136d7e9ce303cb413594a54437d2e61049a7c600b0870ce2f8,deepseek__deepseek_v4_flash__synthetic_calm_trend_c0_v0_3__c0__e1__seed_31__sample_2,deepseek,deepseek-v4-flash,api-pinned-2026-07-02,synthetic_calm_trend_c0_v0_3,C0,31,2,E1,24,24,sha256:e4357cd3b2a1a5e2e172646cf16915052804b013e4fda58c31cfb42d30e7f979,sha256:40087f3dc8ea549a96b8d14e2b96b8ae81d2abc4b82b33c4c6935a755e9f38c3,sha256:c210beaa6fb76e799c41d657fc589066ad43c5ca35b23db8b1a96fce851181bb,sha256:2d6fe27e282b8f5db9c380c549f8d24152448dccbe8f140ee21e1c2811b89b0b,1.0,ok
trellm-v0.3-iclr-protocol,sha256:43649115a8d9fa3c46c199ef71dbf77720e6dfa158be6e570ccfcf37a9026384,deepseek__deepseek_v4_flash__synthetic_calm_trend_c0_v0_3__c0__e1__seed_37__sample_0,deepseek,deepseek-v4-flash,api-pinned-2026-07-02,synthetic_calm_trend_c0_v0_3,C0,37,0,E1,24,24,sha256:79e80fd72c1dfacbb8db63967c5dcc093b690ff9d5f13e251c3419b194e88378,sha256:b7cc434a1553bf8c5f233a7c034fef7acba30e272d887ff60d14bbc394690843,sha256:ebdd4a3ddc59f20bf20f250cb88cdcdaaaaeae08c96475e8f2f0f6921c9caac2,sha256:9a783a6894585744d24af653b27963558895357e3f0a20a46b305f523efe40d3,1.0,ok
trellm-v0.3-iclr-protocol,sha256:015b1c4e6ec13cc1aa122d7bc39d42efb6f4a596ae43e54b7a8f45253ea072b6,deepseek__deepseek_v4_flash__synthetic_calm_trend_c0_v0_3__c0__e1__seed_37__sample_1,deepseek,deepseek-v4-flash,api-pinned-2026-07-02,synthetic_calm_trend_c0_v0_3,C0,37,1,E1,24,24,sha256:fe14066755cd46c75036909d506b27d50e91cb3868af560a3b038a4044f0da36,sha256:10e3fa9361e6e71609cec5dfef1a6d06434b4dbd0e12b5b995d1fccbe0737462,sha256:83f31e4aba031627ac2a89b2621c0a31e1d0df9df62a415c2a0eada544c47f9d,sha256:bcb7ce8c976cfb6f41fbc63251169fe70e9fc99e9767faf7406de78988b2a12d,1.0,ok
trellm-v0.3-iclr-protocol,sha256:33309714196545cd0cedd6f5d3131a528abde664c319ce4eab4403b1bd102b80,deepseek__deepseek_v4_flash__synthetic_calm_trend_c0_v0_3__c0__e1__seed_37__sample_2,deepseek,deepseek-v4-flash,api-pinned-2026-07-02,synthetic_calm_trend_c0_v0_3,C0,37,2,E1,24,24,sha256:0936c24789ee7d04f343e02fd4258ad6743ee46991ea166fe916095ac6465222,sha256:b7cc434a1553bf8c5f233a7c034fef7acba30e272d887ff60d14bbc394690843,sha256:f4635d25d9c91a555f1d827d1394338803aff6dca20e329c5cecc9795ec9a384,sha256:f6d59e3c31009e36a64785dd8752cf32a3652b200cf1127b903625ea744596f9,1.0,ok
trellm-v0.3-iclr-protocol,sha256:ac6beb5fd9baeefa2a96e9f36fa14288b9c568365541faabfa7fa80004c583a2,deepseek__deepseek_v4_flash__synthetic_calm_trend_c0_v0_3__c0__e1__seed_41__sample_0,deepseek,deepseek-v4-flash,api-pinned-2026-07-02,synthetic_calm_trend_c0_v0_3,C0,41,0,E1,24,24,sha256:229faceec204619c73682d4c7ab4ab83c76aa783b072762a486de8376c436f78,sha256:427e4f53c575d998a5916f2d499b966f58017e6322b9a844bb5270bddce53928,sha256:c8a6970f533c47b0233176447ae92d97d84b85f9828b02c9f675acaafaf6ffcd,sha256:54f0dabf941ae5a9b458721fba4c4a012c21476b71a56dd9e42f4cb48027c92c,1.0,ok
trellm-v0.3-iclr-protocol,sha256:ba9e67cedbaedc0b53c6a6c1c6567c2328e39c7aea62f4e9a4b4e4591c869d5d,deepseek__deepseek_v4_flash__synthetic_calm_trend_c0_v0_3__c0__e1__seed_41__sample_1,deepseek,deepseek-v4-flash,api-pinned-2026-07-02,synthetic_calm_trend_c0_v0_3,C0,41,1,E1,24,24,sha256:d5f768c68312cf9b98194553c6b0f6b44ed460f214e2bb88ea4a7282606967a8,sha256:96b0e28889af6aa277f155999297ec9cc1ee1457f2c278367851d413aab3e73d,sha256:0fb10e298491c5c01e0ddfebc137aa486498e38c922ffc551b366c46d5fdd30d,sha256:480cf2d9524c16b0ab90f893b8473c348a925ec3fbd0ca5ad6976f0839bc9837,1.0,ok
trellm-v0.3-iclr-protocol,sha256:432061a4438061c6f8b85d40e6e1d8362875a5e90c4a71dc0a376858fdca1f6e,deepseek__deepseek_v4_flash__synthetic_calm_trend_c0_v0_3__c0__e1__seed_41__sample_2,deepseek,deepseek-v4-flash,api-pinned-2026-07-02,synthetic_calm_trend_c0_v0_3,C0,41,2,E1,24,24,sha256:7a36bcac898c69e5f385898589e367f913367d229022195f2be087a1272734ed,sha256:73f82cad58a95d7beb1b306d2deec6e2d557a420f391558d4b69ccaaf7305ef9,sha256:7183352462d3ac26819d4727a85e8f030316877017619033e207d653d9b61810,sha256:287105dc6b39d62f1b3a01f163dc4e2bebf3c6e609495ae1a6631b9e11c8e3fb,1.0,ok
trellm-v0.3-iclr-protocol,sha256:a36ccb12bb6734b630d9709cee5c3d369d0cb3b56406b6344829ff934efb5662,deepseek__deepseek_v4_flash__synthetic_calm_trend_c0_v0_3__c0__e1__seed_43__sample_0,deepseek,deepseek-v4-flash,api-pinned-2026-07-02,synthetic_calm_trend_c0_v0_3,C0,43,0,E1,24,24,sha256:bd1582302f296619feef0201c490b0984575a9bdcda4bbc03f8ad9de1a5a6359,sha256:cced6537efffc87f62927db0c1eaeba993e43c4f9c9e0f3cc40c0e38d0b6d105,sha256:5839eb1ad5ddbafbe54704b713ef7a178d021cd5e363d03ca9319d22c2d8ab8c,sha256:dc43ff646ba4d1aff5dde617b7b2fbe190281373a4f01c08d086c24349b72abe,1.0,ok
trellm-v0.3-iclr-protocol,sha256:ddab94ac2d3ab9843c0e0b3e9392f2f4a0fe40a509a6055b2f171aaf29604991,deepseek__deepseek_v4_flash__synthetic_calm_trend_c0_v0_3__c0__e1__seed_43__sample_1,deepseek,deepseek-v4-flash,api-pinned-2026-07-02,synthetic_calm_trend_c0_v0_3,C0,43,1,E1,24,24,sha256:852ffdbcfd3988885a681bd516b4729450b51a661eea801884507c580df43a37,sha256:aa25bce721ba1fc7a4d6a43bb226feccde9783bac33e66a318722ac4260b032c,sha256:56afa7d39820009491b3316c2ccbc01e8e4014b3a199c4496ba13e1111524484,sha256:1b7345c334147bd94ddab018982f8ba4a9051e6e8a40d88978996059b6b385bd,1.0,ok
trellm-v0.3-iclr-protocol,sha256:b6895f4f1f32b50f1d348a158673ac29af0303bdefdcabb020becd7bf683fc51,deepseek__deepseek_v4_flash__synthetic_calm_trend_c0_v0_3__c0__e1__seed_43__sample_2,deepseek,deepseek-v4-flash,api-pinned-2026-07-02,synthetic_calm_trend_c0_v0_3,C0,43,2,E1,24,24,sha256:6c0e01eb93c8e8af9c6e8dc96e92b438a80c28c2fed5122a031987b023c1257a,sha256:30437b3a30f270c8e125e04f6dd28f43f98eb874f97dc00d9d373646aeb8689e,sha256:4c4a9814d7befd177ebb9befa8a75a4bbc827ccb7faed126c9e761c02cf8deeb,sha256:4ecb73648a28d4a18bc228aeacee1ebfd233a9f6c3b32ab481bd69520d8cd795,1.0,ok
trellm-v0.3-iclr-protocol,sha256:45e77f32495b397b814059818536020de6d39b03d4f1fc4490a8ba43a4b77a5c,deepseek__deepseek_v4_flash__synthetic_calm_trend_c0_v0_3__c0__e1__seed_47__sample_0,deepseek,deepseek-v4-flash,api-pinned-2026-07-02,synthetic_calm_trend_c0_v0_3,C0,47,0,E1,24,24,sha256:776ad14930f05684eab889781094d7ed860db538adde55174cb29bd8d0bcba3f,sha256:32be3c4227062a2cf4ac216de31bce8d6454cc1168ef3dcaa8047b558d818c1f,sha256:497c5c1cc14ee73877b38700ee6dde8ac561fd35e7d865e943b4fd1e793bba18,sha256:0d2ab58caa0404b795202f4d7c61e77fb72a0c91c5d76681fa929bf9454814b4,1.0,ok
trellm-v0.3-iclr-protocol,sha256:ac55947206bdd4cc35e04ebb29cf0f0b804496bebab3776833619122c5e5f6bc,deepseek__deepseek_v4_flash__synthetic_calm_trend_c0_v0_3__c0__e1__seed_47__sample_1,deepseek,deepseek-v4-flash,api-pinned-2026-07-02,synthetic_calm_trend_c0_v0_3,C0,47,1,E1,24,24,sha256:cf94b59717a87221530e626456dc39b9d504519f1f3c7f1012f1b7999e4c7f52,sha256:f2a141d657d7fd0812ccb02ab9a62cb29e94ed355fe17394f238423b92e995fa,sha256:8afcaa2752ff6a24817cdf1147d98e2b2c41075df672e90c011a691b2ba05461,sha256:f790cf134ea71cccdd3d8251a46d1d34f7b63a9b8e574aeb31ec8250e7bd1636,1.0,ok
trellm-v0.3-iclr-protocol,sha256:2d79e49e496e327107b51dbf6110a0bf608a9b3585c797d0c2f3a6295cfb5f62,deepseek__deepseek_v4_flash__synthetic_calm_trend_c0_v0_3__c0__e1__seed_47__sample_2,deepseek,deepseek-v4-flash,api-pinned-2026-07-02,synthetic_calm_trend_c0_v0_3,C0,47,2,E1,24,24,sha256:4d78543302f4ea2e24dcbdaba4f5d1909f73cfd38959272e985f88476737a143,sha256:bcd18a901789585563dd213b98f1501e20a6a92adb2acc9af2bc6c739f531a80,sha256:0f9d347dd637e9ee82fbf17fd01a357d506da5970ad2164a6f80d1f4c2ae4880,sha256:4f3203e5768218f57512ed7e9b2e647d1b2dbc1d705315e5730f09d5012efa43,1.0,ok
trellm-v0.3-iclr-protocol,sha256:7dfce76704c0f73c98f0d87080d3f611318cfbdd39373af1d12d69e7acd00704,deepseek__deepseek_v4_flash__synthetic_calm_trend_c0_v0_3__c0__e1__seed_53__sample_0,deepseek,deepseek-v4-flash,api-pinned-2026-07-02,synthetic_calm_trend_c0_v0_3,C0,53,0,E1,24,24,sha256:1b4bc2671a894c84648a599e77b1e2925ad84a7950bbfb8f28a255614081b9ea,sha256:c57d24886489f4d7a80eaaf38afbf773f231aff45d63de02489be7a64c61eda0,sha256:c31cf4d2faafb39f558fcb4b7986c2ddfa449f54f83e467d763defb9ecb7dffd,sha256:e25e9cd9dbce4cb88769d1fa2e1902c2d1d7cc1ab66dd4ac9beb03c49f27465f,1.0,ok
trellm-v0.3-iclr-protocol,sha256:9c9d5b01e418ecdbed7bfff1bdf9eb123ef874102efc901d73e4635b5b1a7bd2,deepseek__deepseek_v4_flash__synthetic_calm_trend_c0_v0_3__c0__e1__seed_53__sample_1,deepseek,deepseek-v4-flash,api-pinned-2026-07-02,synthetic_calm_trend_c0_v0_3,C0,53,1,E1,24,24,sha256:887cc913401e36f31a66bac42867012e23917d8908ac6d42b263fa44b07b1597,sha256:efee1644fe91a2076fe8709126d3400ba8550e95d09a73cbfb2fadc669589b63,sha256:2ea4bf6f369adb884c9b45d33a9f49691d12749e4036a5c472706c6b6d862dd0,sha256:bebb400fe50af24e42172c45ff68230bfa8e3c66df93be76663de4b44e9af828,1.0,ok
trellm-v0.3-iclr-protocol,sha256:7bf10344683cb06ebc1f2103e88a474c1be1e520f881c57378b5c112a4a4b0d4,deepseek__deepseek_v4_flash__synthetic_calm_trend_c0_v0_3__c0__e1__seed_53__sample_2,deepseek,deepseek-v4-flash,api-pinned-2026-07-02,synthetic_calm_trend_c0_v0_3,C0,53,2,E1,24,24,sha256:d7c122083c195e3ac531fe6473f2be7be39fd313da2961838f9ef0843b5b2b25,sha256:286c1cadf7359c856b8d81e24f73a9d7ff369a6806c397bab87480d4f36b2bb2,sha256:fde582961101dabc370c098b4e7013bece06ef84965c9771897541c50d0dc859,sha256:a95e07b5ab13f1494f46c8470c2338336bb66854e83f803a89c5b32aeec73a86,1.0,ok
trellm-v0.3-iclr-protocol,sha256:ddc2fc470652532b59c614b560795864a3a656fb13671907d8e6de3443bfc5ea,deepseek__deepseek_v4_flash__synthetic_calm_trend_c0_v0_3__c0__e1__seed_7__sample_0,deepseek,deepseek-v4-flash,api-pinned-2026-07-02,synthetic_calm_trend_c0_v0_3,C0,7,0,E1,24,24,sha256:107d5da2292389e6a4f4b36cf4fbc4070ee50097833152b0f9ef6c6054913829,sha256:de8fd6a66b05463a3b907d787b69cf3259ea31ec4fc6ad7d25bc88bf2260d048,sha256:a02ced8909aec70a43d1df4f568e90e6e6a58317784f8865eb9c66a61c7aa88a,sha256:12ba55c5c8a1afdcb2d5fb30ae4e551953bc9b25dadf8db8a3c7abc09e5bc55f,1.0,ok
trellm-v0.3-iclr-protocol,sha256:6646c151c6ff4b98b774d3df3d8391ac3e95d19cc7b7116175bd1e1b494fe99f,deepseek__deepseek_v4_flash__synthetic_calm_trend_c0_v0_3__c0__e1__seed_7__sample_1,deepseek,deepseek-v4-flash,api-pinned-2026-07-02,synthetic_calm_trend_c0_v0_3,C0,7,1,E1,24,24,sha256:875acc03a946999af3597828aed9eff79ea3cc458130793258e22d32038c09a8,sha256:7a5c4b6b4ffcdd94b06a1d0a23f9671aee5c1ffa461489b81582afda85f9a925,sha256:f08ba0996f34bf66304510b5b2aabf403e24bb5de4184d40a78074ef95e428fd,sha256:a7ea03884c18a37035b469993068709d79d3532101411966d64c0846f77e6aba,1.0,ok
trellm-v0.3-iclr-protocol,sha256:74bc52e4125552c4c200825308e164049fa931de0f97f19e301134adefb8fec0,deepseek__deepseek_v4_flash__synthetic_calm_trend_c0_v0_3__c0__e1__seed_7__sample_2,deepseek,deepseek-v4-flash,api-pinned-2026-07-02,synthetic_calm_trend_c0_v0_3,C0,7,2,E1,24,24,sha256:7c3b663ba1d2e1e0c8d623417df435d4b1d6bcfa7b1cd1dc6a43969113fb22ea,sha256:cbb98bed55985d7742d335be21d763bb60c4a2382be4146754a2e8b34bfc31a5,sha256:e1ebb73632d65057cdab4c95be864f9416e418bbe5e4b772acc88af44d0dd52d,sha256:7045fb82972f3d09835b79a27ee07d4376376d94e930fb0ed12098bfd506dadc,1.0,ok
trellm-v0.3-iclr-protocol,sha256:b45f38cb6b23ef946873f2528823f139f30332618012eaadc1f8cc4090fbcf1a,deepseek__deepseek_v4_flash__synthetic_high_volatility_c0_v0_3__c0__e0__seed_11__sample_0,deepseek,deepseek-v4-flash,api-pinned-2026-07-02,synthetic_high_volatility_c0_v0_3,C0,11,0,E0,24,24,sha256:bb112de3aad91aa3ddc8d0c9c6235ac463821877af6f5e9bb61c21258f4e5793,sha256:566e0d6e376546ff68a36d288899b7e040aab87c6ac77e421a34aef9644b577d,sha256:6a3b4e8b111e620ba13a9760d818b102ea769bb9290c7ca8099e66b08e29a084,sha256:6f2e76a0f99462c4ff86b540d22feda54c7f211558612730be6478580ec3122e,1.0,ok
trellm-v0.3-iclr-protocol,sha256:3020cb2e71af667612fc1d47a3cfd35f603400de82622c76913e6aac8593bd72,deepseek__deepseek_v4_flash__synthetic_high_volatility_c0_v0_3__c0__e0__seed_11__sample_1,deepseek,deepseek-v4-flash,api-pinned-2026-07-02,synthetic_high_volatility_c0_v0_3,C0,11,1,E0,24,24,sha256:b56ca8f49581067d542deaf1711e05da564fd7ca218b8e87e92838bc5ce16b04,sha256:6c0826c8a27b8e5312e9f5a76e639d820856ab54e8a502dba56454f9e6f1189e,sha256:7391131de13779aa2bb23fb8595128f554f4bd4d15ea775b68aca7b4ebaed9af,sha256:0611e24dde84234e289c108736fcef63fc9f2a6f0c0cac23c4a064db1aa1ce91,1.0,ok
trellm-v0.3-iclr-protocol,sha256:b1fe161a5404195c57d4e679b5538aa70a6b0d89594f38d94742316af92a5678,deepseek__deepseek_v4_flash__synthetic_high_volatility_c0_v0_3__c0__e0__seed_11__sample_2,deepseek,deepseek-v4-flash,api-pinned-2026-07-02,synthetic_high_volatility_c0_v0_3,C0,11,2,E0,24,24,sha256:2019f217870a49f52b28aa20d0ee9ccf228369229ad713790ec15d5ba40938a3,sha256:c35a5d712caa56f15fb3a762b5604099b34128077112e5a659ca69262f0d08a4,sha256:63637b6d61948a307e494aedf06cee442e8180576e14188c32a3c78dc8854fa2,sha256:cc855b42fd2a6633e0b0fc8173806e6edd3da0e5cbbb5dbd476a45b61e6da2f0,1.0,ok
trellm-v0.3-iclr-protocol,sha256:8ef20e2a985a46c6afdcb856d95b8490fa0a439e5c0bb1814954ac52620e7c11,deepseek__deepseek_v4_flash__synthetic_high_volatility_c0_v0_3__c0__e0__seed_17__sample_0,deepseek,deepseek-v4-flash,api-pinned-2026-07-02,synthetic_high_volatility_c0_v0_3,C0,17,0,E0,24,24,sha256:4bd604328aad8efcabf0abb96f368a96ee79351a96ea08367826a232a3ba9bb1,sha256:9487878549ffaa1818e1aa2d1246a845cfe6e7e66414b72cbcd8b938b4042b17,sha256:55305f2c18731cc5abf7ebc7a0e57ba3868029ac0c2171380052c8bffedf7bcf,sha256:9b431df0dbf7361bf43ab8b2d2e4a4ca701669211f57a35e086e7c0b6a012d1d,1.0,ok
trellm-v0.3-iclr-protocol,sha256:ae3be62c2886dd61a0bd50c5965d984fd82ea2b779d7f852cfb9d86a2c9d767d,deepseek__deepseek_v4_flash__synthetic_high_volatility_c0_v0_3__c0__e0__seed_17__sample_1,deepseek,deepseek-v4-flash,api-pinned-2026-07-02,synthetic_high_volatility_c0_v0_3,C0,17,1,E0,24,24,sha256:a61556237ea0803ebb33e6f96bb7d9c89ec335953b6eaa4571121d68c5da096c,sha256:6314c1bcaed2c85fa4b229f01600ede65a8e14f64d79a3d67d80108d93eca7bb,sha256:d93557cc8130ddad69e03234c5d83bf3651c1f1a63cf15e03d2dd361ddcfadc9,sha256:afccc32ba1d6f188af9e3aea712d830e6e1d0da06c0c6d5e80d08f2d61a303e6,1.0,ok
trellm-v0.3-iclr-protocol,sha256:06d52f7a3cbd61d29457d1237f8bbf8cae779f8326c82a2d132d6ba87106c183,deepseek__deepseek_v4_flash__synthetic_high_volatility_c0_v0_3__c0__e0__seed_17__sample_2,deepseek,deepseek-v4-flash,api-pinned-2026-07-02,synthetic_high_volatility_c0_v0_3,C0,17,2,E0,24,24,sha256:f1d43881ff131249ecee516b66c754e8b08b1c49945c4476e1ba8967775cd8c3,sha256:4b3351a7913f7e42672636d883cf3a1bf08e7c5d65e62e8791389f10a6920d04,sha256:ca3fb5b42e5e45e3776fcaba73f01d0075285a12dd73cd51314ecfcd293264e6,sha256:e2e9f54b80d7779537a781f831c957ec8ec05d5d750b4131aab859e7b28e72c2,1.0,ok
trellm-v0.3-iclr-protocol,sha256:1ad33f4a6b289cbbfb1badb648f2f732d00187b29c8fcf3a11661121001956a2,deepseek__deepseek_v4_flash__synthetic_high_volatility_c0_v0_3__c0__e0__seed_23__sample_0,deepseek,deepseek-v4-flash,api-pinned-2026-07-02,synthetic_high_volatility_c0_v0_3,C0,23,0,E0,24,24,sha256:dd43879b105dddad06fdd7255faf1fb3959f15e83600e44aea5e82709a19b687,sha256:0c1f16ced7033c0bc5fc563a6f36e7e66782dbf6f3c5109f2bf251d5a60dddf9,sha256:b53244a13b6cbaa6d386f3d3b41f5ea4ce46ba498ed534e748eb536a533ba0e3,sha256:ca38aaa7870a589c3f279d3253eea778ef92da38780bae7bd6c765a2697d0c9c,1.0,ok
trellm-v0.3-iclr-protocol,sha256:8ff287e03bf95cc35571f03cfafa3d55ccfb4e6e562b6f81c2022ba045db1c29,deepseek__deepseek_v4_flash__synthetic_high_volatility_c0_v0_3__c0__e0__seed_23__sample_1,deepseek,deepseek-v4-flash,api-pinned-2026-07-02,synthetic_high_volatility_c0_v0_3,C0,23,1,E0,24,24,sha256:38e348004bf133702f261871cc55d5b26220944e997dd7bb410b289038315776,sha256:58ee82ad4418ddb0e971c26366cfd8e42165630e4653822926992f42c5b2b679,sha256:b386c05652bab5c87718406cb3101d459eb7e1f5af2c45b4e6a01d278886f4f9,sha256:af37a5a8c7baecae3f9216c9d1828b2ecab3dd5c6db5d9cd529dc4e6197e44d7,1.0,ok
trellm-v0.3-iclr-protocol,sha256:81344549bdd3992158e967562a5c0e944db0337d0edee3ec61fff789bece3ed7,deepseek__deepseek_v4_flash__synthetic_high_volatility_c0_v0_3__c0__e0__seed_23__sample_2,deepseek,deepseek-v4-flash,api-pinned-2026-07-02,synthetic_high_volatility_c0_v0_3,C0,23,2,E0,24,24,sha256:c841055d5f3442fb8663541ee5e55351e4ab1563daca3f780432b27f465e417a,sha256:0f14fd6830dd3b001066cf6d44617bda3065e9e2eff71bd4a79420cc6efa8308,sha256:4fd165541bbd5dbb9a356ec962d72411428af026f9466fc6dc5d1ce4df7f66e9,sha256:6a0d81abb5f72cc8ff86ece19d6543bd2651089fd8ca2903cec01a2b3c410461,1.0,ok
trellm-v0.3-iclr-protocol,sha256:23b98e0b204384a6abcae964596f1ded50456c5aa095ef41a6e260fd9d331e3e,deepseek__deepseek_v4_flash__synthetic_high_volatility_c0_v0_3__c0__e0__seed_31__sample_0,deepseek,deepseek-v4-flash,api-pinned-2026-07-02,synthetic_high_volatility_c0_v0_3,C0,31,0,E0,24,24,sha256:81f56a1b6063776071fb4c09b7ee3a842643c7cd176c6b232961721d4919ec56,sha256:17ef38f3e739ca59e3843ccb1b6b35590fb88ce7ba32950e7cdcd2ae30afd5d8,sha256:b832f36278f52c121c60a346baf5a486977bc779007114c6abbfbb91a3a9ca56,sha256:7eb91b972c27b50648827456e5bbe0756079a71dd7f023b54b17391580e40827,1.0,ok
trellm-v0.3-iclr-protocol,sha256:10579ade86c0f640b0e2d206b4b8157eccf3ab23e709dc2e835866077d79da9e,deepseek__deepseek_v4_flash__synthetic_high_volatility_c0_v0_3__c0__e0__seed_31__sample_1,deepseek,deepseek-v4-flash,api-pinned-2026-07-02,synthetic_high_volatility_c0_v0_3,C0,31,1,E0,24,24,sha256:07c1ad4907a592fee6968335cbfe84758a7351a828317fcedfd27a8b66b1922a,sha256:cedeb0deb208ad1c0c5ce7caad24aae46373d1a2a3e167637c45fc4d2b4c88d5,sha256:81bf07406c34a13c7bb001c1a2c180c477ead6714fd22f7a96ec1f6218dfa17a,sha256:e34b6f24fc9d6f10d9a1a6bc191fa563a6f9d553ec0c11e5e278abff110fd2e3,1.0,ok
trellm-v0.3-iclr-protocol,sha256:fd31f39e417d8a1d90c6b52461ed856080a61f231f4a45e932828a0dafa386ea,deepseek__deepseek_v4_flash__synthetic_high_volatility_c0_v0_3__c0__e0__seed_31__sample_2,deepseek,deepseek-v4-flash,api-pinned-2026-07-02,synthetic_high_volatility_c0_v0_3,C0,31,2,E0,24,24,sha256:c3f4f34e24b12e1e92bc637859d33ed8dc75fcdf7fd94988040c4a9c11a7040e,sha256:09132ea2f715446e022b2a9c1d64a20bb4b82b275b5bd1ae79357977785226fe,sha256:765aaad409818d9be33e286dced8ca7a5dd86329c39bd02c231d29fefdaf3440,sha256:667845710f8b684c1c3b325545c2fd0eec278edb0bb4719ae27b56e06da58dc1,1.0,ok
trellm-v0.3-iclr-protocol,sha256:1be4332fc44316e6f7daaba27ea93224cdb05bf523a3012fe8d682c639508559,deepseek__deepseek_v4_flash__synthetic_high_volatility_c0_v0_3__c0__e0__seed_37__sample_0,deepseek,deepseek-v4-flash,api-pinned-2026-07-02,synthetic_high_volatility_c0_v0_3,C0,37,0,E0,24,24,sha256:24efd7ccd0383d5ba45aeba6166400e925b931a0a8c91f3b29fe86789b98e6db,sha256:3df09eb458f1551d800375b9be92588537ecfc43cb0be42a8918347fbbb85ac7,sha256:09a86b829283fe91be0826256f497d54cd97a3f6b50eb35cc765fef3ca483466,sha256:d9909b79a64b544521db1898c087a695e138b4086195232a00db4c2c4e458705,1.0,ok
trellm-v0.3-iclr-protocol,sha256:d44dd08a30db1a2140e4f506ef5a0d13f3ed76ee6e758c9bd9f16a5142346b6a,deepseek__deepseek_v4_flash__synthetic_high_volatility_c0_v0_3__c0__e0__seed_37__sample_1,deepseek,deepseek-v4-flash,api-pinned-2026-07-02,synthetic_high_volatility_c0_v0_3,C0,37,1,E0,24,24,sha256:ad7a2f4db0ac0a2f5a4ca79bcba5fecd3187f8dd4f5b968a210bff2a5ab77b81,sha256:b0b22e4cc3cc19119e375b358f4ecb6c59cfbe29f8a1543939ce1bf0aa7e2a89,sha256:f6aad2b51cbc9a4db0827d6d5955ccd4e11ce80232d9406b194f3e88f5d387d2,sha256:972cea48ba787477f5fd95b1f02330d439c9e64c9e5bba4b57af7edcddb1a279,1.0,ok
trellm-v0.3-iclr-protocol,sha256:d1be24b9589277b7ed2c964de0b011db24fd953f9f87a693567c18306198406b,deepseek__deepseek_v4_flash__synthetic_high_volatility_c0_v0_3__c0__e0__seed_37__sample_2,deepseek,deepseek-v4-flash,api-pinned-2026-07-02,synthetic_high_volatility_c0_v0_3,C0,37,2,E0,24,24,sha256:3dd9cba79056bddb527b718d36ab5771d61f5de94117f53fd027b23a08f9f699,sha256:4135f96ffbffdea9bead914b90d16a361c58990dab575dbf8d46441c8671018f,sha256:522e89564fe54935da00c43c2eb275d6ce1848f8e34aac7ed17e05b8d73f9d2d,sha256:b7bcc7b14bc8676ba79edd88bf93efbd5c7c62c07722c3d6df7ef1dc06b3b77f,1.0,ok
trellm-v0.3-iclr-protocol,sha256:25de67f83aa88406cb7f842efd46d85103457f0ca593ef3207c3353375ac6a25,deepseek__deepseek_v4_flash__synthetic_high_volatility_c0_v0_3__c0__e0__seed_41__sample_0,deepseek,deepseek-v4-flash,api-pinned-2026-07-02,synthetic_high_volatility_c0_v0_3,C0,41,0,E0,24,24,sha256:175c5495898f7001559f50381b3d88b07fc74228fcf85c83f9231b2377bfe394,sha256:2aee9f1a32187c91ee6efe2133eb6709353807387d0689a8d5f4dfd3f6286c37,sha256:bb13dc8b4a063adb96ddf74079de138e6f599785552a360dc1d2659de9d8dea0,sha256:862688165fa5894a6320e7b8f0ee28344c6f60070b906aec9ed3191a98ed135c,1.0,ok
trellm-v0.3-iclr-protocol,sha256:7b5ba8d3aaa1fc6338dea3930fc24ec949abc2f4038128eaa1203e36535e0451,deepseek__deepseek_v4_flash__synthetic_high_volatility_c0_v0_3__c0__e0__seed_41__sample_1,deepseek,deepseek-v4-flash,api-pinned-2026-07-02,synthetic_high_volatility_c0_v0_3,C0,41,1,E0,24,24,sha256:c4f2cb376cca229c887f299e37d2d1b42ec42f3cbf4a48bfe2af609fefb4a1b3,sha256:dc0a975a8c634fdd8b8d5252e1dc6d379e10b6ea8ded2b149a60d85ea1b7585a,sha256:0aad839fd43c9891fccf007d21f59e779be63f600ccd45699202fb7cddde2706,sha256:9bd95eef0edb95be3ec0a10370222581398a48008b8cb502ff23f9a17e23c79c,1.0,ok
trellm-v0.3-iclr-protocol,sha256:f06ef9d542380f3e8425ff4945ae992c79acda41498c34eaa5a7d38738cd83ea,deepseek__deepseek_v4_flash__synthetic_high_volatility_c0_v0_3__c0__e0__seed_41__sample_2,deepseek,deepseek-v4-flash,api-pinned-2026-07-02,synthetic_high_volatility_c0_v0_3,C0,41,2,E0,24,24,sha256:8237d4b9cd7852522b2c4b3816ff994b818cb142be38ce6fc8433101c8957c8f,sha256:ba8f0b1642629b4715b9e8dde07b03d0620026dbf276161c2fb9ae97b446b464,sha256:79acac770d61f9200efb65d7e432a8125b6a0148846081c808a666180fba8791,sha256:baed8d4b0a59946d0068d627697dc46105b4c6abf661472c425036788a768e35,1.0,ok
trellm-v0.3-iclr-protocol,sha256:a3001f1c987afa8e26bec46a3727ef811e18e9c33f22137c384234d9acca44ac,deepseek__deepseek_v4_flash__synthetic_high_volatility_c0_v0_3__c0__e0__seed_43__sample_0,deepseek,deepseek-v4-flash,api-pinned-2026-07-02,synthetic_high_volatility_c0_v0_3,C0,43,0,E0,24,24,sha256:6365225c2b77755ab66e18a2080a96dc74ae2f0692f0e0fc3957d626d79b7ff4,sha256:58acdb7f2bf81b75d73da3d41a0130f6e933e0a3594b875a21624ef1851bc6a2,sha256:9db0d8720299101efb4177405e9538facd73ba145765d2045443ac0196984132,sha256:bbe2b0ee416af462c062f62493da003719fa133cd45cc6d5d7f95e98cea0efde,1.0,ok
trellm-v0.3-iclr-protocol,sha256:5d53020db0e4363cc6379596e82706859fccec11fe8e64992435e19bf0ffa271,deepseek__deepseek_v4_flash__synthetic_high_volatility_c0_v0_3__c0__e0__seed_43__sample_1,deepseek,deepseek-v4-flash,api-pinned-2026-07-02,synthetic_high_volatility_c0_v0_3,C0,43,1,E0,24,24,sha256:a827775b02c8c992119813eb26cd0072f4bf0b4a259351303de18373f74665b4,sha256:21dd29e8e47c9453f77edebcbb8e41fa468ad4db2d78f351bdc6eecd69baec4b,sha256:de654d4ce89d2dd3c1ba75a8574c3050017386b0534f61a206838f652f43ccf9,sha256:1eaad71d61e2eb558584a4d0e36c04923cccbe7bd263f4d0efe50aa9ce4c04ff,1.0,ok
trellm-v0.3-iclr-protocol,sha256:d85ed185684151b2aee51920739dc48ed68a5a30be89c69d4ea0100dbdad1ddd,deepseek__deepseek_v4_flash__synthetic_high_volatility_c0_v0_3__c0__e0__seed_43__sample_2,deepseek,deepseek-v4-flash,api-pinned-2026-07-02,synthetic_high_volatility_c0_v0_3,C0,43,2,E0,24,24,sha256:fe451e8d07365f0b5379419558fe12191a069a8ef908450cd7861bce232a799f,sha256:a3f5875981736536b0e00aaf6a16807d5543f06bcd41b3d26d7e123a90ac5f26,sha256:d6dae05bf2ff86d71f099c7e59958e0073d1b210d4f6a3183132d0325da82f53,sha256:ec24ed21208f8aa24a60f9378b9827a3cebb0dc316ef7b705b57da30373c0f43,1.0,ok
trellm-v0.3-iclr-protocol,sha256:3a0e1ef31157de56a99b6355805d70cf75c50bdb74b0582f2caa9d0569fdcad2,deepseek__deepseek_v4_flash__synthetic_high_volatility_c0_v0_3__c0__e0__seed_47__sample_0,deepseek,deepseek-v4-flash,api-pinned-2026-07-02,synthetic_high_volatility_c0_v0_3,C0,47,0,E0,24,24,sha256:219a5c6d674db24d82d554197c4e26a95476f5676177ac2760997970d6b23b97,sha256:0a1e677a61feb21f059b584a71f383c098834e29f58b19307b3aae720400b33a,sha256:b42a012f5609385c3e82ea0c35a8975db5f14e0ceafecc92272a93e5a5a47714,sha256:f2adaa9de5224ffff3991ce13b9363b36398e66f1de1adee186eaf7b7e1e9c3e,1.0,ok
trellm-v0.3-iclr-protocol,sha256:4dbf4230e8273d82af4992d939bc5663e9f65646ff3a61d17828d85f14a3a7b5,deepseek__deepseek_v4_flash__synthetic_high_volatility_c0_v0_3__c0__e0__seed_47__sample_1,deepseek,deepseek-v4-flash,api-pinned-2026-07-02,synthetic_high_volatility_c0_v0_3,C0,47,1,E0,24,24,sha256:d9da3225bea50f1533506367be72a26a4cd6535ac83aa8909e177bed8882f6a1,sha256:b1d7ca7b33fbf28882c202c9e0a4fc4399ef08d5c528cfd0ac37a702a46a457b,sha256:142eec595290ad53421213bb927a05771bddcec23bfd88636c5e50f780a80458,sha256:30cc46e590f764e31d74a7767bb5b806a8607bfcd9e9e869e182083ad503b871,1.0,ok
trellm-v0.3-iclr-protocol,sha256:d1b26c02881ade7a3102ba1c5b4a62390ef34d63e664a9730d54c4c40768775a,deepseek__deepseek_v4_flash__synthetic_high_volatility_c0_v0_3__c0__e0__seed_47__sample_2,deepseek,deepseek-v4-flash,api-pinned-2026-07-02,synthetic_high_volatility_c0_v0_3,C0,47,2,E0,24,24,sha256:3bb8a3f559332bc0e18089040d622b53261d77c810ae3632616ae1c7768ac4a6,sha256:b4fe5a90596bf030e3dcff7ab8b13d6b5f7d01aa17902b05b4de2ddd80a185ff,sha256:e26e745ed66d47317e92956bcc1d5b290d80121e0c2ae84a4fa5ccf3e1fc9715,sha256:cdac81fb1428f21c78e5e848b8e865746146facb791b8dd73cce7649d40860a8,1.0,ok
trellm-v0.3-iclr-protocol,sha256:3ee0ad9d43a33ba350f05bf5a7a5a4a8df80221ed2ed467dfcb206b13262d5dc,deepseek__deepseek_v4_flash__synthetic_high_volatility_c0_v0_3__c0__e0__seed_53__sample_0,deepseek,deepseek-v4-flash,api-pinned-2026-07-02,synthetic_high_volatility_c0_v0_3,C0,53,0,E0,24,24,sha256:75da6aa50ec6305ffd06395546575ce98f22318d3e0b6ca3d3aa47e5fb06b62e,sha256:159b26af6a0110651b987bf04687650e8451b273b6e6ad964ac9b250756584a7,sha256:2a851620ab602e20860b089a3ea9f8e8fb95c93c8f07b872f065cb1b269426c6,sha256:4147e925b062df0ec7f0a89ed458eef7a82a4afad8ebaa523b8fab41b59a7ea0,1.0,ok
trellm-v0.3-iclr-protocol,sha256:f26d93113878f26e1133c0120220673825a192e7d3a14afd5a66ec9c53d272b4,deepseek__deepseek_v4_flash__synthetic_high_volatility_c0_v0_3__c0__e0__seed_53__sample_1,deepseek,deepseek-v4-flash,api-pinned-2026-07-02,synthetic_high_volatility_c0_v0_3,C0,53,1,E0,24,24,sha256:deea65d29cf164be59969ff75eaea9c62b2b40ba4bfede41045b480a19cc3f16,sha256:7c5fce0ab4dcdcae406796e0dbc45365690bc8d163d9f0ec57beda33e0a6ea26,sha256:4b35eac8b0c8ef546247a232e0e7ddee551b8f58e9eca272090a006a7b780236,sha256:5b954ac07e059b980ff901ba62f247916fd88ac6c5f118878e2fdf4e56d78c38,1.0,ok
trellm-v0.3-iclr-protocol,sha256:3ddd218ecfd8299140911a24b7459bdaeb32ac4b95dd86fabeabef6259942a4b,deepseek__deepseek_v4_flash__synthetic_high_volatility_c0_v0_3__c0__e0__seed_53__sample_2,deepseek,deepseek-v4-flash,api-pinned-2026-07-02,synthetic_high_volatility_c0_v0_3,C0,53,2,E0,24,24,sha256:096a0a4bd7ef93c43ecd19c1f4879214168e7cd40ddc4efefe47e15b6316a5b2,sha256:404756e027d99895699364d287d357c40d499bb89a902a17bb112b38f214e50a,sha256:0b4799a16ebb726bdf6d5efde54d28519f52d7e9bb21034755578f53baaba4e2,sha256:c4e0c2456e9394aa75669179ad30a5a58ab3c83fcaab277a247cc8e8fbd21d29,1.0,ok
trellm-v0.3-iclr-protocol,sha256:26ede7b8fb608a28b625f88f9c43c5999438729a4cb1a9e6853bec130ca145a5,deepseek__deepseek_v4_flash__synthetic_high_volatility_c0_v0_3__c0__e0__seed_7__sample_0,deepseek,deepseek-v4-flash,api-pinned-2026-07-02,synthetic_high_volatility_c0_v0_3,C0,7,0,E0,24,24,sha256:a6e723c1af0eb8e427d8db66f17847563748eea4fbdcbc7278010d9cb103b280,sha256:fb6274ac54dbc91b5a79fb158f7f0d05e29847d2fedd1074c3ca0f37073e527f,sha256:4f76d26e189bdea6832278fc391250fc92a30dd9e5065d34586b64906acac8dc,sha256:926d315c0038e64fe965cf30687dfe286f0ca0c3d328cf5a17251e2edd94650f,1.0,ok
trellm-v0.3-iclr-protocol,sha256:2a5de8765e19fff0be1299bcd8129600ca35173320bd27dd6fbecc2ee85c9c36,deepseek__deepseek_v4_flash__synthetic_high_volatility_c0_v0_3__c0__e0__seed_7__sample_1,deepseek,deepseek-v4-flash,api-pinned-2026-07-02,synthetic_high_volatility_c0_v0_3,C0,7,1,E0,24,24,sha256:1bfd5cf107ca271e4a7d128d5b3a3a41f0f32ce5685c36099bb294deed171b7c,sha256:40179e4cbeff1efef700c7dd342f40b3a994c9a33521f689a1e414e939b7afcd,sha256:6b0857ca35b47dc6f24d98f37a323bdc1b3410b881d8168e726d20a32f9d790d,sha256:6bfaa7c100082d5557432bf96c71c0941c8b8886f43e8a1e65d738e89beb6179,1.0,ok
trellm-v0.3-iclr-protocol,sha256:726042d4a9cd941174e3da9fa781aebd5ac421b8b9a4e38327e81bfbc58f95d2,deepseek__deepseek_v4_flash__synthetic_high_volatility_c0_v0_3__c0__e0__seed_7__sample_2,deepseek,deepseek-v4-flash,api-pinned-2026-07-02,synthetic_high_volatility_c0_v0_3,C0,7,2,E0,24,24,sha256:fe389f3d8860606e0383acdb424bb71b6afc4743913056442951a71ad40a0e40,sha256:a7e3a425fbd1812050f14ad9621619da2bbb3c245fdca90876d9702d76e2c327,sha256:a212e882af8661cf1a252286c9b0426eca0ff167ae2a70bb0666bfc45b7f4690,sha256:edeaacb60186e7d703ba124787fbf1287ab755470c10bd10528579c8fc0c411d,1.0,ok
trellm-v0.3-iclr-protocol,sha256:b45f38cb6b23ef946873f2528823f139f30332618012eaadc1f8cc4090fbcf1a,deepseek__deepseek_v4_flash__synthetic_high_volatility_c0_v0_3__c0__e1__seed_11__sample_0,deepseek,deepseek-v4-flash,api-pinned-2026-07-02,synthetic_high_volatility_c0_v0_3,C0,11,0,E1,24,24,sha256:319fecb84dd0d9131126cfd5f323899304a5b20daf584dec46b3837823d71575,sha256:31ab4638ac522787fa4f487ecd7bdb728b46d3be5472bf4e5f08cf3490664a98,sha256:3507bf191dbd617c9b9a6c8d33aed99710922a9fa689c3b4e2d04777fe16f5d8,sha256:4bc30aca91488551debd1569b8269ba9dfa32599e763c26b004f3ec8cc349754,1.0,ok
trellm-v0.3-iclr-protocol,sha256:3020cb2e71af667612fc1d47a3cfd35f603400de82622c76913e6aac8593bd72,deepseek__deepseek_v4_flash__synthetic_high_volatility_c0_v0_3__c0__e1__seed_11__sample_1,deepseek,deepseek-v4-flash,api-pinned-2026-07-02,synthetic_high_volatility_c0_v0_3,C0,11,1,E1,24,24,sha256:542cb272c7c73812de47f603d691d583849d4f8169bfc860c2a3ee64c9bdb8ca,sha256:a1d847a8ecf3d8c84f72e4f1a4d17d3389fe21c9e8b707192d9435a584321533,sha256:90d9610f10ff82da68f5a8dcaa0ba7525480d78c7ed7d61c4b6c7721000dffd4,sha256:a896120c4cc6500ddf46c322388d24b131fa164caaf365e25c46ba312af99356,1.0,ok
trellm-v0.3-iclr-protocol,sha256:b1fe161a5404195c57d4e679b5538aa70a6b0d89594f38d94742316af92a5678,deepseek__deepseek_v4_flash__synthetic_high_volatility_c0_v0_3__c0__e1__seed_11__sample_2,deepseek,deepseek-v4-flash,api-pinned-2026-07-02,synthetic_high_volatility_c0_v0_3,C0,11,2,E1,24,24,sha256:f4e09e1b23a6fef3b7fafa142f61147535c96a29c6292136fd5ded395011f7df,sha256:2182b1ecbe768ce885bced5bf06be859bb7a427b9abc6b0d9ba8d7ce56f2e38b,sha256:95a27ce2d0436f5592f85861e6c1b7d6ad9e59ba56f6326cb9158f4f37f29e5d,sha256:50e2d837cdc238a9ce06c17332a0f6d30945e689c57e22017e24d08fe82ace20,1.0,ok
trellm-v0.3-iclr-protocol,sha256:8ef20e2a985a46c6afdcb856d95b8490fa0a439e5c0bb1814954ac52620e7c11,deepseek__deepseek_v4_flash__synthetic_high_volatility_c0_v0_3__c0__e1__seed_17__sample_0,deepseek,deepseek-v4-flash,api-pinned-2026-07-02,synthetic_high_volatility_c0_v0_3,C0,17,0,E1,24,24,sha256:7d6b695dfd06bcd13083e6d0a266adb7d5c903377ba8e54055de86bf958a384c,sha256:5ab0e5ff7aadb0aada0a4ffcbc03d5ca90565c5cda0a22b1b5b5dad5d7fa3fc5,sha256:fa681c8afb156a5dd5fa0b3b3f8f7a1bb077fd1b5486a4bb4020f3b6ce47e6ea,sha256:ba32e612a337f1b280d8fff419f9a51b4ddc19dce355f8ef287ca525da783a4b,1.0,ok
trellm-v0.3-iclr-protocol,sha256:ae3be62c2886dd61a0bd50c5965d984fd82ea2b779d7f852cfb9d86a2c9d767d,deepseek__deepseek_v4_flash__synthetic_high_volatility_c0_v0_3__c0__e1__seed_17__sample_1,deepseek,deepseek-v4-flash,api-pinned-2026-07-02,synthetic_high_volatility_c0_v0_3,C0,17,1,E1,24,24,sha256:2a4457ad61c35db1f42f694115eb958b924ee04e56a87b30eec5523839c2b66f,sha256:efab36d9654e19ff75373529aaa72045f5f9283ce629bf9c793e72aba3abe3ad,sha256:6056a4d4e3820f37ec23b3002a769be39d679518314e000cb13164a079fe9873,sha256:a54f07fde3d157e9a579307463b4601c4d4d47d652212efd8bbb189db414d45a,1.0,ok
trellm-v0.3-iclr-protocol,sha256:06d52f7a3cbd61d29457d1237f8bbf8cae779f8326c82a2d132d6ba87106c183,deepseek__deepseek_v4_flash__synthetic_high_volatility_c0_v0_3__c0__e1__seed_17__sample_2,deepseek,deepseek-v4-flash,api-pinned-2026-07-02,synthetic_high_volatility_c0_v0_3,C0,17,2,E1,24,24,sha256:5c97dc158bc08e7af0c29dabadd107d37d3f5c38bae85bcc3985b080b3797701,sha256:f74efc82c8ab179155c1a348f7a95455a297968be2bd0417a6ed699a18543ce5,sha256:ced626c9fb4d098661eedfedbbe3e1918f52e4d0dd91f54b8d50dccad75d3f36,sha256:b1ab92273aa23c08b3ab3ce1853b1b9a56d220f54f51b3986731bcd474349bc7,1.0,ok
trellm-v0.3-iclr-protocol,sha256:1ad33f4a6b289cbbfb1badb648f2f732d00187b29c8fcf3a11661121001956a2,deepseek__deepseek_v4_flash__synthetic_high_volatility_c0_v0_3__c0__e1__seed_23__sample_0,deepseek,deepseek-v4-flash,api-pinned-2026-07-02,synthetic_high_volatility_c0_v0_3,C0,23,0,E1,24,24,sha256:31f7f83ca64829883153907c5b98025669e33a839a913cb175cf043e84079d7a,sha256:09d39b33873d077b28daaf407162ab555c9512ef8c26f29645e514142efc179b,sha256:46b958c1e5587de297d3559511c15428c14f889d1862eb23ba2fb725662485bb,sha256:8f001666f8a4ae9e39070ea3245e256b4927ecb9e9dc20af2f638d66e617f66b,1.0,ok
trellm-v0.3-iclr-protocol,sha256:8ff287e03bf95cc35571f03cfafa3d55ccfb4e6e562b6f81c2022ba045db1c29,deepseek__deepseek_v4_flash__synthetic_high_volatility_c0_v0_3__c0__e1__seed_23__sample_1,deepseek,deepseek-v4-flash,api-pinned-2026-07-02,synthetic_high_volatility_c0_v0_3,C0,23,1,E1,24,24,sha256:a32a34589e4d9db81571440f13b7175341ae1352b2ed2aad19774bd8faf5cf70,sha256:ad5ac910e198eee92a1a432be8caed4894c737e778308e812d14730380a06e9b,sha256:df5909582fe5a44a8950c3df63338aa54ed22ebf358b3e60b8499989de5788a0,sha256:c7b2c9c0a1615d549c7a051d4a73470e92ccc0fd68689cfeaafba6b3029bd4df,1.0,ok
trellm-v0.3-iclr-protocol,sha256:81344549bdd3992158e967562a5c0e944db0337d0edee3ec61fff789bece3ed7,deepseek__deepseek_v4_flash__synthetic_high_volatility_c0_v0_3__c0__e1__seed_23__sample_2,deepseek,deepseek-v4-flash,api-pinned-2026-07-02,synthetic_high_volatility_c0_v0_3,C0,23,2,E1,24,24,sha256:2c93c04f2a4a1e9519a81aaa06cf81498cd31e5d2b3102699b02b76602b525d6,sha256:39900315a1a554411c7cf02996002fc17763c141374d09e4e78228204cff0701,sha256:77890faf516e5abeb555e0ad31e682008331dd8f229e8a63152b3bfb5e941394,sha256:7ec9f24c10299228116bb2a2414e44de746b1013d7b7352de0971e7b7af43858,1.0,ok
trellm-v0.3-iclr-protocol,sha256:23b98e0b204384a6abcae964596f1ded50456c5aa095ef41a6e260fd9d331e3e,deepseek__deepseek_v4_flash__synthetic_high_volatility_c0_v0_3__c0__e1__seed_31__sample_0,deepseek,deepseek-v4-flash,api-pinned-2026-07-02,synthetic_high_volatility_c0_v0_3,C0,31,0,E1,24,24,sha256:6dabbdf5d45caf7473235719d4059683302ece87f1cf84000cf13585f0423e43,sha256:9a7f91bc346c234849afd0d8cfef72cb7fc6b9e590599fba5cf4ce10997162f5,sha256:d92a19b53a5b1d871f0b909ca3a4f3616094c47866831696c26d4db90810f2a9,sha256:f8eca91bf937151a2654f418a11ace53c20804055c284afd025f090cf0109fcc,1.0,ok
trellm-v0.3-iclr-protocol,sha256:10579ade86c0f640b0e2d206b4b8157eccf3ab23e709dc2e835866077d79da9e,deepseek__deepseek_v4_flash__synthetic_high_volatility_c0_v0_3__c0__e1__seed_31__sample_1,deepseek,deepseek-v4-flash,api-pinned-2026-07-02,synthetic_high_volatility_c0_v0_3,C0,31,1,E1,24,24,sha256:67008f97a5788f4385bfa03c16bd1ad84eb25c7b53ddb5ced2944845c5355fc6,sha256:06ebcab16e91f6154626bd6411912b4ad2d35c87ed9119a0150e5c3d7ddf9012,sha256:023692ec9bcc9c925e6a066c9d59cb4c91dda589744ebc855a0084e6c14756a3,sha256:d7baf167a3f380b69c12cb6f2cec56fa524cc620e0a6cf554ab81dec8e4f3298,1.0,ok
trellm-v0.3-iclr-protocol,sha256:fd31f39e417d8a1d90c6b52461ed856080a61f231f4a45e932828a0dafa386ea,deepseek__deepseek_v4_flash__synthetic_high_volatility_c0_v0_3__c0__e1__seed_31__sample_2,deepseek,deepseek-v4-flash,api-pinned-2026-07-02,synthetic_high_volatility_c0_v0_3,C0,31,2,E1,24,24,sha256:02832a879f732e11c31304f4df3333de3060d529f3409a2d73ab3acb3088c2f6,sha256:c4cc4ac7e09e1cae27cf8db484858ddf06681b85bc7670f32d2d96d80d66b657,sha256:10963afaaba8fb7b1d273e0736499812ff908fa2cb71a405b6077598fadaa03c,sha256:59fc11001deaef31c92ea842042b1bacc5cc579adb5f7f80b601a69ef2a5d939,1.0,ok
trellm-v0.3-iclr-protocol,sha256:1be4332fc44316e6f7daaba27ea93224cdb05bf523a3012fe8d682c639508559,deepseek__deepseek_v4_flash__synthetic_high_volatility_c0_v0_3__c0__e1__seed_37__sample_0,deepseek,deepseek-v4-flash,api-pinned-2026-07-02,synthetic_high_volatility_c0_v0_3,C0,37,0,E1,24,24,sha256:e218c96261af365e3c4ca516d73853bd2ef893c73825c5d8602d8f3d362373ad,sha256:aabf3dc90127101bdeca50451b8d5c055e4caba5bebba96e78987a0395c7bece,sha256:1a9d524d9b45a9cd5cf19cc80e468be0c4b0675ec1e263d3ccbdf647b5ed5c59,sha256:5d7d7952b021178068245be5bef2d5845b258262f88117ab759d6e1fe0ea1c49,1.0,ok
trellm-v0.3-iclr-protocol,sha256:d44dd08a30db1a2140e4f506ef5a0d13f3ed76ee6e758c9bd9f16a5142346b6a,deepseek__deepseek_v4_flash__synthetic_high_volatility_c0_v0_3__c0__e1__seed_37__sample_1,deepseek,deepseek-v4-flash,api-pinned-2026-07-02,synthetic_high_volatility_c0_v0_3,C0,37,1,E1,24,24,sha256:76e37bf3b4686a21753709cd5ecbdc3416ae2bec636b10120feab3442a4023d7,sha256:c115772f85db65c813bb6fff225ddf3f82534426040bae5b4df736ad61e01d34,sha256:1d014a86b3f6df5e830630b1e2bb4ae742371fae94c485d7f100d2c88ca08722,sha256:54a5490ba4e42ba051b745a6bcd314b1de805dfe833ca45342540b0962d505ab,1.0,ok
trellm-v0.3-iclr-protocol,sha256:d1be24b9589277b7ed2c964de0b011db24fd953f9f87a693567c18306198406b,deepseek__deepseek_v4_flash__synthetic_high_volatility_c0_v0_3__c0__e1__seed_37__sample_2,deepseek,deepseek-v4-flash,api-pinned-2026-07-02,synthetic_high_volatility_c0_v0_3,C0,37,2,E1,24,24,sha256:4075989c494fea606b1c7adda78830b9dd134b093ef052e7c5c1014a95965217,sha256:27e14aebffb379ea0e220f32b2d7018ccdd1bbb98ca172be561be8f8fa936812,sha256:7a17b47e5430e35c8350adb643b20fbb7a7e90a5a6d9e5e12ac5791f7716e4e1,sha256:c520c665cd31ccadca66e7ce3d24d733c47c01a16abdd803bff31dae2317fe51,1.0,ok
trellm-v0.3-iclr-protocol,sha256:25de67f83aa88406cb7f842efd46d85103457f0ca593ef3207c3353375ac6a25,deepseek__deepseek_v4_flash__synthetic_high_volatility_c0_v0_3__c0__e1__seed_41__sample_0,deepseek,deepseek-v4-flash,api-pinned-2026-07-02,synthetic_high_volatility_c0_v0_3,C0,41,0,E1,24,24,sha256:e9c673028901e8d3deaf4c8ed60d2c85ba3279ed9cab2ff92a16fcca62cb161b,sha256:e07aadcc0ec6fa0f74b683a8ff7fdaeda062a5ee9998cd1e31f3b8a51fd70678,sha256:1f634f555216b64b1add6c4d57b544d3b290b3b4a8d15ea0cde76938ee1879f7,sha256:d4c145c143bb12514e66742f4fb2c8144d741620050c45af05e7fd667be3c37d,1.0,ok
trellm-v0.3-iclr-protocol,sha256:7b5ba8d3aaa1fc6338dea3930fc24ec949abc2f4038128eaa1203e36535e0451,deepseek__deepseek_v4_flash__synthetic_high_volatility_c0_v0_3__c0__e1__seed_41__sample_1,deepseek,deepseek-v4-flash,api-pinned-2026-07-02,synthetic_high_volatility_c0_v0_3,C0,41,1,E1,24,24,sha256:4e35f7d89d7481d210d8dc8f0eaf01fd22aba8c6dd22580679cbd584cf81d1a1,sha256:7263b7ac5892a349d3cb90e4243e35576dbd7958cc8a1ab35a96c030a84af807,sha256:027babdc50961195bcac37e6f4394ae7f639707ba2b9587394b571644b902b65,sha256:19b5d146c8cc1f3e8a979719a7d0bc980fa410bf193ea42ebd504bbba519cf69,1.0,ok
trellm-v0.3-iclr-protocol,sha256:f06ef9d542380f3e8425ff4945ae992c79acda41498c34eaa5a7d38738cd83ea,deepseek__deepseek_v4_flash__synthetic_high_volatility_c0_v0_3__c0__e1__seed_41__sample_2,deepseek,deepseek-v4-flash,api-pinned-2026-07-02,synthetic_high_volatility_c0_v0_3,C0,41,2,E1,24,24,sha256:06131f9e15eb9201c36412db377e69ee0dd69eb7220ad61035f22740236abffd,sha256:d3d4ed90909a2396e37c0c40b030e6f80d61673c0c9fcea8ccc6139dc98f62ab,sha256:c3d145aea2567e06235293deddfdbfdec3ac5141433141d221ae22c249382b41,sha256:754c4696e41a2f07f269d977669fa1abc31c2082fa9607a41e588c491809b1cc,1.0,ok
trellm-v0.3-iclr-protocol,sha256:a3001f1c987afa8e26bec46a3727ef811e18e9c33f22137c384234d9acca44ac,deepseek__deepseek_v4_flash__synthetic_high_volatility_c0_v0_3__c0__e1__seed_43__sample_0,deepseek,deepseek-v4-flash,api-pinned-2026-07-02,synthetic_high_volatility_c0_v0_3,C0,43,0,E1,24,24,sha256:69697897115ec0cad9fed623db4e02b5a749cd3c16ec8acecbf4cf0c1ab3babc,sha256:2625e17a0893d215cf71358cdd022d7544ebd51f56c4b8ede3f62383ff24e58a,sha256:3105c53c3d3bc40ad163378d348a5a3453c3e68fe4abc159f34689da11432280,sha256:ba4b641f0b5395f808fb318226a5a89fc00fcdf52cf1966d37bb383506bcf6b3,1.0,ok
trellm-v0.3-iclr-protocol,sha256:5d53020db0e4363cc6379596e82706859fccec11fe8e64992435e19bf0ffa271,deepseek__deepseek_v4_flash__synthetic_high_volatility_c0_v0_3__c0__e1__seed_43__sample_1,deepseek,deepseek-v4-flash,api-pinned-2026-07-02,synthetic_high_volatility_c0_v0_3,C0,43,1,E1,24,24,sha256:265705001e11ef20db796bdc4896fd765b6b904371afedb328bd2ada1983f58b,sha256:9f52108f4f739fa6b4f747fd24720e7eedb8a49eea9a0fbef84605b477dfa6aa,sha256:be3cb05401d99b0e781130314e9e01a51c6862be9e0166dfe4ddffde097cf4a1,sha256:d298c9a2bf9a236d91995a4e80ab45ac6b18982ec0203ccf3d9a5035089c4287,1.0,ok
trellm-v0.3-iclr-protocol,sha256:d85ed185684151b2aee51920739dc48ed68a5a30be89c69d4ea0100dbdad1ddd,deepseek__deepseek_v4_flash__synthetic_high_volatility_c0_v0_3__c0__e1__seed_43__sample_2,deepseek,deepseek-v4-flash,api-pinned-2026-07-02,synthetic_high_volatility_c0_v0_3,C0,43,2,E1,24,24,sha256:d3524eee8f2702d2eebc65b3ff7ce27eca309620c9ee537347f3389626085967,sha256:fe629e8d3e671e3e76355bc831e6446593a13cd9ff4e8c407b7767a64891533e,sha256:cb255c16605079fdc1042d99417dce265ecef8495ff3ba003e4671e7566b0cf6,sha256:35e44621a57f195de04cabda631ec14c275cc286b2f7399074a67cd0279f425c,1.0,ok
trellm-v0.3-iclr-protocol,sha256:3a0e1ef31157de56a99b6355805d70cf75c50bdb74b0582f2caa9d0569fdcad2,deepseek__deepseek_v4_flash__synthetic_high_volatility_c0_v0_3__c0__e1__seed_47__sample_0,deepseek,deepseek-v4-flash,api-pinned-2026-07-02,synthetic_high_volatility_c0_v0_3,C0,47,0,E1,24,24,sha256:cf9f38c63992ebc81e65877b4e3044cbc5993feffef413ec326c6ca0e4b76a3c,sha256:fc220930d651dfce8a943e1100a2974a397c1e900c0e193d5d9ff681bf2126ba,sha256:36da1cd669153df8ee50321fffd1a3f95b3af02906a88ef17c33edf4e85dabe0,sha256:aa8c741dfad66b7cc804d1c001ba55dd8900144d1975e1ddbe82a6b8c83f6faf,1.0,ok
trellm-v0.3-iclr-protocol,sha256:4dbf4230e8273d82af4992d939bc5663e9f65646ff3a61d17828d85f14a3a7b5,deepseek__deepseek_v4_flash__synthetic_high_volatility_c0_v0_3__c0__e1__seed_47__sample_1,deepseek,deepseek-v4-flash,api-pinned-2026-07-02,synthetic_high_volatility_c0_v0_3,C0,47,1,E1,24,24,sha256:d8be08a51bf1b2ecb6e5c53a7bb5e25991c61d0792de124f8d8121f05d257ae2,sha256:4fe3e8f488c4a705e540d8cb70e85a781f55204de7cd6d779f072b97f12aa401,sha256:9e8e662ba7ee5c4a094fdc19d063338e8f8ad653b3447653cbab7362255ba019,sha256:beb4585fc2f7eaa913e6f3551c6a401586a7072ac2b7f6a9b783b3879a21b704,1.0,ok
trellm-v0.3-iclr-protocol,sha256:d1b26c02881ade7a3102ba1c5b4a62390ef34d63e664a9730d54c4c40768775a,deepseek__deepseek_v4_flash__synthetic_high_volatility_c0_v0_3__c0__e1__seed_47__sample_2,deepseek,deepseek-v4-flash,api-pinned-2026-07-02,synthetic_high_volatility_c0_v0_3,C0,47,2,E1,24,24,sha256:c8ac4c2df451a3404944322b3c185348b86b7f6f0ccba8c6cac5bccc7759e503,sha256:31605250381784bb85e4192f244bcc525881befc00cf11023bb919e21c7cc755,sha256:c66c03787fa6df93b7f7ce9ed0a21ed7f6d77f2a0fd7525160a109116021b4f4,sha256:1eadf5a5947785abcfb537edc4c574d80c150b09c00cf39d1f1d8bd53c07e629,1.0,ok
trellm-v0.3-iclr-protocol,sha256:3ee0ad9d43a33ba350f05bf5a7a5a4a8df80221ed2ed467dfcb206b13262d5dc,deepseek__deepseek_v4_flash__synthetic_high_volatility_c0_v0_3__c0__e1__seed_53__sample_0,deepseek,deepseek-v4-flash,api-pinned-2026-07-02,synthetic_high_volatility_c0_v0_3,C0,53,0,E1,24,24,sha256:9875b3cffa00d192c604193ffa67875e2f388f6b0aa82f289d753cc80d52659f,sha256:58b4c5857b9440424febdaf5a9cbc41c33941bdf86edf37a846ae90b1e30067f,sha256:736fff9ad1aec3d6869e3172f8e3ce330e893cd3ad7cac1355cdb9e09edd74b8,sha256:8ef3c52b97a1fe7363475cbe2c37304708b195805dcadb63aa16e40a1ce1b860,1.0,ok
trellm-v0.3-iclr-protocol,sha256:f26d93113878f26e1133c0120220673825a192e7d3a14afd5a66ec9c53d272b4,deepseek__deepseek_v4_flash__synthetic_high_volatility_c0_v0_3__c0__e1__seed_53__sample_1,deepseek,deepseek-v4-flash,api-pinned-2026-07-02,synthetic_high_volatility_c0_v0_3,C0,53,1,E1,24,24,sha256:792cb1a4e80b543117671aea5463a93b1aa43c63912629e8ab4b93351ce8749a,sha256:a30a8a7a9b70b6ec2cef0e55ee77607f72707aa8309b48252634dd1729fa4b79,sha256:91dae6a1963c71ed0c01768c6c6cc0785c5a8fa8812d3706d78875d22ab61567,sha256:d5564dc8b6454dda94cfd52a53bddfe0f9d68b962b75558042c514d5fbcc32e7,1.0,ok
trellm-v0.3-iclr-protocol,sha256:3ddd218ecfd8299140911a24b7459bdaeb32ac4b95dd86fabeabef6259942a4b,deepseek__deepseek_v4_flash__synthetic_high_volatility_c0_v0_3__c0__e1__seed_53__sample_2,deepseek,deepseek-v4-flash,api-pinned-2026-07-02,synthetic_high_volatility_c0_v0_3,C0,53,2,E1,24,24,sha256:a3aa25633aaf1ca36eacaf7569110d17b20eb4fa2610040c794a12bfbe28db69,sha256:b88224fb6eafb07c95f0b3cb25f9f1c4ce93899e00da6306fbd7e8d2fc65734b,sha256:5a48ce746b3cc39ece4f738965833106270df5a6a26ddbfe2c23d302a0fcfb4a,sha256:1d88c38984af24fd12345039a50cac2e0fd48278f57ae69062e7a91363075fbb,1.0,ok
trellm-v0.3-iclr-protocol,sha256:26ede7b8fb608a28b625f88f9c43c5999438729a4cb1a9e6853bec130ca145a5,deepseek__deepseek_v4_flash__synthetic_high_volatility_c0_v0_3__c0__e1__seed_7__sample_0,deepseek,deepseek-v4-flash,api-pinned-2026-07-02,synthetic_high_volatility_c0_v0_3,C0,7,0,E1,24,24,sha256:2eab59970b20d32b69db021632b6123df432b2b8106b1e928b039ae38e2b1ffd,sha256:56e363b90f5fbf1c5841c0a9343acde5a5d0c60d3a23bcd1f9bbd6c214111c5c,sha256:46a298619c230482457bad0906fa2464077516c5e50179f776fceb1e326f4411,sha256:4f56682b913b0e3ad8a1ed8e8613377b6f6145eaef9127931d74d0f9c19a224d,1.0,ok
trellm-v0.3-iclr-protocol,sha256:2a5de8765e19fff0be1299bcd8129600ca35173320bd27dd6fbecc2ee85c9c36,deepseek__deepseek_v4_flash__synthetic_high_volatility_c0_v0_3__c0__e1__seed_7__sample_1,deepseek,deepseek-v4-flash,api-pinned-2026-07-02,synthetic_high_volatility_c0_v0_3,C0,7,1,E1,24,24,sha256:7775fa2f973bb6e2c1d4edb8f849ee1448cc92f77d6f894d10dfeac25258a4e9,sha256:d12f42e40426cbfcda9ddeb2a1aa2be9daac7ac42489dc46d6d745008c677ad2,sha256:0c7832b83e8ef3b3ee2730c743c418ddd8565725cc26b9eebe7f8c6236fce673,sha256:472102377c3af90daef47dbd61baa65d1f9f558c6cc1b747e19dcb9eb52a4eef,1.0,ok
trellm-v0.3-iclr-protocol,sha256:726042d4a9cd941174e3da9fa781aebd5ac421b8b9a4e38327e81bfbc58f95d2,deepseek__deepseek_v4_flash__synthetic_high_volatility_c0_v0_3__c0__e1__seed_7__sample_2,deepseek,deepseek-v4-flash,api-pinned-2026-07-02,synthetic_high_volatility_c0_v0_3,C0,7,2,E1,24,24,sha256:725184618c99143d628f158ee7be3cdba4d5fe9bdb3b0e8d9127aac7f018d946,sha256:cfba360ac12413eb33858cfb2032b67745ab68520c84636bd8acc8ebc20a9f3c,sha256:97449c630a9d9deeea9c3a1f9e1bf8cbf655f70ad4c15f22e41e1ab28b520c74,sha256:a7d835a6b9de472e5912f9bd594e14fa6d6cc8981bd3dacab525de407e2fabaa,1.0,ok
trellm-v0.3-iclr-protocol,sha256:5631c48fd78197db815775adc84df57793caf1609fce0f83b1009a314322c767,deepseek__deepseek_v4_flash__synthetic_jump_tail_c0_v0_3__c0__e0__seed_11__sample_0,deepseek,deepseek-v4-flash,api-pinned-2026-07-02,synthetic_jump_tail_c0_v0_3,C0,11,0,E0,24,24,sha256:8f7122478a6cd651448ef36d844fcb82d098f1364bc53b8dc1a239806ccfb542,sha256:8a0dda2d6535b20cbc8f3b258dbb57ee16d5473899e12f43b574fabd6587d7ee,sha256:489168418824c63beb11b3e5a33a0cb404fc0abf21c7141c433ce780d1efdfef,sha256:67125a462c99e29eed13d0aad144a884a496a22b737abff0029aaeddb13a20eb,1.0,ok
trellm-v0.3-iclr-protocol,sha256:770885f233ba51e0a987626774907462c0c7de731f74f7b0637ed16685191c59,deepseek__deepseek_v4_flash__synthetic_jump_tail_c0_v0_3__c0__e0__seed_11__sample_1,deepseek,deepseek-v4-flash,api-pinned-2026-07-02,synthetic_jump_tail_c0_v0_3,C0,11,1,E0,24,24,sha256:d5a405b14c1ed3bc10c7c30391a5e4f92302baf4e1d8703b049fdf85f051aa62,sha256:d799d61029cbbf454995b0afcbcaef5e3e0bb6cde60949383953922affe94748,sha256:15c3875e1c6b355021b90a86e9f5f60771e4ee48f790f3ce2b0fb56a4fabb769,sha256:73dfcfaee41f2a0bd447d169a278bf687d97b3dd2d0e91105d1c967d0567a88f,1.0,ok
trellm-v0.3-iclr-protocol,sha256:286bf7d32082e2f83ebb050df0ded034e048358642cb1fdfe515156afd6c48ef,deepseek__deepseek_v4_flash__synthetic_jump_tail_c0_v0_3__c0__e0__seed_11__sample_2,deepseek,deepseek-v4-flash,api-pinned-2026-07-02,synthetic_jump_tail_c0_v0_3,C0,11,2,E0,24,24,sha256:75d4d74f9061165dea4cee087e7ff5583ca10b30518553c0c26604b946db9d15,sha256:d799d61029cbbf454995b0afcbcaef5e3e0bb6cde60949383953922affe94748,sha256:ce192d9d02ea9a24546171fc1b96c2a3410c5bef6b568ae27884802e190b5848,sha256:73dfcfaee41f2a0bd447d169a278bf687d97b3dd2d0e91105d1c967d0567a88f,1.0,ok
trellm-v0.3-iclr-protocol,sha256:d07fbdb4a41e6833789c203f6d3a7c0ded858328b5e440b8c7952ce23586709b,deepseek__deepseek_v4_flash__synthetic_jump_tail_c0_v0_3__c0__e0__seed_17__sample_0,deepseek,deepseek-v4-flash,api-pinned-2026-07-02,synthetic_jump_tail_c0_v0_3,C0,17,0,E0,24,24,sha256:58e8ed20a8ec2225dcbddccbd27328a305f95c4d4e3ee252bc2022bdafabfc2e,sha256:0e8a9454bca2efe05bacad52fb983e1356c82639f655904482c9b2a6d009bfca,sha256:5c51b495294ce7fc28471260dc794ff0468ef08568231a450c65f0c1397e8330,sha256:c749ebb379bb8d2caadd6deff3b6d2af4291aa4a0eb680c3a3b83b1ab578b9d8,1.0,ok
trellm-v0.3-iclr-protocol,sha256:6f6c1152f318243c3fed8f23eeea84256dedf492bd0223f10fc9c89147adc01f,deepseek__deepseek_v4_flash__synthetic_jump_tail_c0_v0_3__c0__e0__seed_17__sample_1,deepseek,deepseek-v4-flash,api-pinned-2026-07-02,synthetic_jump_tail_c0_v0_3,C0,17,1,E0,24,24,sha256:799a4c196033e7b2cb38c17bd12061ff42c04839dc17ccb6393c2d04fbf213b5,sha256:32227d88e94b480caba40d18e288d55b3cae99017ebd015fa19a3ba69520528c,sha256:80eb49e6cceeae9172679bc2f67c55a83e0f8a57cb3821def2c9472229fe47bf,sha256:8a51458d18bb662a3bd52fb54b01200fc5e3d3c3e60b0eaeacefc6d6dff42f74,1.0,ok
trellm-v0.3-iclr-protocol,sha256:6ed553faa7fafad2b673c5f41d7c0498f2d2157753ab7d4c75a6802ce34e5b1f,deepseek__deepseek_v4_flash__synthetic_jump_tail_c0_v0_3__c0__e0__seed_17__sample_2,deepseek,deepseek-v4-flash,api-pinned-2026-07-02,synthetic_jump_tail_c0_v0_3,C0,17,2,E0,24,24,sha256:131b2530c20d366e17b50438790b7f5fd97bf963b5935f338dab6d509d8e2610,sha256:af27999a674b91de6f021ebbe1dcae28ce32ca901f2aa79ae789cb2c9b5d691e,sha256:4897977cc02aff32b75007270fe22a70be1f3d27bd6cca9d70d41497adb384c7,sha256:fe865f9ef43befd0292467e5656cb02d39c5b43716e1b7c5fdbb429f5ebaa099,1.0,ok
trellm-v0.3-iclr-protocol,sha256:579a114da99c28391406e3759a871bcdecc292ad8b36401229d3254d1024a76d,deepseek__deepseek_v4_flash__synthetic_jump_tail_c0_v0_3__c0__e0__seed_23__sample_0,deepseek,deepseek-v4-flash,api-pinned-2026-07-02,synthetic_jump_tail_c0_v0_3,C0,23,0,E0,24,24,sha256:4775c7e0b80ecc6ae86c87424617ffd57f8b1d170bacc9c0b2b1b9ba636e5c9a,sha256:12e44b49a108f52b6e954ff40e5959cbb2eb3b0df47fd8954c2b256f34736136,sha256:f252534215d649e965b9d460902245200fc1defbe891f868c5b8f8b3f3cdf395,sha256:e5b110c1f90f57480a33756e54e2750cfdc77813a1672b126b820fb6933d17f3,1.0,ok
trellm-v0.3-iclr-protocol,sha256:0cff48cd34d060f5e99466528d8f6cf912e0ccc9ea4c69b143cb230ebbab7a73,deepseek__deepseek_v4_flash__synthetic_jump_tail_c0_v0_3__c0__e0__seed_23__sample_1,deepseek,deepseek-v4-flash,api-pinned-2026-07-02,synthetic_jump_tail_c0_v0_3,C0,23,1,E0,24,24,sha256:84af87f6cb8e420308dce2e04842616ad22928445abf098cb7713f4b0ef99ad0,sha256:9dc1d72d12e08c648c27c9101cd51db54957aa89e6148f17e3f160867fb3ae92,sha256:1e45fbec7eeccd9fdee535216421aa89d727b128e243ca1fda3d50db75b58d7d,sha256:5134cc21adf586e7b318d09226e54ac2c4899300bb34408a54aa410813bea207,1.0,ok
trellm-v0.3-iclr-protocol,sha256:1d51b4f82e43626e57de01223e63ad37e9f196475b3b8cc035e0b51960cb5e03,deepseek__deepseek_v4_flash__synthetic_jump_tail_c0_v0_3__c0__e0__seed_23__sample_2,deepseek,deepseek-v4-flash,api-pinned-2026-07-02,synthetic_jump_tail_c0_v0_3,C0,23,2,E0,24,24,sha256:47a34eb80923a3c43b8eacaf3f89c1a4f1acf43ecd026341f9bef5e88db7d75c,sha256:2c308551e556cd23ad961db8179efbf45657a5de72d80b7290a384a16bd22b4d,sha256:ac2e16b801a07399d25669feb2d95037a93d98d26e2c605b55ae6afd33a5be10,sha256:ba78041491df924f8b67e2219e5248d4627cb821b0e29cea24c4060877482719,1.0,ok
trellm-v0.3-iclr-protocol,sha256:ae67d3e432bfa4082cead57de43f4e6e31b21b18e83014ced7287f16d3aaad08,deepseek__deepseek_v4_flash__synthetic_jump_tail_c0_v0_3__c0__e0__seed_31__sample_0,deepseek,deepseek-v4-flash,api-pinned-2026-07-02,synthetic_jump_tail_c0_v0_3,C0,31,0,E0,24,24,sha256:d4343b09f0f7fc49d9980048dadba3f5d24c32b15be450a4750cc0e22997b00c,sha256:ccda240508b70e9effd5d096eae3d7f8bffaafd517522ba37ad329f3f0135cec,sha256:87016e33c741fa90ca12a57aa0804ab22578e933e981fff9fa78fecc24f87e40,sha256:e58aee587641618a9dd0b3e505a38f2a88cf9b54fda503eb65a88e7eb1350983,1.0,ok
trellm-v0.3-iclr-protocol,sha256:075fa1a26630d3ae2db5c517fabdca4837e8b50c64046dfb8854d8f55c450969,deepseek__deepseek_v4_flash__synthetic_jump_tail_c0_v0_3__c0__e0__seed_31__sample_1,deepseek,deepseek-v4-flash,api-pinned-2026-07-02,synthetic_jump_tail_c0_v0_3,C0,31,1,E0,24,24,sha256:f23090a81cfa18a7b687014df6db436cc624e8ffa502d27154fe3b9d706fdfda,sha256:d0a1b853db632fb6477d522b6f5223c15fbab180884d43dbe92b3f2ae78d4d38,sha256:ca8fa45af4f3e6c6e7093672e3696e386fd2d108f5912367660648d2e81a982e,sha256:a51353b3e7450a85627aa6f31ba9b97438fb2998566d0673826b762613559ef0,1.0,ok
trellm-v0.3-iclr-protocol,sha256:42c984c524207fb405aa0236602fc2e04c381e5ae14c73ef62ddd22e2d430b3f,deepseek__deepseek_v4_flash__synthetic_jump_tail_c0_v0_3__c0__e0__seed_31__sample_2,deepseek,deepseek-v4-flash,api-pinned-2026-07-02,synthetic_jump_tail_c0_v0_3,C0,31,2,E0,24,24,sha256:25c7dfd19752f7b6f493096bf11db99c4a38d23b37292bc5f155503b4767a7be,sha256:3729d1fb19c9f038b168a014ff45e5e09f05da7c471238cebbc70dc62b7714fa,sha256:794ed05c234859480a80214a5b708ac2af563f98889014bb695055955f3531ea,sha256:98d3051b90a0b3e7536dc85afeb99cf875b21db24b0f16a56a4ba4736b6a7a42,1.0,ok
trellm-v0.3-iclr-protocol,sha256:ac2c1b4e4062962122578460f5be212e8bda4e6b6eca3a38d7afc1c988c0cb02,deepseek__deepseek_v4_flash__synthetic_jump_tail_c0_v0_3__c0__e0__seed_37__sample_0,deepseek,deepseek-v4-flash,api-pinned-2026-07-02,synthetic_jump_tail_c0_v0_3,C0,37,0,E0,24,24,sha256:870708b48620705cf7ac1307f20859a7bf39b2881bcf1e5cd9da23a04b8042da,sha256:877f2f0d870b034ed9e49c401e5aec7999c5a003a604f181868f68f378f86314,sha256:6e8e074a15576be2cd499addb613ca284c4af5ddab509135a742a38976562c41,sha256:882b6903da743f89d3ac142a33a7e122362f06a5be0ef3f82b1c634f14f94f90,1.0,ok
trellm-v0.3-iclr-protocol,sha256:9f33c8ac760f88ec9fd9802334441cfb653daa82dba17f3c291ac5dbd7560872,deepseek__deepseek_v4_flash__synthetic_jump_tail_c0_v0_3__c0__e0__seed_37__sample_1,deepseek,deepseek-v4-flash,api-pinned-2026-07-02,synthetic_jump_tail_c0_v0_3,C0,37,1,E0,24,24,sha256:56954d6feeedb912a51bb01ded350922341dad144268ee1f8d45b4b5f6d78018,sha256:47628660f712bd429d0e48f2bc91a1a99a078b58366f5d371852035c33a59881,sha256:b445eea9b6465083e2075cb246e2af2e37a4438a6eac68b98d87e98e08442d42,sha256:7ff7e5beb4af55ea234ac776439bec7e72940d8190d0def133d3c8adce95c71f,1.0,ok
trellm-v0.3-iclr-protocol,sha256:9a57b12023d8a028844b29792e108f41cfc72e145598b79ed050f2f9b49c4866,deepseek__deepseek_v4_flash__synthetic_jump_tail_c0_v0_3__c0__e0__seed_37__sample_2,deepseek,deepseek-v4-flash,api-pinned-2026-07-02,synthetic_jump_tail_c0_v0_3,C0,37,2,E0,24,24,sha256:b65bb28c4bdcdc75cfb2a605e7d42f3acb4fe4167ccef1ce3941151ded8a7931,sha256:6bfa58676d51b52dd05cf004d8a537d6c0eaa59ed6021ac78bbdb714d869adac,sha256:59322f0f2ee13151c47c4bd5c7cbd230427a1f695961a28427f564f635b73def,sha256:c98db0973918391b70bf38bb227fd2eafa6d91eb69f4cbc68462af517fe4eb19,1.0,ok
trellm-v0.3-iclr-protocol,sha256:35753c4dba7102460b293be4075227c9a3f817121e4e77c7041c194c18db4a8c,deepseek__deepseek_v4_flash__synthetic_jump_tail_c0_v0_3__c0__e0__seed_41__sample_0,deepseek,deepseek-v4-flash,api-pinned-2026-07-02,synthetic_jump_tail_c0_v0_3,C0,41,0,E0,24,24,sha256:6077c4e7b95b9bab128539f7c5e479001bf4e911d3f4d988165e794c5352f747,sha256:d2723a22491c1d5d12293b9981dd17c1a1e930c9b0c02a7e2b4ce121c1c21c00,sha256:950bb4c7b696fc3fb612e82b89f8d666a173eea5ff89a5dca5548b0896718703,sha256:48b418f9941fbf48dcba1b938093c99023334c91a4d148af9a4385d041d97212,1.0,ok
trellm-v0.3-iclr-protocol,sha256:29238f724703f6f884826232b4a2956a51c24814be7c366f9ade81ea934cf19d,deepseek__deepseek_v4_flash__synthetic_jump_tail_c0_v0_3__c0__e0__seed_41__sample_1,deepseek,deepseek-v4-flash,api-pinned-2026-07-02,synthetic_jump_tail_c0_v0_3,C0,41,1,E0,24,24,sha256:a7418b5e978b265941636dccd98eb64043527fb35937ddc101eb7cf6b8d22cf3,sha256:a5b09fc8b0cb4c0109d12c73e8427f9484ffb1fa249172d8fe9a2da72703fa34,sha256:133e23cdc6a2663cc6ac1b17d03bfb71279ccc53065775da29de64827244e786,sha256:f91258c6a20b5928f3cd230d6d5881d056c46f7d6b658333cc45a088a2caa065,1.0,ok
trellm-v0.3-iclr-protocol,sha256:911cdec52a3357f2e33bc3acaf7e65e4958245722f75c5c000077ecc8b5c0bd4,deepseek__deepseek_v4_flash__synthetic_jump_tail_c0_v0_3__c0__e0__seed_41__sample_2,deepseek,deepseek-v4-flash,api-pinned-2026-07-02,synthetic_jump_tail_c0_v0_3,C0,41,2,E0,24,24,sha256:6deb059c8e076c5c2bf680d6916fcad57b752cf5f0f017a105a3dcef6c5c81d1,sha256:230c8d9a78a64c59f4060ea889abfb3d4680528b418bb4d9dd4cb8638fb5c421,sha256:98ae4b42433369b9828e8aaa13a0dbca5847a6c3125b0c70ea1c7e2d2dc855b2,sha256:7b170d92217d71d0fc38da306a9fecbc4092e88cdfac54eae641f69290254de3,1.0,ok
trellm-v0.3-iclr-protocol,sha256:d6177422e73d1cb2d3be0cf4e167b716f2fc368c39a982d4e795b2b04b09e8b0,deepseek__deepseek_v4_flash__synthetic_jump_tail_c0_v0_3__c0__e0__seed_43__sample_0,deepseek,deepseek-v4-flash,api-pinned-2026-07-02,synthetic_jump_tail_c0_v0_3,C0,43,0,E0,24,24,sha256:d9fa15ffe0a4daa830e2293c5d83682f5bb187b3dd6de2aec36f44d6498eb133,sha256:b56f7e6c461f4c3c66b141a4bac6014a5b6a39851bda6e463018eb0a7a3f85e3,sha256:425bc2289147786a2c5bb3e1d36e177b7bb677f0c71c6f849cc009eefdaf4551,sha256:a690b9271cccc6cf129fbfe384c2622bf2d2c8ffce658d2a9e1c83c57d7ffa8b,1.0,ok
trellm-v0.3-iclr-protocol,sha256:630e2f3d65515b27c689e8c8f0927ebda04a62270785f40fc568e73742dbf992,deepseek__deepseek_v4_flash__synthetic_jump_tail_c0_v0_3__c0__e0__seed_43__sample_1,deepseek,deepseek-v4-flash,api-pinned-2026-07-02,synthetic_jump_tail_c0_v0_3,C0,43,1,E0,24,24,sha256:0c1eeb45a397577538a7d30585b0dfbf6b930eb299e82af7e7a595399bbc62c3,sha256:5ab48b2acff75357f9a7e0d85b49d5880a118bd73d14c3f77339ca5fa98a9670,sha256:9c83b90e1b93b00ef01f4a0a0f06df25a16171c45c14069dcd742cba67ab7880,sha256:49d383956673b952227749d8e9d2db55a97a6d52c918af510967c2671e3df98a,1.0,ok
trellm-v0.3-iclr-protocol,sha256:9bc40de210cecd5db4a35abd878cd5cd57d46303641dfb4a7b8686826829cde6,deepseek__deepseek_v4_flash__synthetic_jump_tail_c0_v0_3__c0__e0__seed_43__sample_2,deepseek,deepseek-v4-flash,api-pinned-2026-07-02,synthetic_jump_tail_c0_v0_3,C0,43,2,E0,24,24,sha256:ecb75a56f4beb2a549062eb9875ea9e596de558d73b6391d929c3bd553ce6e62,sha256:4db5a322dc7839c7bab14800b19d29cc22432f80e73d684f45d1db5b44c61ce1,sha256:8f9fd9a5e28ab60163494acaa4d73458f34cd56b91fe840786374cdead623e1c,sha256:5900d90e0d5cd4e1823534362ecdc4fc92c9756a1fc09922184fa681cb25c699,1.0,ok
trellm-v0.3-iclr-protocol,sha256:4a1d6180ad674d2df7f6bd9b186ebaab8439fb14e92fe204a5013c4725561c13,deepseek__deepseek_v4_flash__synthetic_jump_tail_c0_v0_3__c0__e0__seed_47__sample_0,deepseek,deepseek-v4-flash,api-pinned-2026-07-02,synthetic_jump_tail_c0_v0_3,C0,47,0,E0,24,24,sha256:7a9303495a42819a6ff9d0d4e025c0ce797fcb466f53f2c26eb2fa1d32c54fd3,sha256:9d43b10f3bcdcd64a9278265a97d264161598eb949f0e176d97ca74bc462c760,sha256:98ed302b41ad3f018ac91408d183eb47a0fa89365c8d698f6dfb27f270b6b5ae,sha256:6f3af80d264b6c18d3cdd4eb2bb123d4a35b37d8c0e02ba7f608a3f2a483c535,1.0,ok
trellm-v0.3-iclr-protocol,sha256:ce2bf40998b0f0e8dab9e68c8e4eb66695c2c92355e0d4e95c4391b0beb0283a,deepseek__deepseek_v4_flash__synthetic_jump_tail_c0_v0_3__c0__e0__seed_47__sample_1,deepseek,deepseek-v4-flash,api-pinned-2026-07-02,synthetic_jump_tail_c0_v0_3,C0,47,1,E0,24,24,sha256:ef85bd2e6106ba5c93f1f82c011484aa15e8aa05b3ee211cf1bfaf8641e02c6f,sha256:8653114ae949c6fe81b75f892c446456d552d2610c31d6bcecd1494cd506af5a,sha256:87f00d68a5afab4f29e9bd2ec4f693688d28388442fca7700d1bce526042f864,sha256:f09cb30c444e0861a24e2c89defc33f21c36a9848f27a111f6e287c1ed6275c4,1.0,ok
trellm-v0.3-iclr-protocol,sha256:c9f0fce2c65facd5226e1258c68c9b306eb3812a5ec3270f654b080adbaa9858,deepseek__deepseek_v4_flash__synthetic_jump_tail_c0_v0_3__c0__e0__seed_47__sample_2,deepseek,deepseek-v4-flash,api-pinned-2026-07-02,synthetic_jump_tail_c0_v0_3,C0,47,2,E0,24,24,sha256:afb5745f461090faf077fb1b9aa043a45380d9f65b44e0ce1290a5a676e097a1,sha256:6b986f4f5146ce9ccb310f2b56cad1c9cff9c18f38745911af133ce1edd91cb1,sha256:d5c07564d7ae1defd857e7ab072a85cd97010eddbff78068e88a1f7547e335cb,sha256:8ea77efb99c2898ddef811cfb4c62efadac45248769a1da46409d8b8b3706366,1.0,ok
trellm-v0.3-iclr-protocol,sha256:65c7cdfc730f6359dcfda9a6fef7bc3a1108f642aac0b52149ee788a75602e56,deepseek__deepseek_v4_flash__synthetic_jump_tail_c0_v0_3__c0__e0__seed_53__sample_0,deepseek,deepseek-v4-flash,api-pinned-2026-07-02,synthetic_jump_tail_c0_v0_3,C0,53,0,E0,24,24,sha256:39a132c488c9cbd2266404b98a45012f329dbd081f4212faafb8ba537503aa83,sha256:d4082e02b08fdfb265f6fc01f1150c2549203a31e0c7a27da282240eef56081a,sha256:277f293f82dd2b7a10788da747251b4255f708f864891cce5b59eb80be73ee70,sha256:e10f8489b5a8b855d71a2bc34227d3186fa83ff95ca4e8d278d4d0fe1fd792b6,1.0,ok
trellm-v0.3-iclr-protocol,sha256:231e7f7323b8b8d24c1bfa1a3f4859cf8d34ec6318448e2cbe2d3f4990935e15,deepseek__deepseek_v4_flash__synthetic_jump_tail_c0_v0_3__c0__e0__seed_53__sample_1,deepseek,deepseek-v4-flash,api-pinned-2026-07-02,synthetic_jump_tail_c0_v0_3,C0,53,1,E0,24,24,sha256:6a0da1d37ccd19d6b3b7ccb53218adbda3e41d08b6fa6a7187fd56e9915cdd77,sha256:c755ba3e5f39524964187b171ce54d23a011730ee0e281de0574bbf8d05bb343,sha256:30d5a4a4da26eb8c2a5752f8645dd7d0ff58b390c177b9ffa2b6cb5422bdb5b0,sha256:cc26e8fdec9deb522200cc40c95aba79e4af203fe2900cb6cc10d0f12df56712,1.0,ok
trellm-v0.3-iclr-protocol,sha256:6c5271eaa4237e2d84823133baa3f4188091aa9762e97a6f19380064556af085,deepseek__deepseek_v4_flash__synthetic_jump_tail_c0_v0_3__c0__e0__seed_53__sample_2,deepseek,deepseek-v4-flash,api-pinned-2026-07-02,synthetic_jump_tail_c0_v0_3,C0,53,2,E0,24,24,sha256:772ea65653dec3a4f70dffd26f2ef9147f679de4586d98ed303f184a199583b6,sha256:4e615de37001e8bcc3534ec084c5cf1c34e6e7eb79800db4a8eee386f923609e,sha256:8ee5c922fc8afd0fd69b53465779d1a53eba647ba1af80aa3268e0ce26663494,sha256:9a9558450c475fa51b68e5b4448de11284948964d7928d183992b7368be2bbbf,1.0,ok
trellm-v0.3-iclr-protocol,sha256:17e502b50f488633846f47c444989cd9d9ff1fdcd5e6919f84201d50a360dcf4,deepseek__deepseek_v4_flash__synthetic_jump_tail_c0_v0_3__c0__e0__seed_7__sample_0,deepseek,deepseek-v4-flash,api-pinned-2026-07-02,synthetic_jump_tail_c0_v0_3,C0,7,0,E0,24,24,sha256:003d381998bb428ec0e7945c8d84b7634f5c4e8d9d8688752e5c11d33d7e332d,sha256:598198181cd38d0cbdd4d8c97552bd19f3d15f849a70dd4fd899870f296cbe99,sha256:223e593a08fc48aac8f307700fbdb993b0802a8ffb338650fc425330c0c49af8,sha256:a3c563660548d1b31be141db19680e2da89d09df9e5c062416f1480bf89f325c,1.0,ok
trellm-v0.3-iclr-protocol,sha256:4fee2e6d5b6d62a7ace6692b98b9b19218f790f4f87598b1ab2f109dc108e0fe,deepseek__deepseek_v4_flash__synthetic_jump_tail_c0_v0_3__c0__e0__seed_7__sample_1,deepseek,deepseek-v4-flash,api-pinned-2026-07-02,synthetic_jump_tail_c0_v0_3,C0,7,1,E0,24,24,sha256:c2a364094e6e31bbae449eff05192fb88d0affe9523f9dab2772c5311225013d,sha256:fe3aec27ce4a866e63c581032835f1f24af553665d0aa1a17a584d0d0b4e1552,sha256:8b7c59a1d8bff6f68ee93e11e2245dc2dbb36c40f0c02ac0f78ac667cd9a9c7f,sha256:4d32fca955d3d6fde43da7e69aca8af21b5b712997e3f42b467c19166feb621f,1.0,ok
trellm-v0.3-iclr-protocol,sha256:2f76f4f34741f5093d2c214b5961bd962b832ca312c809a43fa14b80684555f0,deepseek__deepseek_v4_flash__synthetic_jump_tail_c0_v0_3__c0__e0__seed_7__sample_2,deepseek,deepseek-v4-flash,api-pinned-2026-07-02,synthetic_jump_tail_c0_v0_3,C0,7,2,E0,24,24,sha256:5d1dec228db0aeff47b9d85624e1ffcd853a68660bf3646de11c8113abcac004,sha256:1b21de962cbd61332a670ddec6fd06ea47591f02001cbd6c60c6651c8bf0e037,sha256:e78d6873f96070cd74788be27cc6dc9b48f35d3bff75d21ad6d17f82dcd73434,sha256:ef01384d4a8c538b6adba5c0489ae27cbab8e4f99be4965818eb49350d22aecf,1.0,ok
trellm-v0.3-iclr-protocol,sha256:5631c48fd78197db815775adc84df57793caf1609fce0f83b1009a314322c767,deepseek__deepseek_v4_flash__synthetic_jump_tail_c0_v0_3__c0__e1__seed_11__sample_0,deepseek,deepseek-v4-flash,api-pinned-2026-07-02,synthetic_jump_tail_c0_v0_3,C0,11,0,E1,24,24,sha256:5530767eab38f68dd4593709dc4e6fd14182e6ee6eb254897ec5e8149da71374,sha256:99a7f8f32aa4988654074edf0adcc4a080dc88282028eb78a812da5f7e6af10e,sha256:20a2983f407a4abf1ad437cb739943f445e12e3d8729f498e3889074ac56fe7e,sha256:b58f0d14f84271231d8dc5d14478653f975742666711706a7e47fe2d55778705,1.0,ok
trellm-v0.3-iclr-protocol,sha256:770885f233ba51e0a987626774907462c0c7de731f74f7b0637ed16685191c59,deepseek__deepseek_v4_flash__synthetic_jump_tail_c0_v0_3__c0__e1__seed_11__sample_1,deepseek,deepseek-v4-flash,api-pinned-2026-07-02,synthetic_jump_tail_c0_v0_3,C0,11,1,E1,24,24,sha256:76f3a96e249312097cc585fae55e6716cb054222fd352b665f11f6399fc5b112,sha256:a7198191e18a4917cdaf0c39d55f86c4bd19b0a41af94eefae3b0f1bb8094ff3,sha256:f0b4bcc4565ea2a19a0c899a1e4b28ce8391a878a15ce94f7b24f66f7644fc2f,sha256:3642f9e1680b8bb5ed0127fc9e6b9e871e8f8faecc84c997bcfe0e2a18cc0143,1.0,ok
trellm-v0.3-iclr-protocol,sha256:286bf7d32082e2f83ebb050df0ded034e048358642cb1fdfe515156afd6c48ef,deepseek__deepseek_v4_flash__synthetic_jump_tail_c0_v0_3__c0__e1__seed_11__sample_2,deepseek,deepseek-v4-flash,api-pinned-2026-07-02,synthetic_jump_tail_c0_v0_3,C0,11,2,E1,24,24,sha256:1417210f49ca70d3502531e132405d93285e4af543cbfccef36609b315ec1c5b,sha256:5149dec609890fe847134cf8675a8e830d3e50bbff1bdfdba29b5e2c58078633,sha256:006b019b0f5082e934ac1f1a40bb7e433fa4c8e1eeca8cf7c7e0050359d91eb5,sha256:313170d595d8deb700fc1009f2c4c1ae8ffb6a735342a1cabfe69e7ab0459956,1.0,ok
trellm-v0.3-iclr-protocol,sha256:d07fbdb4a41e6833789c203f6d3a7c0ded858328b5e440b8c7952ce23586709b,deepseek__deepseek_v4_flash__synthetic_jump_tail_c0_v0_3__c0__e1__seed_17__sample_0,deepseek,deepseek-v4-flash,api-pinned-2026-07-02,synthetic_jump_tail_c0_v0_3,C0,17,0,E1,24,24,sha256:d09a2be06ee90d91a675c54f0a4f256a1af4f10e0f0447de241bcf1b31a632e8,sha256:52f23605be53773d4b17902590b4eb7f93fe8c906c666f6741960f0e046cd5f6,sha256:e5dfbe473f1e1702379677c176c6fc700683d0f773a7fe44d12f480ad954d08f,sha256:153be47ae2b70df3804cf2b2b36ea5d51a4aeffaa886e2b7c829878ebda4ca6e,1.0,ok
trellm-v0.3-iclr-protocol,sha256:6f6c1152f318243c3fed8f23eeea84256dedf492bd0223f10fc9c89147adc01f,deepseek__deepseek_v4_flash__synthetic_jump_tail_c0_v0_3__c0__e1__seed_17__sample_1,deepseek,deepseek-v4-flash,api-pinned-2026-07-02,synthetic_jump_tail_c0_v0_3,C0,17,1,E1,24,24,sha256:d95780bda7a0d996877706bf660988ce39d33b5d79767f1fb5a0faa3055d30ba,sha256:04b21aa135139a7df58808dc427df2b70c65e28c73134b3b5ea95278b6b8d939,sha256:a3df5c44bdcd29cac1bba9e8b8d519ced059fdd2b08cd6b897d9bf1c3e9f4e2a,sha256:1d1bd6fbb5070e6d69065d57f708cf001f7e52755875158ae3ca014d9270e34c,1.0,ok
trellm-v0.3-iclr-protocol,sha256:6ed553faa7fafad2b673c5f41d7c0498f2d2157753ab7d4c75a6802ce34e5b1f,deepseek__deepseek_v4_flash__synthetic_jump_tail_c0_v0_3__c0__e1__seed_17__sample_2,deepseek,deepseek-v4-flash,api-pinned-2026-07-02,synthetic_jump_tail_c0_v0_3,C0,17,2,E1,24,24,sha256:afe9713b554e68fc9d2508ba2fe52e53ba3f5b7612d74d281b4d17ab405e8af5,sha256:6010b5556ce856a45f4ad314124cad5aa76e922f86b24389c00f3561744e72cb,sha256:16bb3dba3dcd1f6b1ba8918828ed6a9caabe463d8cfbf34ad59cd471e45a6a97,sha256:5aa5e6c14203709dba039342efc06d170fcbc75a02dfdb1dce5cb3359cdfd47f,1.0,ok
trellm-v0.3-iclr-protocol,sha256:579a114da99c28391406e3759a871bcdecc292ad8b36401229d3254d1024a76d,deepseek__deepseek_v4_flash__synthetic_jump_tail_c0_v0_3__c0__e1__seed_23__sample_0,deepseek,deepseek-v4-flash,api-pinned-2026-07-02,synthetic_jump_tail_c0_v0_3,C0,23,0,E1,24,24,sha256:7500f9bbaf5495edd7ad5e1db839cf37947a82d6687ff3f04b258736e4b5fdf3,sha256:50af0e67a73458d72509a75ebb5f2e1707c96aea31892f7ae8e95431101e5a07,sha256:0f09cdbca65a1dcc94df971fdf2442ec63045613724fa6f0a8db08e98f92ccd3,sha256:ba9f849b218bd734f4f6e0177d93cedcdbe88a2da5ac74a8801d9a60c75ffa2a,1.0,ok
trellm-v0.3-iclr-protocol,sha256:0cff48cd34d060f5e99466528d8f6cf912e0ccc9ea4c69b143cb230ebbab7a73,deepseek__deepseek_v4_flash__synthetic_jump_tail_c0_v0_3__c0__e1__seed_23__sample_1,deepseek,deepseek-v4-flash,api-pinned-2026-07-02,synthetic_jump_tail_c0_v0_3,C0,23,1,E1,24,24,sha256:fa55e0ce3670f9870dc8f557f3410a814b47cda759186a2a7676a2d45bce5cff,sha256:a715dc7fd59a3733e0ca24838a487e61bc898ca68fca3c8130fd229388dfee03,sha256:6d37e8ac01bb72fe37a463206d8b8cfe5240aa2b8c208afaea063e07d04f4fc6,sha256:eb3b392de18fd5d20ba62a610348fe2207b68afeb329b00043da2ee8bba08e83,1.0,ok
trellm-v0.3-iclr-protocol,sha256:1d51b4f82e43626e57de01223e63ad37e9f196475b3b8cc035e0b51960cb5e03,deepseek__deepseek_v4_flash__synthetic_jump_tail_c0_v0_3__c0__e1__seed_23__sample_2,deepseek,deepseek-v4-flash,api-pinned-2026-07-02,synthetic_jump_tail_c0_v0_3,C0,23,2,E1,24,24,sha256:5e1bca07106d16e7540f4f2bfb171bf9db48db270351a112c5110f04369ec0eb,sha256:600550a3a1e6508c59259f5f79d9a226adfbf2186d35255e33b74864828cfb9b,sha256:e798ee77f94189f7ce721b1d28443a075c3172395ade937d7b1e81320e8854ff,sha256:a3cabf1e8ce8693152de35281aa19114b21c48961c2452b293b3adb5dd572036,1.0,ok
trellm-v0.3-iclr-protocol,sha256:ae67d3e432bfa4082cead57de43f4e6e31b21b18e83014ced7287f16d3aaad08,deepseek__deepseek_v4_flash__synthetic_jump_tail_c0_v0_3__c0__e1__seed_31__sample_0,deepseek,deepseek-v4-flash,api-pinned-2026-07-02,synthetic_jump_tail_c0_v0_3,C0,31,0,E1,24,24,sha256:940399a8e6b679eb80c26e390077b204a4d750c08dc6625eb8942251e3d4af85,sha256:bb0ffd9e23a6cc8740d2532b1ea0b244b7238c1f0d1628fea72b6b309133fb51,sha256:396131c24db2e2b7a4c84e8159bf73d41463cb03bb0f6c2c7a3952134b0b7b6b,sha256:475b20fc1dcad91332d29586e43bc1bca2d91f16fcf5b9ab1806d4a60cd52885,1.0,ok
trellm-v0.3-iclr-protocol,sha256:075fa1a26630d3ae2db5c517fabdca4837e8b50c64046dfb8854d8f55c450969,deepseek__deepseek_v4_flash__synthetic_jump_tail_c0_v0_3__c0__e1__seed_31__sample_1,deepseek,deepseek-v4-flash,api-pinned-2026-07-02,synthetic_jump_tail_c0_v0_3,C0,31,1,E1,24,24,sha256:00116a2b5d23005a122dc90e4aee2d3ac14d613563480ce069d377a53d661395,sha256:4f1da513d90b881c8240da81d52c1558e2a211b4591ba00efceb621fd89e584e,sha256:21e865dcad3ac0f0cecad9b7c0e8746618e2598c5fa1f0f67faf1ef8f692dce3,sha256:69a3a868563a43c38ef350caa0f0e7ac883dcda45fbcc3d374dad334a234e360,1.0,ok
trellm-v0.3-iclr-protocol,sha256:42c984c524207fb405aa0236602fc2e04c381e5ae14c73ef62ddd22e2d430b3f,deepseek__deepseek_v4_flash__synthetic_jump_tail_c0_v0_3__c0__e1__seed_31__sample_2,deepseek,deepseek-v4-flash,api-pinned-2026-07-02,synthetic_jump_tail_c0_v0_3,C0,31,2,E1,24,24,sha256:b445d1364f61e9c8fd55fabf4aa9c85f74cd1184ba7e4c4d77fb03776eb06116,sha256:c0dcb1da862f5aad183383662581deeb017861618c67ce7b3c3b8658633f20df,sha256:aeadf0c0f1bd2d669248a67316471e751d0e36556944d8966b2e16b77d830c36,sha256:dd3fd240d6edfc588300060eaf73643c495c24f3e49c53e84ae628fc1a077a90,1.0,ok
trellm-v0.3-iclr-protocol,sha256:ac2c1b4e4062962122578460f5be212e8bda4e6b6eca3a38d7afc1c988c0cb02,deepseek__deepseek_v4_flash__synthetic_jump_tail_c0_v0_3__c0__e1__seed_37__sample_0,deepseek,deepseek-v4-flash,api-pinned-2026-07-02,synthetic_jump_tail_c0_v0_3,C0,37,0,E1,24,24,sha256:f1caa0a771f1a8bd7b595f93c788e12cf80f560b8d856c8231604f0c4d59fa06,sha256:d6388160172fd4fc62b088433b27b72dd7c23cd7069afe00a47122621d9c7c1c,sha256:581052abc8b05d1d15f483bce0402766ff38e0f524addb0c013515c0e87ef50c,sha256:e6ac0cdb672d1720ba3bfa97af128bdfa0f7e63012dd6020038fe72d8be8268e,1.0,ok
trellm-v0.3-iclr-protocol,sha256:9f33c8ac760f88ec9fd9802334441cfb653daa82dba17f3c291ac5dbd7560872,deepseek__deepseek_v4_flash__synthetic_jump_tail_c0_v0_3__c0__e1__seed_37__sample_1,deepseek,deepseek-v4-flash,api-pinned-2026-07-02,synthetic_jump_tail_c0_v0_3,C0,37,1,E1,24,24,sha256:b7c0eae08d785fec9fb817c28ca858a33fc343f0218668428d4a2d2f69c97da8,sha256:ee80269ee266f49e56f3e495a52c2fb49da308edfcff19e8aa149226192e45ed,sha256:365e09bdff6cd27c46c55619010b9ed352c6f2a0fa1e990c063a2927733be6e4,sha256:10e90e05fa136d7bfef1d2e2379afa95e3e07628b8f54271d8ae2da44229ab5a,1.0,ok
trellm-v0.3-iclr-protocol,sha256:9a57b12023d8a028844b29792e108f41cfc72e145598b79ed050f2f9b49c4866,deepseek__deepseek_v4_flash__synthetic_jump_tail_c0_v0_3__c0__e1__seed_37__sample_2,deepseek,deepseek-v4-flash,api-pinned-2026-07-02,synthetic_jump_tail_c0_v0_3,C0,37,2,E1,24,24,sha256:e41a71063d0633cc5e92543adf3432a29ffa6fe0beace5d877405b9c237b9f25,sha256:5fa228a556406f4188bf8a0f5bef0baee0aea1a59a90a16c6081c49743aa4ded,sha256:06c437634d511a5816f98f0aa407f27501e3b2ee01a6bc4099def371761e9c1d,sha256:fee2db1fca73653b90f5d5e351fdaf143c4b01cfe8be703c1824f245a817bd10,1.0,ok
trellm-v0.3-iclr-protocol,sha256:35753c4dba7102460b293be4075227c9a3f817121e4e77c7041c194c18db4a8c,deepseek__deepseek_v4_flash__synthetic_jump_tail_c0_v0_3__c0__e1__seed_41__sample_0,deepseek,deepseek-v4-flash,api-pinned-2026-07-02,synthetic_jump_tail_c0_v0_3,C0,41,0,E1,24,24,sha256:7cdb160b20721bf4674c679550720370d18a0b4418530b6cc741f5b101e09c19,sha256:c2d8cf36d576624abf13174319359ed6d6bf7e19d9af961363ddad31cbe89c0c,sha256:067d4f0689871098c6b6e7488f97874c21213b199e0090337f6521d31fba16d3,sha256:40928e92b41ab16bb0216c08a22bbe330546c2535e709cd6db1bac8b26a5e830,1.0,ok
trellm-v0.3-iclr-protocol,sha256:29238f724703f6f884826232b4a2956a51c24814be7c366f9ade81ea934cf19d,deepseek__deepseek_v4_flash__synthetic_jump_tail_c0_v0_3__c0__e1__seed_41__sample_1,deepseek,deepseek-v4-flash,api-pinned-2026-07-02,synthetic_jump_tail_c0_v0_3,C0,41,1,E1,24,24,sha256:169a4919eee299c4c03000fe04ba796d5610a180bea4ccb1b1895e8de309e9b4,sha256:7cc308c0651e4ecdccae99fa7883a8b0b2a1883972665d15df3432ab72da316f,sha256:b819fd479a8b74df309d9db9237d8e4cef3ec90cb5d71fe3c8b738bb2db6cbe5,sha256:9ed9a64ee930b5e36eebdb03acd908c0f412313abae8f3db8011deb9667d98f1,1.0,ok
trellm-v0.3-iclr-protocol,sha256:911cdec52a3357f2e33bc3acaf7e65e4958245722f75c5c000077ecc8b5c0bd4,deepseek__deepseek_v4_flash__synthetic_jump_tail_c0_v0_3__c0__e1__seed_41__sample_2,deepseek,deepseek-v4-flash,api-pinned-2026-07-02,synthetic_jump_tail_c0_v0_3,C0,41,2,E1,24,24,sha256:b256af258578f20fe0b60e6a650ab3daa7c2f43293958536a403d143eab012fd,sha256:12e3252225389aef4a112a2a1a7742842a14bbf74744acfb336276859bf7faf7,sha256:e61c02540f21a172ba9e85e3a34777816e24725eca2705c9a1f685c47a6849b3,sha256:2a9613f9cfff63b28ef43034d87aacd2a0bb2c6120b6958ab253fc73994e371a,1.0,ok
trellm-v0.3-iclr-protocol,sha256:d6177422e73d1cb2d3be0cf4e167b716f2fc368c39a982d4e795b2b04b09e8b0,deepseek__deepseek_v4_flash__synthetic_jump_tail_c0_v0_3__c0__e1__seed_43__sample_0,deepseek,deepseek-v4-flash,api-pinned-2026-07-02,synthetic_jump_tail_c0_v0_3,C0,43,0,E1,24,24,sha256:e0e0ffe66bd89811c936e8bb1e722a6e9c574af3445964787dbef59a004da0db,sha256:490665de26fefeab216f2f1c397e2e9e5dbb43c966338e68b86b77f7b786d3f4,sha256:f589bf50deb47b5905d71295a3ffa466132b8c00f34128881596ac43912926b6,sha256:5976ffec5b437e9e3495afdaacb38877ccedb76914c8723bb46393ce3fbf1f9e,1.0,ok
trellm-v0.3-iclr-protocol,sha256:630e2f3d65515b27c689e8c8f0927ebda04a62270785f40fc568e73742dbf992,deepseek__deepseek_v4_flash__synthetic_jump_tail_c0_v0_3__c0__e1__seed_43__sample_1,deepseek,deepseek-v4-flash,api-pinned-2026-07-02,synthetic_jump_tail_c0_v0_3,C0,43,1,E1,24,24,sha256:9989002c0a0f706d134acfa296232cd5770033e6d988c8262ac1cc7605507627,sha256:fa6daa4c8fb20090ce866cd0d3102a8e4c1055dad8c88dfd117431f0aaeba3c2,sha256:986b121f40acc6caabdfa7d2a6ff3ba46d5a1cc2cedf2af559b942b0ccbc3adf,sha256:a72f401d5fa848cdd2810432c60a0202c58c4b4272eee288067215259c7908e5,1.0,ok
trellm-v0.3-iclr-protocol,sha256:9bc40de210cecd5db4a35abd878cd5cd57d46303641dfb4a7b8686826829cde6,deepseek__deepseek_v4_flash__synthetic_jump_tail_c0_v0_3__c0__e1__seed_43__sample_2,deepseek,deepseek-v4-flash,api-pinned-2026-07-02,synthetic_jump_tail_c0_v0_3,C0,43,2,E1,24,24,sha256:ff458b48954e1672239ff4daf688936a0c48a5a4301b6de88f7e9d2ca8132339,sha256:5b76ec533e117e20217ed793120c60ba5313d88bc317ed6e7138c1aaee8ccec1,sha256:5ea934caab7423d282234acedb6c3b20130325c2ad2041254e5a0618018d6a03,sha256:262ae7a6789990b34243031f2dae40a44ff55c133b891c68b33214ce8411323f,1.0,ok
trellm-v0.3-iclr-protocol,sha256:4a1d6180ad674d2df7f6bd9b186ebaab8439fb14e92fe204a5013c4725561c13,deepseek__deepseek_v4_flash__synthetic_jump_tail_c0_v0_3__c0__e1__seed_47__sample_0,deepseek,deepseek-v4-flash,api-pinned-2026-07-02,synthetic_jump_tail_c0_v0_3,C0,47,0,E1,24,24,sha256:0752c86158598f6741877024fca9116c17a5b6498de5be56581853629ccac13c,sha256:049ee52c29402fbdbf45348f93718dff36f27fe97595d450dd8d1f5228751659,sha256:83deeb82cc2d1a4aaec2ae258365ea8aaaa572d4298aab62fd88fbc31b085ae0,sha256:da3614972e1da1ec429af191bf4fcf3f4c12ce9d90689a4ca8424f8c2525de09,1.0,ok
trellm-v0.3-iclr-protocol,sha256:ce2bf40998b0f0e8dab9e68c8e4eb66695c2c92355e0d4e95c4391b0beb0283a,deepseek__deepseek_v4_flash__synthetic_jump_tail_c0_v0_3__c0__e1__seed_47__sample_1,deepseek,deepseek-v4-flash,api-pinned-2026-07-02,synthetic_jump_tail_c0_v0_3,C0,47,1,E1,24,24,sha256:ce4dbd072dfa5acb4d83cb2fe7bec5e551a661076db09ef3d0d9eb9c3425c0ae,sha256:70a4236156276416fc21c167048f687c0d44cfd7b350dcbbbb104cf71bf34fb7,sha256:b8611c64d0d77fc40a4630484ee790a22b3b9c3118252f041262dc84ded4f058,sha256:12472f07bd9a93eb51926d2a40f0da5c2890f2278b5fcc4ebac48980adaac08a,1.0,ok
trellm-v0.3-iclr-protocol,sha256:c9f0fce2c65facd5226e1258c68c9b306eb3812a5ec3270f654b080adbaa9858,deepseek__deepseek_v4_flash__synthetic_jump_tail_c0_v0_3__c0__e1__seed_47__sample_2,deepseek,deepseek-v4-flash,api-pinned-2026-07-02,synthetic_jump_tail_c0_v0_3,C0,47,2,E1,24,24,sha256:4daaa8c3c2fcd2607f3d2d405262f20eabef2f388c5bdafa3f9df4508db41d4d,sha256:aff4a5e4587a2087a168b56b14654d29d53086f8c8a70c5e77b4f0e490436f10,sha256:361582640346b122a2499085ca701e253f3af1124ddf10b8b26eff2b463f4998,sha256:153c016082c22c18dc628deaf6f690c2a77e57328f850c19254c6a00fc1fc781,1.0,ok
trellm-v0.3-iclr-protocol,sha256:65c7cdfc730f6359dcfda9a6fef7bc3a1108f642aac0b52149ee788a75602e56,deepseek__deepseek_v4_flash__synthetic_jump_tail_c0_v0_3__c0__e1__seed_53__sample_0,deepseek,deepseek-v4-flash,api-pinned-2026-07-02,synthetic_jump_tail_c0_v0_3,C0,53,0,E1,24,24,sha256:1108046f8b985dbd9b03a199b31bcea22969a9b60f4c6329fa92ca7f2493a547,sha256:87410831bab1d1af157a4815c82512f9f77c4ddaad3073097c93fa5d953e8312,sha256:270d8d9b72d4a77f1b17ca9e37fd0d6e062f1a2c0d38ce92b33ec56aaac4ca11,sha256:76824161c004891a3856cfa8e80a1e9d5907aed2c02b29494d6d4d4155aad2b9,1.0,ok
trellm-v0.3-iclr-protocol,sha256:231e7f7323b8b8d24c1bfa1a3f4859cf8d34ec6318448e2cbe2d3f4990935e15,deepseek__deepseek_v4_flash__synthetic_jump_tail_c0_v0_3__c0__e1__seed_53__sample_1,deepseek,deepseek-v4-flash,api-pinned-2026-07-02,synthetic_jump_tail_c0_v0_3,C0,53,1,E1,24,24,sha256:c87a9dcad11e475ac8ca80c177b6961b5b99e46e0303d209e65bc8ec663b2e10,sha256:33507ffee7c31804560b745e6f90686c75910df310b2976493a56b41c1ea77a7,sha256:634a9a4ea695b45c648cee6bac764b96bb775a94bd6c0bf1aefe841b0fe31d58,sha256:5aaf6706679a54c42b44e6536c28eaea8c72aa457dcabdcd861ea47032136af3,1.0,ok
trellm-v0.3-iclr-protocol,sha256:6c5271eaa4237e2d84823133baa3f4188091aa9762e97a6f19380064556af085,deepseek__deepseek_v4_flash__synthetic_jump_tail_c0_v0_3__c0__e1__seed_53__sample_2,deepseek,deepseek-v4-flash,api-pinned-2026-07-02,synthetic_jump_tail_c0_v0_3,C0,53,2,E1,24,24,sha256:5291fd173749403fe366650ce2ec0d8ff076672c64026c27e2c5b26c44d9a795,sha256:2899bf40e5ead25342cb6c90319153a431dd70872aefa92a0a17ed38c7987a7f,sha256:f3a28d085327ed05dbeac7461f2dde810851179a1229b9b8f329957caa28dbbd,sha256:f7221afe0a4d3ac4880deff2319135e6bafca2dab89f1c45575681317df8f092,1.0,ok
trellm-v0.3-iclr-protocol,sha256:17e502b50f488633846f47c444989cd9d9ff1fdcd5e6919f84201d50a360dcf4,deepseek__deepseek_v4_flash__synthetic_jump_tail_c0_v0_3__c0__e1__seed_7__sample_0,deepseek,deepseek-v4-flash,api-pinned-2026-07-02,synthetic_jump_tail_c0_v0_3,C0,7,0,E1,24,24,sha256:64d2f9d7353033fd041a8f98d5aeacf70ad2970c2eb68ebd85b7de6abce1258b,sha256:a761394706b3959a68380d4fc6668613313d86a26e4e1f6f20d20c2457180419,sha256:713f639b8ce4e9dccdcd14901ef608a81fc027bd437c583da88cf525a4adca4a,sha256:8ceb47b05f7d9bfc5cfc6d3aa2514d01d38c9d28404d866351110f4edd89e503,1.0,ok
trellm-v0.3-iclr-protocol,sha256:4fee2e6d5b6d62a7ace6692b98b9b19218f790f4f87598b1ab2f109dc108e0fe,deepseek__deepseek_v4_flash__synthetic_jump_tail_c0_v0_3__c0__e1__seed_7__sample_1,deepseek,deepseek-v4-flash,api-pinned-2026-07-02,synthetic_jump_tail_c0_v0_3,C0,7,1,E1,24,24,sha256:f22d0016c7ee474d48d545c274e44f5e8dd29f7baa74f7ffe453802e84fdf7bf,sha256:fc54d611706c9249b992fce6ee66fe9722d2783866701cc609a3dcbee4d8a073,sha256:89f58f52c7cf94817c4b8e3639409e61033c6d70946b096ab79423ec1b46e095,sha256:ee0a167a864f421e80d59585fe6613e3b18a4290867ae27f4fa1cb266efc2184,1.0,ok
trellm-v0.3-iclr-protocol,sha256:2f76f4f34741f5093d2c214b5961bd962b832ca312c809a43fa14b80684555f0,deepseek__deepseek_v4_flash__synthetic_jump_tail_c0_v0_3__c0__e1__seed_7__sample_2,deepseek,deepseek-v4-flash,api-pinned-2026-07-02,synthetic_jump_tail_c0_v0_3,C0,7,2,E1,24,24,sha256:00b69f371ef97f4d5db13fabaf21e5a2081d3727313afd5cba114bf0886c0272,sha256:76c300f376d50ce50ae82579de9044c5cbb3c4e2275d35cc27a9b9d2f7cc33b8,sha256:1c7ecb62f7e909a5e334f37f342cfcd41868f77a540abae69eb46231e9dbba6f,sha256:28f983472b3216eac73cdc11603851cae3fe75e2da9721a774775ddd74695ee1,1.0,ok
trellm-v0.3-iclr-protocol,sha256:9d532465513d3ea020f1c8cc113adf8ee2455e36b29b58c619afabe16afe09c4,deepseek__deepseek_v4_pro__synthetic_calm_trend_c0_v0_3__c0__e0__seed_11__sample_0,deepseek,deepseek-v4-pro,api-pinned-2026-07-02,synthetic_calm_trend_c0_v0_3,C0,11,0,E0,24,24,sha256:466dbda92292e0c479c1f9556147e170dcf22b58041e22417cfee849a9c067ac,sha256:fd47e3ea9a1d8e7d8bea652fa79928d7bca54f8ab668d955b78857e0b088e232,sha256:7b665d8569ffd7c6886dc279052fedcb0c2f983f3bb1acd92c084a8c97b1a69e,sha256:f8216e0ee0fb08b645532bf600e9e968e1c19fb1d39f392dcaf92a65781ca553,1.0,ok
trellm-v0.3-iclr-protocol,sha256:cb04b6e9a4b7914127a27696eb553db3ef65f9be5a7273079b8f6cf8396ead71,deepseek__deepseek_v4_pro__synthetic_calm_trend_c0_v0_3__c0__e0__seed_11__sample_1,deepseek,deepseek-v4-pro,api-pinned-2026-07-02,synthetic_calm_trend_c0_v0_3,C0,11,1,E0,24,24,sha256:bfb6dc2afac99d283effe4594610e6a33cda9548b2f7550622141fbf8df226d7,sha256:fd47e3ea9a1d8e7d8bea652fa79928d7bca54f8ab668d955b78857e0b088e232,sha256:eef4fa00a241cb0431500a09e485b9f620a6e8beb4b66ac288f24176e4206db2,sha256:f8216e0ee0fb08b645532bf600e9e968e1c19fb1d39f392dcaf92a65781ca553,1.0,ok
trellm-v0.3-iclr-protocol,sha256:78a35f99258e1d9c9786f5ac908f9c2bd55d53a3aa6edeecd64b8de0e827af6f,deepseek__deepseek_v4_pro__synthetic_calm_trend_c0_v0_3__c0__e0__seed_11__sample_2,deepseek,deepseek-v4-pro,api-pinned-2026-07-02,synthetic_calm_trend_c0_v0_3,C0,11,2,E0,24,24,sha256:39985f283cfb3d0e57f7ed7d840898114d6d88c373f2c9d2ef63fda0c9854154,sha256:fd47e3ea9a1d8e7d8bea652fa79928d7bca54f8ab668d955b78857e0b088e232,sha256:5f1ba764d23c96453ca7752785ab486edce2bf815621a934d76d3f4b23cefa96,sha256:f8216e0ee0fb08b645532bf600e9e968e1c19fb1d39f392dcaf92a65781ca553,1.0,ok
trellm-v0.3-iclr-protocol,sha256:922ab856c357d0f457d9d674c71267aa40cffa1bb1f6eb1adb271e600430cee6,deepseek__deepseek_v4_pro__synthetic_calm_trend_c0_v0_3__c0__e0__seed_17__sample_0,deepseek,deepseek-v4-pro,api-pinned-2026-07-02,synthetic_calm_trend_c0_v0_3,C0,17,0,E0,24,24,sha256:36030985fbee680b43808a983f32c8f619758103fd2573c17530f83e191aa5a4,sha256:b07636105b881b22087515eede94ac2d150d680da7a680aa94f51d886b6c7bc1,sha256:77ad5633af1f7120ffa519235d3a1776489ec2449febff035efe4cb28bd68ae1,sha256:f8216e0ee0fb08b645532bf600e9e968e1c19fb1d39f392dcaf92a65781ca553,1.0,ok
trellm-v0.3-iclr-protocol,sha256:15bb88ef1419961ce94e6a6ef6bc510ba51183d059143cade6b55634df653fcb,deepseek__deepseek_v4_pro__synthetic_calm_trend_c0_v0_3__c0__e0__seed_17__sample_1,deepseek,deepseek-v4-pro,api-pinned-2026-07-02,synthetic_calm_trend_c0_v0_3,C0,17,1,E0,24,24,sha256:02cbdecaa3b5c3c9bf9abf66a4a4951275b8d8c00ec6a079482e1e45440819d6,sha256:b07636105b881b22087515eede94ac2d150d680da7a680aa94f51d886b6c7bc1,sha256:b08d1c21c53cd535adb7f1e8ae13911896fe5d10e86ca778f32414157b9c68b4,sha256:f8216e0ee0fb08b645532bf600e9e968e1c19fb1d39f392dcaf92a65781ca553,1.0,ok
trellm-v0.3-iclr-protocol,sha256:0fc856de88269908097525b94e6ed20f8ca2a18da5b52d1379aa50f1555f6686,deepseek__deepseek_v4_pro__synthetic_calm_trend_c0_v0_3__c0__e0__seed_17__sample_2,deepseek,deepseek-v4-pro,api-pinned-2026-07-02,synthetic_calm_trend_c0_v0_3,C0,17,2,E0,24,24,sha256:f9156e4b84550cde96c75cbd5ea08fa0dfe67e9bf46e11fa7e1eb109f8d93396,sha256:b07636105b881b22087515eede94ac2d150d680da7a680aa94f51d886b6c7bc1,sha256:6567193391009cea3086564920f0451bcf6652a3a4fd8f244134eb23b8255296,sha256:f8216e0ee0fb08b645532bf600e9e968e1c19fb1d39f392dcaf92a65781ca553,1.0,ok
trellm-v0.3-iclr-protocol,sha256:a37a3188a99bf64c6d6deeec0d131c0960372df9a9d616f02157fea2639ecd77,deepseek__deepseek_v4_pro__synthetic_calm_trend_c0_v0_3__c0__e0__seed_23__sample_0,deepseek,deepseek-v4-pro,api-pinned-2026-07-02,synthetic_calm_trend_c0_v0_3,C0,23,0,E0,24,24,sha256:46996856861910ad6d68f93a5902a5176c39c2961ecebc87353556f09d0f1d05,sha256:a75e85a1d8e34f1b4bdda3bcff05176d6340f0525cce32028c0936d64001658b,sha256:fd978f5604693a0cee4321d58bc782a68612ccd0edb9834f30fd27fd774d8e13,sha256:f8216e0ee0fb08b645532bf600e9e968e1c19fb1d39f392dcaf92a65781ca553,1.0,ok
trellm-v0.3-iclr-protocol,sha256:53041623f9e594e31691983fcdc29534a11fdd43a0a17082bc4016752eca6d3f,deepseek__deepseek_v4_pro__synthetic_calm_trend_c0_v0_3__c0__e0__seed_23__sample_1,deepseek,deepseek-v4-pro,api-pinned-2026-07-02,synthetic_calm_trend_c0_v0_3,C0,23,1,E0,24,24,sha256:35102357a7554a0f6f64f649cc637bc01d1f05d8c8e66a14338c93586a25cf49,sha256:a75e85a1d8e34f1b4bdda3bcff05176d6340f0525cce32028c0936d64001658b,sha256:35a0f3818dcbe41109584349a653b64c726329277a77337a2766e74f3e77fe72,sha256:f8216e0ee0fb08b645532bf600e9e968e1c19fb1d39f392dcaf92a65781ca553,1.0,ok
trellm-v0.3-iclr-protocol,sha256:9fcba586186c62506e646edc47f93c84976add0c6663fb84adda5388622b6269,deepseek__deepseek_v4_pro__synthetic_calm_trend_c0_v0_3__c0__e0__seed_23__sample_2,deepseek,deepseek-v4-pro,api-pinned-2026-07-02,synthetic_calm_trend_c0_v0_3,C0,23,2,E0,24,24,sha256:f3f089ef3b7f76cc247bb6c9c33e69be4e984362ca8836f2c8f7157d8ae8608e,sha256:a75e85a1d8e34f1b4bdda3bcff05176d6340f0525cce32028c0936d64001658b,sha256:6a404ff4ea767308d308bcb24a43960bada3a8e54f1bc6f650eb72bbccd4f526,sha256:f8216e0ee0fb08b645532bf600e9e968e1c19fb1d39f392dcaf92a65781ca553,1.0,ok
trellm-v0.3-iclr-protocol,sha256:6af2fe3a153de04a9e8d03de1067d7917f7a66b0f91cecdd7fb1c085697e267b,deepseek__deepseek_v4_pro__synthetic_calm_trend_c0_v0_3__c0__e0__seed_31__sample_0,deepseek,deepseek-v4-pro,api-pinned-2026-07-02,synthetic_calm_trend_c0_v0_3,C0,31,0,E0,24,24,sha256:e7d0a5148b754506ebc3633edf554e520087acbe46c6ea196ef45e3583f0e62a,sha256:6a81f5d4c6424c63b5e1174a33a2ce1f4a3d3c3627d7352ca6c4b7a6e3064b5d,sha256:19a8fa02d8769fb24970f9d1c8ce7e6e493f4c7e90f1584a22b472bbf4a884e1,sha256:f8216e0ee0fb08b645532bf600e9e968e1c19fb1d39f392dcaf92a65781ca553,1.0,ok
trellm-v0.3-iclr-protocol,sha256:becc74d30fca08053c43445fbba85940eb4debb9f8ec843b059b34cbd523f509,deepseek__deepseek_v4_pro__synthetic_calm_trend_c0_v0_3__c0__e0__seed_31__sample_1,deepseek,deepseek-v4-pro,api-pinned-2026-07-02,synthetic_calm_trend_c0_v0_3,C0,31,1,E0,24,24,sha256:e288410f6e98c26ce91807b3f726c26db4ae140f4f15a53b1b753438cca2ea40,sha256:6a81f5d4c6424c63b5e1174a33a2ce1f4a3d3c3627d7352ca6c4b7a6e3064b5d,sha256:eaa4cc68b68498a3a7ed9e369b8acc1cd75e78366bd706cf058bf02f874ce8a0,sha256:f8216e0ee0fb08b645532bf600e9e968e1c19fb1d39f392dcaf92a65781ca553,1.0,ok
trellm-v0.3-iclr-protocol,sha256:92fcd6649f96cd0cdd60da041db02a5406ffad2315ee39251051ce7200693879,deepseek__deepseek_v4_pro__synthetic_calm_trend_c0_v0_3__c0__e0__seed_31__sample_2,deepseek,deepseek-v4-pro,api-pinned-2026-07-02,synthetic_calm_trend_c0_v0_3,C0,31,2,E0,24,24,sha256:26b520da52fa7f6a1dd4aafab144d0f22feed66fb121ab5ae5649c9a9bdb67bc,sha256:6a81f5d4c6424c63b5e1174a33a2ce1f4a3d3c3627d7352ca6c4b7a6e3064b5d,sha256:a35e4090b22bf85731db63112e409bedf8dc75234f0e9a170aa8950fdb907eae,sha256:f8216e0ee0fb08b645532bf600e9e968e1c19fb1d39f392dcaf92a65781ca553,1.0,ok
trellm-v0.3-iclr-protocol,sha256:b9594f77affc1efffd78b8fa54c8332c513ac7234d3b3fb107624d8b5199f34f,deepseek__deepseek_v4_pro__synthetic_calm_trend_c0_v0_3__c0__e0__seed_37__sample_0,deepseek,deepseek-v4-pro,api-pinned-2026-07-02,synthetic_calm_trend_c0_v0_3,C0,37,0,E0,24,24,sha256:ee577394e2960815946cb048ce3bf5494c8e0fe4db523320915dfa27f7720755,sha256:7b3b19a857c173c630984af384dd38280bfd4eff4b177c5e6478d9c4eb7df45f,sha256:6e3d458e1b0f1a5473e303d6ac3b5811a9d972b1556d34fe83d74af2045927d5,sha256:f8216e0ee0fb08b645532bf600e9e968e1c19fb1d39f392dcaf92a65781ca553,1.0,ok
trellm-v0.3-iclr-protocol,sha256:2d94c8fd551ea6e7ef2bb41275337444e7b7d13e8301ed2215cd333f1397dd5a,deepseek__deepseek_v4_pro__synthetic_calm_trend_c0_v0_3__c0__e0__seed_37__sample_1,deepseek,deepseek-v4-pro,api-pinned-2026-07-02,synthetic_calm_trend_c0_v0_3,C0,37,1,E0,24,24,sha256:2e72f4b92ecba55a7376f1b9b855b09ece8d470ba2e6e404cb4e7a625f9189ef,sha256:7b3b19a857c173c630984af384dd38280bfd4eff4b177c5e6478d9c4eb7df45f,sha256:4fd72e09e158138156ec85fcb44946f09d31ab2d73b2fa8947e88ec9fa584df4,sha256:f8216e0ee0fb08b645532bf600e9e968e1c19fb1d39f392dcaf92a65781ca553,1.0,ok
trellm-v0.3-iclr-protocol,sha256:4d6fc463af064a47d0f8420fe448ba1ca774de0dc228423a128df3fdace672b1,deepseek__deepseek_v4_pro__synthetic_calm_trend_c0_v0_3__c0__e0__seed_37__sample_2,deepseek,deepseek-v4-pro,api-pinned-2026-07-02,synthetic_calm_trend_c0_v0_3,C0,37,2,E0,24,24,sha256:7a538f310b9b302ca65b8fabe6e2acd64af929b18449cace4faf279114e360e1,sha256:7b3b19a857c173c630984af384dd38280bfd4eff4b177c5e6478d9c4eb7df45f,sha256:7be8e7232fc6c0e8845a7568c07b31ae3f33c8196948e16c354f84ea68dbf4e5,sha256:f8216e0ee0fb08b645532bf600e9e968e1c19fb1d39f392dcaf92a65781ca553,1.0,ok
trellm-v0.3-iclr-protocol,sha256:885a322ac8f82da64f40f0f04564a1ddaa3c97ff53b2190aca506ffd53c848ff,deepseek__deepseek_v4_pro__synthetic_calm_trend_c0_v0_3__c0__e0__seed_41__sample_0,deepseek,deepseek-v4-pro,api-pinned-2026-07-02,synthetic_calm_trend_c0_v0_3,C0,41,0,E0,24,24,sha256:9e196ad2a84d9ff4fbdbc9f8e4e4d26bf5ed6895bc3e5c52676984726004ae24,sha256:d9fe69cf770b9c8838a58998179c441b05644e81c28e70d18d8f7357d7dee01c,sha256:f7e977d840b12aaba90ad7164dd95a134b678df5b11e94f9b748faa55a574181,sha256:f8216e0ee0fb08b645532bf600e9e968e1c19fb1d39f392dcaf92a65781ca553,1.0,ok
trellm-v0.3-iclr-protocol,sha256:1d13c77cadf48714865fa3a24c1dd83dd565d29d642328a970d7e200b24aed96,deepseek__deepseek_v4_pro__synthetic_calm_trend_c0_v0_3__c0__e0__seed_41__sample_1,deepseek,deepseek-v4-pro,api-pinned-2026-07-02,synthetic_calm_trend_c0_v0_3,C0,41,1,E0,24,24,sha256:033a42f87a1f109101a7cb85d25e57a14a99ebd6300dc91be0ce489874d32781,sha256:d9fe69cf770b9c8838a58998179c441b05644e81c28e70d18d8f7357d7dee01c,sha256:3daa5185960921e14ea34e2261f15cdf8338f3980d7097659855de2cec677235,sha256:f8216e0ee0fb08b645532bf600e9e968e1c19fb1d39f392dcaf92a65781ca553,1.0,ok
trellm-v0.3-iclr-protocol,sha256:a4fb67937531d9766b2177ff21a240d1142f5aeda4901e608a1a1428a1363252,deepseek__deepseek_v4_pro__synthetic_calm_trend_c0_v0_3__c0__e0__seed_41__sample_2,deepseek,deepseek-v4-pro,api-pinned-2026-07-02,synthetic_calm_trend_c0_v0_3,C0,41,2,E0,24,24,sha256:f6ca90dfa9ab4c893219d4d484719325b802da58fa083dfd08a9819b85c98e9f,sha256:d9fe69cf770b9c8838a58998179c441b05644e81c28e70d18d8f7357d7dee01c,sha256:fe79be2b3a6a105ac938ee07a7fb397429e88abe3d5e94c91b922263e78985f6,sha256:f8216e0ee0fb08b645532bf600e9e968e1c19fb1d39f392dcaf92a65781ca553,1.0,ok
trellm-v0.3-iclr-protocol,sha256:87fa8ad3e64b82df51ebb51ab1db05325d67a0fadafe137a3193959fbe2f5e15,deepseek__deepseek_v4_pro__synthetic_calm_trend_c0_v0_3__c0__e0__seed_43__sample_0,deepseek,deepseek-v4-pro,api-pinned-2026-07-02,synthetic_calm_trend_c0_v0_3,C0,43,0,E0,24,24,sha256:05d24c9d74fe206b2d9b46589ea5a271055ba4379164e48cd09d2f3795247b70,sha256:776197e1d5359a7374cc3255c011ae2db113d6dfd725fdc8ebdee896534f8560,sha256:bb04738abc67d61e7c7075024116914b17275f7e8e12ddefe1f454669c6b590f,sha256:f8216e0ee0fb08b645532bf600e9e968e1c19fb1d39f392dcaf92a65781ca553,1.0,ok
trellm-v0.3-iclr-protocol,sha256:799463eeb06e9c2c9fc8f8c3497496b1ff55fd3d86e75a4d39cee5dd216acd8a,deepseek__deepseek_v4_pro__synthetic_calm_trend_c0_v0_3__c0__e0__seed_43__sample_1,deepseek,deepseek-v4-pro,api-pinned-2026-07-02,synthetic_calm_trend_c0_v0_3,C0,43,1,E0,24,24,sha256:875545648f6619fe7ecec12ab95b1546826eafefb03b1b75518dde92250f908e,sha256:776197e1d5359a7374cc3255c011ae2db113d6dfd725fdc8ebdee896534f8560,sha256:71711180c08f97c67770cea758d719d9ae10bac20bd08cf4a2821789c0a31a15,sha256:f8216e0ee0fb08b645532bf600e9e968e1c19fb1d39f392dcaf92a65781ca553,1.0,ok
trellm-v0.3-iclr-protocol,sha256:7153ca521c7d96c2fc195c24f9ef30706899ccdfc3825bd2a21751a8823fa3a0,deepseek__deepseek_v4_pro__synthetic_calm_trend_c0_v0_3__c0__e0__seed_43__sample_2,deepseek,deepseek-v4-pro,api-pinned-2026-07-02,synthetic_calm_trend_c0_v0_3,C0,43,2,E0,24,24,sha256:d8b5765ec451a3a1650644924615e575bf0c18c6055a2385f2dbc7e319922ccb,sha256:776197e1d5359a7374cc3255c011ae2db113d6dfd725fdc8ebdee896534f8560,sha256:558be663c92d9b7160ccb1e417dc3e720a7fc3a1686830b00a1eec90950f76b3,sha256:f8216e0ee0fb08b645532bf600e9e968e1c19fb1d39f392dcaf92a65781ca553,1.0,ok
trellm-v0.3-iclr-protocol,sha256:94252426c291475d4cf9f7762bb610be80864c835c56308f3b5fd1a61df9c55d,deepseek__deepseek_v4_pro__synthetic_calm_trend_c0_v0_3__c0__e0__seed_47__sample_0,deepseek,deepseek-v4-pro,api-pinned-2026-07-02,synthetic_calm_trend_c0_v0_3,C0,47,0,E0,24,24,sha256:e1673becae84217e17470f58da42771f14a555b86e8f190017988d8d84d3b83a,sha256:35191ba9466c47c980a2420e3226a84577b43b1c7a888e809d264313ef7fcc84,sha256:7be8e7232fc6c0e8845a7568c07b31ae3f33c8196948e16c354f84ea68dbf4e5,sha256:f8216e0ee0fb08b645532bf600e9e968e1c19fb1d39f392dcaf92a65781ca553,1.0,ok
trellm-v0.3-iclr-protocol,sha256:44b82107e3be109c7d72ca42c19b8caca49a14d8f5c3114d5aaaf28cd09aec10,deepseek__deepseek_v4_pro__synthetic_calm_trend_c0_v0_3__c0__e0__seed_47__sample_1,deepseek,deepseek-v4-pro,api-pinned-2026-07-02,synthetic_calm_trend_c0_v0_3,C0,47,1,E0,24,24,sha256:625b5204424682224dffd1abc40c10bd08d6f00717b0fe9f9a1fa2492daa5331,sha256:35191ba9466c47c980a2420e3226a84577b43b1c7a888e809d264313ef7fcc84,sha256:71d932ec2b99661f059baa230735daeb743cf9fc36050293427265d34a40c694,sha256:f8216e0ee0fb08b645532bf600e9e968e1c19fb1d39f392dcaf92a65781ca553,1.0,ok
trellm-v0.3-iclr-protocol,sha256:04f42f61021a73bc0bd5cf0203ac2af9b91dc66bc9911a8e6e765439dcedf146,deepseek__deepseek_v4_pro__synthetic_calm_trend_c0_v0_3__c0__e0__seed_47__sample_2,deepseek,deepseek-v4-pro,api-pinned-2026-07-02,synthetic_calm_trend_c0_v0_3,C0,47,2,E0,24,24,sha256:13021689c4c8bdbe32d21d51375c9f5950ed01004fcc7790dd35ccd5a8635725,sha256:35191ba9466c47c980a2420e3226a84577b43b1c7a888e809d264313ef7fcc84,sha256:3b25abcf7dbeed8cb43bb530459840a1766ce0982af7ba17c5572f3f72695d57,sha256:f8216e0ee0fb08b645532bf600e9e968e1c19fb1d39f392dcaf92a65781ca553,1.0,ok
trellm-v0.3-iclr-protocol,sha256:97ff33140d8b11e30246a222185dd4798c347b7fd540c70f758c4190d00d29d3,deepseek__deepseek_v4_pro__synthetic_calm_trend_c0_v0_3__c0__e0__seed_53__sample_0,deepseek,deepseek-v4-pro,api-pinned-2026-07-02,synthetic_calm_trend_c0_v0_3,C0,53,0,E0,24,24,sha256:1aa0c20eabfe22c50cda6f8861b74b667a1a92adf3b9a1f87f57c603883fd775,sha256:14e186bf9e4c436aa1710dc14c965eff9cf2a427faf77f887cd4f0e8f728947d,sha256:b08d1c21c53cd535adb7f1e8ae13911896fe5d10e86ca778f32414157b9c68b4,sha256:f8216e0ee0fb08b645532bf600e9e968e1c19fb1d39f392dcaf92a65781ca553,1.0,ok
trellm-v0.3-iclr-protocol,sha256:9ec8d715cec907c9c2f1f66af815bc7173116ba59113a2cfc9596154f5a2c1b0,deepseek__deepseek_v4_pro__synthetic_calm_trend_c0_v0_3__c0__e0__seed_53__sample_1,deepseek,deepseek-v4-pro,api-pinned-2026-07-02,synthetic_calm_trend_c0_v0_3,C0,53,1,E0,24,24,sha256:b3c651bb4dc76ed30987e89cfd501f4e9e7700b3fcc194dabd7a1027494e7c17,sha256:14e186bf9e4c436aa1710dc14c965eff9cf2a427faf77f887cd4f0e8f728947d,sha256:3daa5185960921e14ea34e2261f15cdf8338f3980d7097659855de2cec677235,sha256:f8216e0ee0fb08b645532bf600e9e968e1c19fb1d39f392dcaf92a65781ca553,1.0,ok
trellm-v0.3-iclr-protocol,sha256:b9fcb50f077d3e80f9f21f4c6825f2b62b22c83d1709b310972028cc278c38ee,deepseek__deepseek_v4_pro__synthetic_calm_trend_c0_v0_3__c0__e0__seed_53__sample_2,deepseek,deepseek-v4-pro,api-pinned-2026-07-02,synthetic_calm_trend_c0_v0_3,C0,53,2,E0,24,24,sha256:efff76a0da525a9dece8ace463e459cbb587d7222536cc5a6a38ca54a9cf50a0,sha256:14e186bf9e4c436aa1710dc14c965eff9cf2a427faf77f887cd4f0e8f728947d,sha256:a9ace138c4eadaf7329b0f1e0034f8e173e035e6ff049e61185db26ac8e40519,sha256:f8216e0ee0fb08b645532bf600e9e968e1c19fb1d39f392dcaf92a65781ca553,1.0,ok
trellm-v0.3-iclr-protocol,sha256:52f859e889f042c3b100f7f4ef1d4fa8ab237bb7f04849b228130e3ab7feba94,deepseek__deepseek_v4_pro__synthetic_calm_trend_c0_v0_3__c0__e0__seed_7__sample_0,deepseek,deepseek-v4-pro,api-pinned-2026-07-02,synthetic_calm_trend_c0_v0_3,C0,7,0,E0,24,24,sha256:0556a6c305f9f72e0eebfd28bf5c068e4295d820362f11c081de561fc503fd5d,sha256:f87600239c96d3985b6a5ce7055741b6c6ede3c4f2addc2b4731dab7644388e2,sha256:4fd72e09e158138156ec85fcb44946f09d31ab2d73b2fa8947e88ec9fa584df4,sha256:f8216e0ee0fb08b645532bf600e9e968e1c19fb1d39f392dcaf92a65781ca553,1.0,ok
trellm-v0.3-iclr-protocol,sha256:1d08a4436460cdf7c2f1211ddd4d2cc6b4baa753d703b8a841d5c65046506ca7,deepseek__deepseek_v4_pro__synthetic_calm_trend_c0_v0_3__c0__e0__seed_7__sample_1,deepseek,deepseek-v4-pro,api-pinned-2026-07-02,synthetic_calm_trend_c0_v0_3,C0,7,1,E0,24,24,sha256:3aa4669e785e5eb6b7dd0a648d87acf948eab4c16c0f5a614eceabb2c973b4ec,sha256:f87600239c96d3985b6a5ce7055741b6c6ede3c4f2addc2b4731dab7644388e2,sha256:59dbbfc196a493c2b77b4a42d250cd7e2fb68826a92a6207522d5aee1a94d98d,sha256:f8216e0ee0fb08b645532bf600e9e968e1c19fb1d39f392dcaf92a65781ca553,1.0,ok
trellm-v0.3-iclr-protocol,sha256:d69aea5437f85abc828e9b4f1042cbd9a4ed4926d8c06e07c68c0df0947d351d,deepseek__deepseek_v4_pro__synthetic_calm_trend_c0_v0_3__c0__e0__seed_7__sample_2,deepseek,deepseek-v4-pro,api-pinned-2026-07-02,synthetic_calm_trend_c0_v0_3,C0,7,2,E0,24,24,sha256:3a852ebfd2f3e87faa459ab18ed561fff9f2581364ec49e5aa920cf639ba6059,sha256:f87600239c96d3985b6a5ce7055741b6c6ede3c4f2addc2b4731dab7644388e2,sha256:b08d1c21c53cd535adb7f1e8ae13911896fe5d10e86ca778f32414157b9c68b4,sha256:f8216e0ee0fb08b645532bf600e9e968e1c19fb1d39f392dcaf92a65781ca553,1.0,ok
trellm-v0.3-iclr-protocol,sha256:9d532465513d3ea020f1c8cc113adf8ee2455e36b29b58c619afabe16afe09c4,deepseek__deepseek_v4_pro__synthetic_calm_trend_c0_v0_3__c0__e1__seed_11__sample_0,deepseek,deepseek-v4-pro,api-pinned-2026-07-02,synthetic_calm_trend_c0_v0_3,C0,11,0,E1,24,24,sha256:2ea6b85782c148713805c572e558bdfedb75cbcf98d531164ec2adc1cfa94442,sha256:fd47e3ea9a1d8e7d8bea652fa79928d7bca54f8ab668d955b78857e0b088e232,sha256:916b53409b764b5202400ad053060bad0c86d6d33b15e1bd2cddddc99f3d6ce1,sha256:f8216e0ee0fb08b645532bf600e9e968e1c19fb1d39f392dcaf92a65781ca553,1.0,ok
trellm-v0.3-iclr-protocol,sha256:cb04b6e9a4b7914127a27696eb553db3ef65f9be5a7273079b8f6cf8396ead71,deepseek__deepseek_v4_pro__synthetic_calm_trend_c0_v0_3__c0__e1__seed_11__sample_1,deepseek,deepseek-v4-pro,api-pinned-2026-07-02,synthetic_calm_trend_c0_v0_3,C0,11,1,E1,24,24,sha256:64288d30d892b33747331e186a1a9093abd56479b23582440d5fd14913955061,sha256:fd47e3ea9a1d8e7d8bea652fa79928d7bca54f8ab668d955b78857e0b088e232,sha256:5f1ba764d23c96453ca7752785ab486edce2bf815621a934d76d3f4b23cefa96,sha256:f8216e0ee0fb08b645532bf600e9e968e1c19fb1d39f392dcaf92a65781ca553,1.0,ok
trellm-v0.3-iclr-protocol,sha256:78a35f99258e1d9c9786f5ac908f9c2bd55d53a3aa6edeecd64b8de0e827af6f,deepseek__deepseek_v4_pro__synthetic_calm_trend_c0_v0_3__c0__e1__seed_11__sample_2,deepseek,deepseek-v4-pro,api-pinned-2026-07-02,synthetic_calm_trend_c0_v0_3,C0,11,2,E1,24,24,sha256:68d61f8eee282e0cc9cf19e83c04ebde5b52e2ba9892c1f3b8dea71437254635,sha256:fd47e3ea9a1d8e7d8bea652fa79928d7bca54f8ab668d955b78857e0b088e232,sha256:5f1ba764d23c96453ca7752785ab486edce2bf815621a934d76d3f4b23cefa96,sha256:f8216e0ee0fb08b645532bf600e9e968e1c19fb1d39f392dcaf92a65781ca553,1.0,ok
trellm-v0.3-iclr-protocol,sha256:922ab856c357d0f457d9d674c71267aa40cffa1bb1f6eb1adb271e600430cee6,deepseek__deepseek_v4_pro__synthetic_calm_trend_c0_v0_3__c0__e1__seed_17__sample_0,deepseek,deepseek-v4-pro,api-pinned-2026-07-02,synthetic_calm_trend_c0_v0_3,C0,17,0,E1,24,24,sha256:69e45ece2bc199aa7ca65736e5d8a57b19dba4cdc6bfc9d97fa2f245267cc7c1,sha256:b07636105b881b22087515eede94ac2d150d680da7a680aa94f51d886b6c7bc1,sha256:8fb3dc0c85f1e7b4220f0f865e3c2c43bc96d70954ecf1f7fdb1501d6b64c790,sha256:f8216e0ee0fb08b645532bf600e9e968e1c19fb1d39f392dcaf92a65781ca553,1.0,ok
trellm-v0.3-iclr-protocol,sha256:15bb88ef1419961ce94e6a6ef6bc510ba51183d059143cade6b55634df653fcb,deepseek__deepseek_v4_pro__synthetic_calm_trend_c0_v0_3__c0__e1__seed_17__sample_1,deepseek,deepseek-v4-pro,api-pinned-2026-07-02,synthetic_calm_trend_c0_v0_3,C0,17,1,E1,24,24,sha256:0cfefa315ffdad082fba25f2d6dd6214d8cac497b4a2e0a6dca4081f0502f501,sha256:b07636105b881b22087515eede94ac2d150d680da7a680aa94f51d886b6c7bc1,sha256:ad47806ed8350a0eed857c6a4122133adf9f819e54a9c0e017743bda5cb1fde2,sha256:f8216e0ee0fb08b645532bf600e9e968e1c19fb1d39f392dcaf92a65781ca553,1.0,ok
trellm-v0.3-iclr-protocol,sha256:0fc856de88269908097525b94e6ed20f8ca2a18da5b52d1379aa50f1555f6686,deepseek__deepseek_v4_pro__synthetic_calm_trend_c0_v0_3__c0__e1__seed_17__sample_2,deepseek,deepseek-v4-pro,api-pinned-2026-07-02,synthetic_calm_trend_c0_v0_3,C0,17,2,E1,24,24,sha256:3f7af1c4509f86ee06a77f35024cbb484575496d91be1597f37df1fdf07f254d,sha256:b07636105b881b22087515eede94ac2d150d680da7a680aa94f51d886b6c7bc1,sha256:6567193391009cea3086564920f0451bcf6652a3a4fd8f244134eb23b8255296,sha256:f8216e0ee0fb08b645532bf600e9e968e1c19fb1d39f392dcaf92a65781ca553,1.0,ok
trellm-v0.3-iclr-protocol,sha256:a37a3188a99bf64c6d6deeec0d131c0960372df9a9d616f02157fea2639ecd77,deepseek__deepseek_v4_pro__synthetic_calm_trend_c0_v0_3__c0__e1__seed_23__sample_0,deepseek,deepseek-v4-pro,api-pinned-2026-07-02,synthetic_calm_trend_c0_v0_3,C0,23,0,E1,24,24,sha256:095eebfdb91ff31f44a4183db33acca03e1075da862fda45657d7ebeb2fac383,sha256:a75e85a1d8e34f1b4bdda3bcff05176d6340f0525cce32028c0936d64001658b,sha256:3e8327d736399b66c77e7553dce66a72099a0f1dc7970730ac7fe890625939ad,sha256:f8216e0ee0fb08b645532bf600e9e968e1c19fb1d39f392dcaf92a65781ca553,1.0,ok
trellm-v0.3-iclr-protocol,sha256:53041623f9e594e31691983fcdc29534a11fdd43a0a17082bc4016752eca6d3f,deepseek__deepseek_v4_pro__synthetic_calm_trend_c0_v0_3__c0__e1__seed_23__sample_1,deepseek,deepseek-v4-pro,api-pinned-2026-07-02,synthetic_calm_trend_c0_v0_3,C0,23,1,E1,24,24,sha256:ffba86063327d51dc6b7c04d4dace7b2828ce38a94c3f0acef9fad20081e3e0f,sha256:a75e85a1d8e34f1b4bdda3bcff05176d6340f0525cce32028c0936d64001658b,sha256:b3562a9755748643cfa084b3a68afcb8398e9ae2cdbbd9da6e390ad376201644,sha256:f8216e0ee0fb08b645532bf600e9e968e1c19fb1d39f392dcaf92a65781ca553,1.0,ok
trellm-v0.3-iclr-protocol,sha256:9fcba586186c62506e646edc47f93c84976add0c6663fb84adda5388622b6269,deepseek__deepseek_v4_pro__synthetic_calm_trend_c0_v0_3__c0__e1__seed_23__sample_2,deepseek,deepseek-v4-pro,api-pinned-2026-07-02,synthetic_calm_trend_c0_v0_3,C0,23,2,E1,24,24,sha256:4725b27f4dd99c39b138bed7668fe9934df51b7053351ff20867b4fd8c0c2862,sha256:a75e85a1d8e34f1b4bdda3bcff05176d6340f0525cce32028c0936d64001658b,sha256:19a8fa02d8769fb24970f9d1c8ce7e6e493f4c7e90f1584a22b472bbf4a884e1,sha256:f8216e0ee0fb08b645532bf600e9e968e1c19fb1d39f392dcaf92a65781ca553,1.0,ok
trellm-v0.3-iclr-protocol,sha256:6af2fe3a153de04a9e8d03de1067d7917f7a66b0f91cecdd7fb1c085697e267b,deepseek__deepseek_v4_pro__synthetic_calm_trend_c0_v0_3__c0__e1__seed_31__sample_0,deepseek,deepseek-v4-pro,api-pinned-2026-07-02,synthetic_calm_trend_c0_v0_3,C0,31,0,E1,24,24,sha256:b05cb8459ec3a9b65eeec907a93b1c09e8b696a5e625c20c5ed9856da77ecce0,sha256:6a81f5d4c6424c63b5e1174a33a2ce1f4a3d3c3627d7352ca6c4b7a6e3064b5d,sha256:ff39bd011559ac60a1b603558e44a6d903e18db36f10d2e3869e53c7fda9c136,sha256:f8216e0ee0fb08b645532bf600e9e968e1c19fb1d39f392dcaf92a65781ca553,1.0,ok
trellm-v0.3-iclr-protocol,sha256:becc74d30fca08053c43445fbba85940eb4debb9f8ec843b059b34cbd523f509,deepseek__deepseek_v4_pro__synthetic_calm_trend_c0_v0_3__c0__e1__seed_31__sample_1,deepseek,deepseek-v4-pro,api-pinned-2026-07-02,synthetic_calm_trend_c0_v0_3,C0,31,1,E1,24,24,sha256:cf6b13ad2ddbf2ed00dc412af2cc074736775cfb19b4f4142d5dc35378782101,sha256:6a81f5d4c6424c63b5e1174a33a2ce1f4a3d3c3627d7352ca6c4b7a6e3064b5d,sha256:25cc723917994632eb6209968e7d53d094e586848bdc11e4161605fce32d793d,sha256:f8216e0ee0fb08b645532bf600e9e968e1c19fb1d39f392dcaf92a65781ca553,1.0,ok
trellm-v0.3-iclr-protocol,sha256:92fcd6649f96cd0cdd60da041db02a5406ffad2315ee39251051ce7200693879,deepseek__deepseek_v4_pro__synthetic_calm_trend_c0_v0_3__c0__e1__seed_31__sample_2,deepseek,deepseek-v4-pro,api-pinned-2026-07-02,synthetic_calm_trend_c0_v0_3,C0,31,2,E1,24,24,sha256:8ee92796a23c8b9527eb9d813be33b5e3f44e945394662747153b942a646684c,sha256:6a81f5d4c6424c63b5e1174a33a2ce1f4a3d3c3627d7352ca6c4b7a6e3064b5d,sha256:504b21be271557582ffb43e4c086b0ce6b30fd54fa300acfc59930b3336cd432,sha256:f8216e0ee0fb08b645532bf600e9e968e1c19fb1d39f392dcaf92a65781ca553,1.0,ok
trellm-v0.3-iclr-protocol,sha256:b9594f77affc1efffd78b8fa54c8332c513ac7234d3b3fb107624d8b5199f34f,deepseek__deepseek_v4_pro__synthetic_calm_trend_c0_v0_3__c0__e1__seed_37__sample_0,deepseek,deepseek-v4-pro,api-pinned-2026-07-02,synthetic_calm_trend_c0_v0_3,C0,37,0,E1,24,24,sha256:b773d95ed86ca12aaa8611839c2d07572cd72e9b506b13e7126e567b700fd446,sha256:7b3b19a857c173c630984af384dd38280bfd4eff4b177c5e6478d9c4eb7df45f,sha256:1a031140583503d33fac40ecd41e1998c34403807ebdd7c9ce6d2d98eee5b81f,sha256:f8216e0ee0fb08b645532bf600e9e968e1c19fb1d39f392dcaf92a65781ca553,1.0,ok
trellm-v0.3-iclr-protocol,sha256:2d94c8fd551ea6e7ef2bb41275337444e7b7d13e8301ed2215cd333f1397dd5a,deepseek__deepseek_v4_pro__synthetic_calm_trend_c0_v0_3__c0__e1__seed_37__sample_1,deepseek,deepseek-v4-pro,api-pinned-2026-07-02,synthetic_calm_trend_c0_v0_3,C0,37,1,E1,24,24,sha256:34afab908d09bece2004d0f857133dab6404fafa784656a00c8b892378d5b449,sha256:7b3b19a857c173c630984af384dd38280bfd4eff4b177c5e6478d9c4eb7df45f,sha256:b98d71ed0caeb97fbfce1354b250b0a54e62b44344d49d7e1989def158303fee,sha256:f8216e0ee0fb08b645532bf600e9e968e1c19fb1d39f392dcaf92a65781ca553,1.0,ok
trellm-v0.3-iclr-protocol,sha256:4d6fc463af064a47d0f8420fe448ba1ca774de0dc228423a128df3fdace672b1,deepseek__deepseek_v4_pro__synthetic_calm_trend_c0_v0_3__c0__e1__seed_37__sample_2,deepseek,deepseek-v4-pro,api-pinned-2026-07-02,synthetic_calm_trend_c0_v0_3,C0,37,2,E1,24,24,sha256:1033e68f09e28af0250fb7375249d55a9213d16fd5bf9e351dde47cdcd029a21,sha256:7b3b19a857c173c630984af384dd38280bfd4eff4b177c5e6478d9c4eb7df45f,sha256:3e515f6528a68533e0f5d25c9ee93ac10fa1f7ba9af739fb1b0e1f58ba51d1fa,sha256:f8216e0ee0fb08b645532bf600e9e968e1c19fb1d39f392dcaf92a65781ca553,1.0,ok
trellm-v0.3-iclr-protocol,sha256:885a322ac8f82da64f40f0f04564a1ddaa3c97ff53b2190aca506ffd53c848ff,deepseek__deepseek_v4_pro__synthetic_calm_trend_c0_v0_3__c0__e1__seed_41__sample_0,deepseek,deepseek-v4-pro,api-pinned-2026-07-02,synthetic_calm_trend_c0_v0_3,C0,41,0,E1,24,24,sha256:75a5cf87f89a36c205d9305e0673477b7445169624899e8bea968538480d11e4,sha256:d9fe69cf770b9c8838a58998179c441b05644e81c28e70d18d8f7357d7dee01c,sha256:45e8139259a7009e720ff3ec6650919e5605369e89ddec2c4399c71ab67a29d0,sha256:f8216e0ee0fb08b645532bf600e9e968e1c19fb1d39f392dcaf92a65781ca553,1.0,ok
trellm-v0.3-iclr-protocol,sha256:1d13c77cadf48714865fa3a24c1dd83dd565d29d642328a970d7e200b24aed96,deepseek__deepseek_v4_pro__synthetic_calm_trend_c0_v0_3__c0__e1__seed_41__sample_1,deepseek,deepseek-v4-pro,api-pinned-2026-07-02,synthetic_calm_trend_c0_v0_3,C0,41,1,E1,24,24,sha256:6dc746d407b6252c23491a554b3090d083ad245f7924d714cd0dac6718c475dc,sha256:d9fe69cf770b9c8838a58998179c441b05644e81c28e70d18d8f7357d7dee01c,sha256:7ef424fac21d48f4158babf70e18cabcd85a858b37fe97b19e59bb8be753ddcc,sha256:f8216e0ee0fb08b645532bf600e9e968e1c19fb1d39f392dcaf92a65781ca553,1.0,ok
trellm-v0.3-iclr-protocol,sha256:a4fb67937531d9766b2177ff21a240d1142f5aeda4901e608a1a1428a1363252,deepseek__deepseek_v4_pro__synthetic_calm_trend_c0_v0_3__c0__e1__seed_41__sample_2,deepseek,deepseek-v4-pro,api-pinned-2026-07-02,synthetic_calm_trend_c0_v0_3,C0,41,2,E1,24,24,sha256:726835e7ccb7be15f73b3852b8655543b4c722597ecb4a6e4c60746107e132e5,sha256:d9fe69cf770b9c8838a58998179c441b05644e81c28e70d18d8f7357d7dee01c,sha256:3b3c831abc826c2dd512b3d84354a50cee1520842c667d7fbd2975a263a74018,sha256:f8216e0ee0fb08b645532bf600e9e968e1c19fb1d39f392dcaf92a65781ca553,1.0,ok
trellm-v0.3-iclr-protocol,sha256:87fa8ad3e64b82df51ebb51ab1db05325d67a0fadafe137a3193959fbe2f5e15,deepseek__deepseek_v4_pro__synthetic_calm_trend_c0_v0_3__c0__e1__seed_43__sample_0,deepseek,deepseek-v4-pro,api-pinned-2026-07-02,synthetic_calm_trend_c0_v0_3,C0,43,0,E1,24,24,sha256:932636c1c21e5d2b335582316cc0717b8243c487fe3c7fa90c227a6d5e2ad551,sha256:776197e1d5359a7374cc3255c011ae2db113d6dfd725fdc8ebdee896534f8560,sha256:24e1d3de06677f8cc69f2ce0a8d95b9cac2a97f6d70aac2f4de6c2ff19c5c449,sha256:f8216e0ee0fb08b645532bf600e9e968e1c19fb1d39f392dcaf92a65781ca553,1.0,ok
trellm-v0.3-iclr-protocol,sha256:799463eeb06e9c2c9fc8f8c3497496b1ff55fd3d86e75a4d39cee5dd216acd8a,deepseek__deepseek_v4_pro__synthetic_calm_trend_c0_v0_3__c0__e1__seed_43__sample_1,deepseek,deepseek-v4-pro,api-pinned-2026-07-02,synthetic_calm_trend_c0_v0_3,C0,43,1,E1,24,24,sha256:701bd43c2314f6dea379570ad334109da4751e99f4eceab5db93d2f49c4409b8,sha256:776197e1d5359a7374cc3255c011ae2db113d6dfd725fdc8ebdee896534f8560,sha256:4fd72e09e158138156ec85fcb44946f09d31ab2d73b2fa8947e88ec9fa584df4,sha256:f8216e0ee0fb08b645532bf600e9e968e1c19fb1d39f392dcaf92a65781ca553,1.0,ok
trellm-v0.3-iclr-protocol,sha256:7153ca521c7d96c2fc195c24f9ef30706899ccdfc3825bd2a21751a8823fa3a0,deepseek__deepseek_v4_pro__synthetic_calm_trend_c0_v0_3__c0__e1__seed_43__sample_2,deepseek,deepseek-v4-pro,api-pinned-2026-07-02,synthetic_calm_trend_c0_v0_3,C0,43,2,E1,24,24,sha256:2b4b36961d72ef58d8f64e147d3eddb95371ce4b72b069ff0a9380dffd7991b5,sha256:776197e1d5359a7374cc3255c011ae2db113d6dfd725fdc8ebdee896534f8560,sha256:e337f0363893c6c10d397974c8e8eff397e1229da4f1c4a33b15543b41c9f1a0,sha256:f8216e0ee0fb08b645532bf600e9e968e1c19fb1d39f392dcaf92a65781ca553,1.0,ok
trellm-v0.3-iclr-protocol,sha256:94252426c291475d4cf9f7762bb610be80864c835c56308f3b5fd1a61df9c55d,deepseek__deepseek_v4_pro__synthetic_calm_trend_c0_v0_3__c0__e1__seed_47__sample_0,deepseek,deepseek-v4-pro,api-pinned-2026-07-02,synthetic_calm_trend_c0_v0_3,C0,47,0,E1,24,24,sha256:482c4a895d6f29c9d2dd0ded70dd79c6b16c0067bd563dc7972a8e6c6d533f42,sha256:35191ba9466c47c980a2420e3226a84577b43b1c7a888e809d264313ef7fcc84,sha256:af494f0b3d2516920e5e89406b70ecdbd8cf1164183e36f7e8d7e2eaa6adc5f2,sha256:f8216e0ee0fb08b645532bf600e9e968e1c19fb1d39f392dcaf92a65781ca553,1.0,ok
trellm-v0.3-iclr-protocol,sha256:44b82107e3be109c7d72ca42c19b8caca49a14d8f5c3114d5aaaf28cd09aec10,deepseek__deepseek_v4_pro__synthetic_calm_trend_c0_v0_3__c0__e1__seed_47__sample_1,deepseek,deepseek-v4-pro,api-pinned-2026-07-02,synthetic_calm_trend_c0_v0_3,C0,47,1,E1,24,24,sha256:37b8f2fae41ca939e062393c79ff6c4c4f1d4f9cdad6a905c58c3a5d5a22be4f,sha256:35191ba9466c47c980a2420e3226a84577b43b1c7a888e809d264313ef7fcc84,sha256:bec7a3fd7df3c0e8eda5964beab9a3e4f858a80c11071e01d157f9b6368a186a,sha256:f8216e0ee0fb08b645532bf600e9e968e1c19fb1d39f392dcaf92a65781ca553,1.0,ok
trellm-v0.3-iclr-protocol,sha256:04f42f61021a73bc0bd5cf0203ac2af9b91dc66bc9911a8e6e765439dcedf146,deepseek__deepseek_v4_pro__synthetic_calm_trend_c0_v0_3__c0__e1__seed_47__sample_2,deepseek,deepseek-v4-pro,api-pinned-2026-07-02,synthetic_calm_trend_c0_v0_3,C0,47,2,E1,24,24,sha256:8a2b754f7bc55a645626b6778ed10bad3fbd08c7a98eb55be3032a3a520a124e,sha256:35191ba9466c47c980a2420e3226a84577b43b1c7a888e809d264313ef7fcc84,sha256:ad47806ed8350a0eed857c6a4122133adf9f819e54a9c0e017743bda5cb1fde2,sha256:f8216e0ee0fb08b645532bf600e9e968e1c19fb1d39f392dcaf92a65781ca553,1.0,ok
trellm-v0.3-iclr-protocol,sha256:97ff33140d8b11e30246a222185dd4798c347b7fd540c70f758c4190d00d29d3,deepseek__deepseek_v4_pro__synthetic_calm_trend_c0_v0_3__c0__e1__seed_53__sample_0,deepseek,deepseek-v4-pro,api-pinned-2026-07-02,synthetic_calm_trend_c0_v0_3,C0,53,0,E1,24,24,sha256:2524da0ee0aeb7b338ae92871a62b7b399bb6ffdee9de9df3c041d2ec61df35b,sha256:14e186bf9e4c436aa1710dc14c965eff9cf2a427faf77f887cd4f0e8f728947d,sha256:a9ace138c4eadaf7329b0f1e0034f8e173e035e6ff049e61185db26ac8e40519,sha256:f8216e0ee0fb08b645532bf600e9e968e1c19fb1d39f392dcaf92a65781ca553,1.0,ok
trellm-v0.3-iclr-protocol,sha256:9ec8d715cec907c9c2f1f66af815bc7173116ba59113a2cfc9596154f5a2c1b0,deepseek__deepseek_v4_pro__synthetic_calm_trend_c0_v0_3__c0__e1__seed_53__sample_1,deepseek,deepseek-v4-pro,api-pinned-2026-07-02,synthetic_calm_trend_c0_v0_3,C0,53,1,E1,24,24,sha256:90277e702598fd025a605e744111a19498a10527a3d172320f652c004cbb2271,sha256:14e186bf9e4c436aa1710dc14c965eff9cf2a427faf77f887cd4f0e8f728947d,sha256:7be8e7232fc6c0e8845a7568c07b31ae3f33c8196948e16c354f84ea68dbf4e5,sha256:f8216e0ee0fb08b645532bf600e9e968e1c19fb1d39f392dcaf92a65781ca553,1.0,ok
trellm-v0.3-iclr-protocol,sha256:b9fcb50f077d3e80f9f21f4c6825f2b62b22c83d1709b310972028cc278c38ee,deepseek__deepseek_v4_pro__synthetic_calm_trend_c0_v0_3__c0__e1__seed_53__sample_2,deepseek,deepseek-v4-pro,api-pinned-2026-07-02,synthetic_calm_trend_c0_v0_3,C0,53,2,E1,24,24,sha256:8035cde77c73e17215eb2e5528d5c4ce964f56914dfada1aa70b56e43ffd8b91,sha256:14e186bf9e4c436aa1710dc14c965eff9cf2a427faf77f887cd4f0e8f728947d,sha256:9eee442b26000194979583961c869003d8fc6ea927b07ece5477ac23f36c149d,sha256:f8216e0ee0fb08b645532bf600e9e968e1c19fb1d39f392dcaf92a65781ca553,1.0,ok
trellm-v0.3-iclr-protocol,sha256:52f859e889f042c3b100f7f4ef1d4fa8ab237bb7f04849b228130e3ab7feba94,deepseek__deepseek_v4_pro__synthetic_calm_trend_c0_v0_3__c0__e1__seed_7__sample_0,deepseek,deepseek-v4-pro,api-pinned-2026-07-02,synthetic_calm_trend_c0_v0_3,C0,7,0,E1,24,24,sha256:5dca5b98fcd180638a08dd8a8567bfb99282bf55254e423159d02c3fed244631,sha256:f87600239c96d3985b6a5ce7055741b6c6ede3c4f2addc2b4731dab7644388e2,sha256:4fd72e09e158138156ec85fcb44946f09d31ab2d73b2fa8947e88ec9fa584df4,sha256:f8216e0ee0fb08b645532bf600e9e968e1c19fb1d39f392dcaf92a65781ca553,1.0,ok
trellm-v0.3-iclr-protocol,sha256:1d08a4436460cdf7c2f1211ddd4d2cc6b4baa753d703b8a841d5c65046506ca7,deepseek__deepseek_v4_pro__synthetic_calm_trend_c0_v0_3__c0__e1__seed_7__sample_1,deepseek,deepseek-v4-pro,api-pinned-2026-07-02,synthetic_calm_trend_c0_v0_3,C0,7,1,E1,24,24,sha256:addfc5f2d9feb0e2d9a9284f70142caa30d8a00570aef4737b5474704c3a6b67,sha256:f87600239c96d3985b6a5ce7055741b6c6ede3c4f2addc2b4731dab7644388e2,sha256:457cd6dac49d87ab04f2d2a0a5d38543355e138537ad6f95709ca4fd50591cea,sha256:f8216e0ee0fb08b645532bf600e9e968e1c19fb1d39f392dcaf92a65781ca553,1.0,ok
trellm-v0.3-iclr-protocol,sha256:d69aea5437f85abc828e9b4f1042cbd9a4ed4926d8c06e07c68c0df0947d351d,deepseek__deepseek_v4_pro__synthetic_calm_trend_c0_v0_3__c0__e1__seed_7__sample_2,deepseek,deepseek-v4-pro,api-pinned-2026-07-02,synthetic_calm_trend_c0_v0_3,C0,7,2,E1,24,24,sha256:c7f97aedd42bfa4c8cb481460966380d9d3f26a7041040838ac9ce0f990ebda0,sha256:f87600239c96d3985b6a5ce7055741b6c6ede3c4f2addc2b4731dab7644388e2,sha256:4fd72e09e158138156ec85fcb44946f09d31ab2d73b2fa8947e88ec9fa584df4,sha256:f8216e0ee0fb08b645532bf600e9e968e1c19fb1d39f392dcaf92a65781ca553,1.0,ok
trellm-v0.3-iclr-protocol,sha256:60093823a0d369fe830f13c4683b2d0c7f2c3eff4ee8abdf62809e139ce7639d,deepseek__deepseek_v4_pro__synthetic_high_volatility_c0_v0_3__c0__e0__seed_11__sample_0,deepseek,deepseek-v4-pro,api-pinned-2026-07-02,synthetic_high_volatility_c0_v0_3,C0,11,0,E0,24,24,sha256:0c8b702a351f77eb2cbd1b7bc959070ba6a46d16819f0ab4e91e1a3e7d23fed9,sha256:873acfdb15cb5c2b6463680e51e25bd3cefa25e690c0fa7d15aba4526737df13,sha256:4fd72e09e158138156ec85fcb44946f09d31ab2d73b2fa8947e88ec9fa584df4,sha256:f8216e0ee0fb08b645532bf600e9e968e1c19fb1d39f392dcaf92a65781ca553,1.0,ok
trellm-v0.3-iclr-protocol,sha256:205724c2ee90c5f55f6d2c68a329b1428fa0492990b4b0f4137442113b2e4124,deepseek__deepseek_v4_pro__synthetic_high_volatility_c0_v0_3__c0__e0__seed_11__sample_1,deepseek,deepseek-v4-pro,api-pinned-2026-07-02,synthetic_high_volatility_c0_v0_3,C0,11,1,E0,24,24,sha256:828344935c98035b1de26b8fc5f8966a3a7544ae892fc6b8bccebce432567739,sha256:873acfdb15cb5c2b6463680e51e25bd3cefa25e690c0fa7d15aba4526737df13,sha256:2847a52e2f76929fe60706f96796015157d619b493e4fdd13b295aecfcdf1724,sha256:f8216e0ee0fb08b645532bf600e9e968e1c19fb1d39f392dcaf92a65781ca553,1.0,ok
trellm-v0.3-iclr-protocol,sha256:61f6a133e4cf7c6986b3ce557a9d04379d6d13c36517015ff66fce005909e736,deepseek__deepseek_v4_pro__synthetic_high_volatility_c0_v0_3__c0__e0__seed_11__sample_2,deepseek,deepseek-v4-pro,api-pinned-2026-07-02,synthetic_high_volatility_c0_v0_3,C0,11,2,E0,24,24,sha256:701e3568e29c13215eb5850ac9592d25eb0877c71aa47cb4c33cfb037aa9a115,sha256:873acfdb15cb5c2b6463680e51e25bd3cefa25e690c0fa7d15aba4526737df13,sha256:86e37f0c5e12a4d5a1f73f3e48447d3c97bfea2bcfdf9523c165ef7b801c722d,sha256:f8216e0ee0fb08b645532bf600e9e968e1c19fb1d39f392dcaf92a65781ca553,1.0,ok
trellm-v0.3-iclr-protocol,sha256:e80e76868622caf4712609c54bf0b4b334ada312a8d35d025bd61c784acecd06,deepseek__deepseek_v4_pro__synthetic_high_volatility_c0_v0_3__c0__e0__seed_17__sample_0,deepseek,deepseek-v4-pro,api-pinned-2026-07-02,synthetic_high_volatility_c0_v0_3,C0,17,0,E0,24,24,sha256:30ac0fe97ebf327ac16395de1838a20abc637b7a493ee1a358b7094c8626803f,sha256:bfa7f9bf1ee2a6f81bbb09efc720229dfa74de6c1d89ecdc78e1bda1e131c356,sha256:8a289d9c5f8cfd03859fc5cf7c818cd34f10e69d0847f4b43881db934c8b9523,sha256:f8216e0ee0fb08b645532bf600e9e968e1c19fb1d39f392dcaf92a65781ca553,1.0,ok
trellm-v0.3-iclr-protocol,sha256:7acbf65df5c199ad795a354b9b8168ae013d2bf2d498df80c5c48ada7fb94cce,deepseek__deepseek_v4_pro__synthetic_high_volatility_c0_v0_3__c0__e0__seed_17__sample_1,deepseek,deepseek-v4-pro,api-pinned-2026-07-02,synthetic_high_volatility_c0_v0_3,C0,17,1,E0,24,24,sha256:22ef21e3d936d12b37fc0b9b6e59f57ea9304148f36829afbbdbfbcd606cd4e2,sha256:bfa7f9bf1ee2a6f81bbb09efc720229dfa74de6c1d89ecdc78e1bda1e131c356,sha256:cec17a2e7477d1d79746077c6205871a24f5e84f1bfa2a1511e8448eedb61359,sha256:f8216e0ee0fb08b645532bf600e9e968e1c19fb1d39f392dcaf92a65781ca553,1.0,ok
trellm-v0.3-iclr-protocol,sha256:aa4b7d8dd3a82408bde96a98c9ad90ef09ffee79789c8c957e6fd3ba7efec0b6,deepseek__deepseek_v4_pro__synthetic_high_volatility_c0_v0_3__c0__e0__seed_17__sample_2,deepseek,deepseek-v4-pro,api-pinned-2026-07-02,synthetic_high_volatility_c0_v0_3,C0,17,2,E0,24,24,sha256:6dc42a8744f4aeaa31a5ad14bc4b8fc415bc009745c06d79c94780429e3a76da,sha256:bfa7f9bf1ee2a6f81bbb09efc720229dfa74de6c1d89ecdc78e1bda1e131c356,sha256:280a30b82dc4e0a8fc74cb3d46566771b53985755c29a07b8738c60e8f649503,sha256:f8216e0ee0fb08b645532bf600e9e968e1c19fb1d39f392dcaf92a65781ca553,1.0,ok
trellm-v0.3-iclr-protocol,sha256:713f867d69defe0c2b0e30ed610ac224cd6157ff5a2ee0d791dad95d1268225c,deepseek__deepseek_v4_pro__synthetic_high_volatility_c0_v0_3__c0__e0__seed_23__sample_0,deepseek,deepseek-v4-pro,api-pinned-2026-07-02,synthetic_high_volatility_c0_v0_3,C0,23,0,E0,24,24,sha256:a98b6c64315d57ae3e85de2bbb16da99f374ad5c27419a90fcbfe93bda64ee0a,sha256:551323cc1afc033d3e2d0a07e0ca1a9c4a562c360ee79f93bc27a5a9d0c481e3,sha256:96105fa8ebdf480daa45f0f9b5a9b6d30aa1809de8f01f3b2780271a42feb8ee,sha256:f8216e0ee0fb08b645532bf600e9e968e1c19fb1d39f392dcaf92a65781ca553,1.0,ok
trellm-v0.3-iclr-protocol,sha256:f030e5828cffd2fa0dc2144b62c99c7caea76174dd262c48ddd47615a8950a6b,deepseek__deepseek_v4_pro__synthetic_high_volatility_c0_v0_3__c0__e0__seed_23__sample_1,deepseek,deepseek-v4-pro,api-pinned-2026-07-02,synthetic_high_volatility_c0_v0_3,C0,23,1,E0,24,24,sha256:30f77fddce0db30068772ae665eae9f0f3f1b527dfdd31845683adb520f99c1c,sha256:551323cc1afc033d3e2d0a07e0ca1a9c4a562c360ee79f93bc27a5a9d0c481e3,sha256:06894c69aa40ca379afcf1855e1d264b4649c5f3a7d4810f271f8b7412be9078,sha256:f8216e0ee0fb08b645532bf600e9e968e1c19fb1d39f392dcaf92a65781ca553,1.0,ok
trellm-v0.3-iclr-protocol,sha256:d5965199c172d42c08a106efdbee4b48ee8bf95cc7024df2ff4d7bfb310883bd,deepseek__deepseek_v4_pro__synthetic_high_volatility_c0_v0_3__c0__e0__seed_23__sample_2,deepseek,deepseek-v4-pro,api-pinned-2026-07-02,synthetic_high_volatility_c0_v0_3,C0,23,2,E0,24,24,sha256:d70e999beb613c2c45723b265c4013a7c88d91f0cea3f88e7c3206d7113270b2,sha256:551323cc1afc033d3e2d0a07e0ca1a9c4a562c360ee79f93bc27a5a9d0c481e3,sha256:b5ddbef4e4e12cd6d75189b837c911cc1c04227fac2548f4f15d7516ead24e2b,sha256:f8216e0ee0fb08b645532bf600e9e968e1c19fb1d39f392dcaf92a65781ca553,1.0,ok
trellm-v0.3-iclr-protocol,sha256:57fb9f044281193d92844fa99e534225bc71f708039d5c9e63bac9190158b965,deepseek__deepseek_v4_pro__synthetic_high_volatility_c0_v0_3__c0__e0__seed_31__sample_0,deepseek,deepseek-v4-pro,api-pinned-2026-07-02,synthetic_high_volatility_c0_v0_3,C0,31,0,E0,24,24,sha256:0b76e5513db64d8842de50131d35a14d3b01b44eda943a70baa9bed2b428e2b7,sha256:1021022118de71255deb2c10ed49eb2a119ddd2786e18602813062a0a0377aea,sha256:c09fdaaef4e37531e9a118ce542b3e2c7c1fbd9d84ab35deca2603592bce7ff5,sha256:f8216e0ee0fb08b645532bf600e9e968e1c19fb1d39f392dcaf92a65781ca553,1.0,ok
trellm-v0.3-iclr-protocol,sha256:fef6ebbdde05eb88026201288fa6924d03479a3327f0ae0fad6e7391e1c71e3b,deepseek__deepseek_v4_pro__synthetic_high_volatility_c0_v0_3__c0__e0__seed_31__sample_1,deepseek,deepseek-v4-pro,api-pinned-2026-07-02,synthetic_high_volatility_c0_v0_3,C0,31,1,E0,24,24,sha256:60901ac73f0b285663c9a3ff8d1e2f419f10746346c36a8b77323972745a814f,sha256:1021022118de71255deb2c10ed49eb2a119ddd2786e18602813062a0a0377aea,sha256:c09fdaaef4e37531e9a118ce542b3e2c7c1fbd9d84ab35deca2603592bce7ff5,sha256:f8216e0ee0fb08b645532bf600e9e968e1c19fb1d39f392dcaf92a65781ca553,1.0,ok
trellm-v0.3-iclr-protocol,sha256:f80b70af5989588aba464fc538fe223d39a33b5cf11b4a607264e9b65b1a2ad4,deepseek__deepseek_v4_pro__synthetic_high_volatility_c0_v0_3__c0__e0__seed_31__sample_2,deepseek,deepseek-v4-pro,api-pinned-2026-07-02,synthetic_high_volatility_c0_v0_3,C0,31,2,E0,24,24,sha256:05a159cddc6f2336499e89dd4d162d0ae261ddae97d816f2423186f1bf3f8bbf,sha256:1021022118de71255deb2c10ed49eb2a119ddd2786e18602813062a0a0377aea,sha256:c09fdaaef4e37531e9a118ce542b3e2c7c1fbd9d84ab35deca2603592bce7ff5,sha256:f8216e0ee0fb08b645532bf600e9e968e1c19fb1d39f392dcaf92a65781ca553,1.0,ok
trellm-v0.3-iclr-protocol,sha256:41f9eb8cbb7f354bc6a001c5f4b193af6cf38d89b699a618000fad3d150992bc,deepseek__deepseek_v4_pro__synthetic_high_volatility_c0_v0_3__c0__e0__seed_37__sample_0,deepseek,deepseek-v4-pro,api-pinned-2026-07-02,synthetic_high_volatility_c0_v0_3,C0,37,0,E0,24,24,sha256:ff78cc69a7abf369403fb9c912aafd7aff420faffad7ef0366f88d40e30ae092,sha256:b132c032bc50357d7efc44d0f410be3986234dad6afe089a9d597b27e483f472,sha256:5277b489dcb1449ef127c99c52fa2c2b151a8e7b0d455e1d31aa7994ba3ca23f,sha256:f8216e0ee0fb08b645532bf600e9e968e1c19fb1d39f392dcaf92a65781ca553,1.0,ok
trellm-v0.3-iclr-protocol,sha256:e50fed09affb2513e2171e67bdf48957204d38f09f50d4bd1409294837c3e46c,deepseek__deepseek_v4_pro__synthetic_high_volatility_c0_v0_3__c0__e0__seed_37__sample_1,deepseek,deepseek-v4-pro,api-pinned-2026-07-02,synthetic_high_volatility_c0_v0_3,C0,37,1,E0,24,24,sha256:c98f559930b3db10dd9680d8fe19aec0802c39b72e89af5c49edd323ccf1cd83,sha256:b132c032bc50357d7efc44d0f410be3986234dad6afe089a9d597b27e483f472,sha256:4fd72e09e158138156ec85fcb44946f09d31ab2d73b2fa8947e88ec9fa584df4,sha256:f8216e0ee0fb08b645532bf600e9e968e1c19fb1d39f392dcaf92a65781ca553,1.0,ok
trellm-v0.3-iclr-protocol,sha256:6bcf7107b5ff3b4d4e0668c3f03dae8cdeff8d23c1d3b39698510cf9cdd58ef2,deepseek__deepseek_v4_pro__synthetic_high_volatility_c0_v0_3__c0__e0__seed_37__sample_2,deepseek,deepseek-v4-pro,api-pinned-2026-07-02,synthetic_high_volatility_c0_v0_3,C0,37,2,E0,24,24,sha256:e442f52d6a8dc65473b9c0a05419ff3ed60b748a010e001d959bbaaf1d9b91a6,sha256:b132c032bc50357d7efc44d0f410be3986234dad6afe089a9d597b27e483f472,sha256:35a0f3818dcbe41109584349a653b64c726329277a77337a2766e74f3e77fe72,sha256:f8216e0ee0fb08b645532bf600e9e968e1c19fb1d39f392dcaf92a65781ca553,1.0,ok
trellm-v0.3-iclr-protocol,sha256:f48a21c6cdd3edc685d66e60c9295846c66ad0b8a844bbeea2302557107e12f2,deepseek__deepseek_v4_pro__synthetic_high_volatility_c0_v0_3__c0__e0__seed_41__sample_0,deepseek,deepseek-v4-pro,api-pinned-2026-07-02,synthetic_high_volatility_c0_v0_3,C0,41,0,E0,24,24,sha256:0413c6fb72d29638f37446d8fb130026c254cae645bfa7bb01683cbdcbe8b7d8,sha256:1593778ea9510d1a25509a0daa5b2f1478afbb0d78cee852f5262ed52a03943e,sha256:8a2f8fe577cd964b454ebd1466f64ebc7e24026757694178510dca12d2561202,sha256:f8216e0ee0fb08b645532bf600e9e968e1c19fb1d39f392dcaf92a65781ca553,1.0,ok
trellm-v0.3-iclr-protocol,sha256:894d2ac3e6c3f79314dbbeb95ca52c172fe72857cf3b113fe0ab878452cc6804,deepseek__deepseek_v4_pro__synthetic_high_volatility_c0_v0_3__c0__e0__seed_41__sample_1,deepseek,deepseek-v4-pro,api-pinned-2026-07-02,synthetic_high_volatility_c0_v0_3,C0,41,1,E0,24,24,sha256:e68e06b5d9976da84ab47885932b5c84c0713b16e50c4cfac09872bc227bbc46,sha256:1593778ea9510d1a25509a0daa5b2f1478afbb0d78cee852f5262ed52a03943e,sha256:7c3937e59f20bdcbfd23ccf285516bdc94e58e75e94c5eb0cd7828cf6f392b21,sha256:f8216e0ee0fb08b645532bf600e9e968e1c19fb1d39f392dcaf92a65781ca553,1.0,ok
trellm-v0.3-iclr-protocol,sha256:f748aa2596ced8b285d3345ce354faa58f27735200fd34c27dd4f7d298e79d96,deepseek__deepseek_v4_pro__synthetic_high_volatility_c0_v0_3__c0__e0__seed_41__sample_2,deepseek,deepseek-v4-pro,api-pinned-2026-07-02,synthetic_high_volatility_c0_v0_3,C0,41,2,E0,24,24,sha256:4ea7b35062d07d3600b414a66569184a32ddf1b4c3c7e90dd09d922a18e01930,sha256:1593778ea9510d1a25509a0daa5b2f1478afbb0d78cee852f5262ed52a03943e,sha256:24e1d3de06677f8cc69f2ce0a8d95b9cac2a97f6d70aac2f4de6c2ff19c5c449,sha256:f8216e0ee0fb08b645532bf600e9e968e1c19fb1d39f392dcaf92a65781ca553,1.0,ok
trellm-v0.3-iclr-protocol,sha256:5cdeb87cfa1f034a87458e4be305f51656ba4e2f3ed723ef045b4d4a340081cb,deepseek__deepseek_v4_pro__synthetic_high_volatility_c0_v0_3__c0__e0__seed_43__sample_0,deepseek,deepseek-v4-pro,api-pinned-2026-07-02,synthetic_high_volatility_c0_v0_3,C0,43,0,E0,24,24,sha256:2139e04abfcd6a4ac12c92487b6a210428dd7e0c216fd5428b4eba694d5eb0ce,sha256:5946ce8bae545a1dbf51764a71a616610e9ce7bbaf175cbd753f958089946a99,sha256:41bb9412ab884dcd1917b4a04a114fa6f97c6ae1f56af4922be4ac297a886bcb,sha256:f8216e0ee0fb08b645532bf600e9e968e1c19fb1d39f392dcaf92a65781ca553,1.0,ok
trellm-v0.3-iclr-protocol,sha256:8c2fa6fac199ac612e603811aca82dcade162ef9d38b171d279cc2e3ee7b2746,deepseek__deepseek_v4_pro__synthetic_high_volatility_c0_v0_3__c0__e0__seed_43__sample_1,deepseek,deepseek-v4-pro,api-pinned-2026-07-02,synthetic_high_volatility_c0_v0_3,C0,43,1,E0,24,24,sha256:8862a61dc4d0b9afd38ea83feb410fbe6f7c7e2c1beea60b53049f419daae18a,sha256:5946ce8bae545a1dbf51764a71a616610e9ce7bbaf175cbd753f958089946a99,sha256:3e515f6528a68533e0f5d25c9ee93ac10fa1f7ba9af739fb1b0e1f58ba51d1fa,sha256:f8216e0ee0fb08b645532bf600e9e968e1c19fb1d39f392dcaf92a65781ca553,1.0,ok
trellm-v0.3-iclr-protocol,sha256:f72c1451c2a1818b1469b58bcb7c3a10c0d7a3b99bee680329e31807a6036cb5,deepseek__deepseek_v4_pro__synthetic_high_volatility_c0_v0_3__c0__e0__seed_43__sample_2,deepseek,deepseek-v4-pro,api-pinned-2026-07-02,synthetic_high_volatility_c0_v0_3,C0,43,2,E0,24,24,sha256:237dbdd12c5fd962fa627f5c0dc4dedc76db547f5fc954d318c7327699ea39ad,sha256:5946ce8bae545a1dbf51764a71a616610e9ce7bbaf175cbd753f958089946a99,sha256:e7b9a926986533defb409944abba25455079d800d662c72cb404890928732b41,sha256:f8216e0ee0fb08b645532bf600e9e968e1c19fb1d39f392dcaf92a65781ca553,1.0,ok
trellm-v0.3-iclr-protocol,sha256:5e8e1960eda8474978bf360c4accad66dd2fbf1da1b2864ee453c02a62e417bb,deepseek__deepseek_v4_pro__synthetic_high_volatility_c0_v0_3__c0__e0__seed_47__sample_0,deepseek,deepseek-v4-pro,api-pinned-2026-07-02,synthetic_high_volatility_c0_v0_3,C0,47,0,E0,24,24,sha256:33cd0ff4a45f58afae7a40fab19ff218c665eac87db02500dde61623ce5a40a1,sha256:a0c61b9102417e38b015f052b2a74ca56b293c131e058024fea31d1100250952,sha256:bca25c9c4f5c14704a95f7537a2afd38d7b67f2a3df1687371b3481ec5b7f811,sha256:f8216e0ee0fb08b645532bf600e9e968e1c19fb1d39f392dcaf92a65781ca553,1.0,ok
trellm-v0.3-iclr-protocol,sha256:4297963bf03974c831f280f20ecd1d1bcb960b5969484985aae5fed650a09016,deepseek__deepseek_v4_pro__synthetic_high_volatility_c0_v0_3__c0__e0__seed_47__sample_1,deepseek,deepseek-v4-pro,api-pinned-2026-07-02,synthetic_high_volatility_c0_v0_3,C0,47,1,E0,24,24,sha256:577741074a18ab07873aeacd0aa9e9f94d97b4aedda1a3b0022143b862b7e8fb,sha256:a0c61b9102417e38b015f052b2a74ca56b293c131e058024fea31d1100250952,sha256:efb2dac6cd6a385a93802613a89a4f9abf5bedfb8ce4fee84264ed989332de23,sha256:f8216e0ee0fb08b645532bf600e9e968e1c19fb1d39f392dcaf92a65781ca553,1.0,ok
trellm-v0.3-iclr-protocol,sha256:9cbdf5d6c7455b5ebcb8766395fb2dcb5fa63c9f23565dbb840b285173cd487e,deepseek__deepseek_v4_pro__synthetic_high_volatility_c0_v0_3__c0__e0__seed_47__sample_2,deepseek,deepseek-v4-pro,api-pinned-2026-07-02,synthetic_high_volatility_c0_v0_3,C0,47,2,E0,24,24,sha256:bbd58f180fede61958f290e354d9d1f48120a00819015a29ec98eebbf1501f5e,sha256:a0c61b9102417e38b015f052b2a74ca56b293c131e058024fea31d1100250952,sha256:1251827d687880728276e62c3b37eb4eed4a460160665da2da013237fa886b69,sha256:f8216e0ee0fb08b645532bf600e9e968e1c19fb1d39f392dcaf92a65781ca553,1.0,ok
trellm-v0.3-iclr-protocol,sha256:85b4d05ae6adf7b5b5ca6ac160fa73dba22067c3271a8e1eb6aa8c8921086db9,deepseek__deepseek_v4_pro__synthetic_high_volatility_c0_v0_3__c0__e0__seed_53__sample_0,deepseek,deepseek-v4-pro,api-pinned-2026-07-02,synthetic_high_volatility_c0_v0_3,C0,53,0,E0,24,24,sha256:32e249cdf7e8ba8bfd8555a8cf97bbc734a308ffe37e5b61c35eb8931cd8c347,sha256:db91a217fe8fc8aa34d3169d8bead3be541bf2fa56d50356b7fe46c470998772,sha256:ae1dc51d0fbddaa1c90edd44a565d31171a1c21e6f860d0341910841cb8ca17c,sha256:f8216e0ee0fb08b645532bf600e9e968e1c19fb1d39f392dcaf92a65781ca553,1.0,ok
trellm-v0.3-iclr-protocol,sha256:2a796edea04b5307c8e80f42f399b94acfc0719a47bed846448e38c962125aeb,deepseek__deepseek_v4_pro__synthetic_high_volatility_c0_v0_3__c0__e0__seed_53__sample_1,deepseek,deepseek-v4-pro,api-pinned-2026-07-02,synthetic_high_volatility_c0_v0_3,C0,53,1,E0,24,24,sha256:1f7d809b191943bdc4d68d43606d0627fbf4bb971a3ff532e15af693c4a970c7,sha256:db91a217fe8fc8aa34d3169d8bead3be541bf2fa56d50356b7fe46c470998772,sha256:4b12a0cd6905ae29c3b00c912716b8788bbb8509b06c3d52d57d6038f8faac8f,sha256:f8216e0ee0fb08b645532bf600e9e968e1c19fb1d39f392dcaf92a65781ca553,1.0,ok
trellm-v0.3-iclr-protocol,sha256:33bd873cbb4443257eacfd14c05cfc5918026e1ce0b022f6d3b3a225e08a4e45,deepseek__deepseek_v4_pro__synthetic_high_volatility_c0_v0_3__c0__e0__seed_53__sample_2,deepseek,deepseek-v4-pro,api-pinned-2026-07-02,synthetic_high_volatility_c0_v0_3,C0,53,2,E0,24,24,sha256:f605b357e2d67bcf5c2fe30a124f00dab7ce7afd0e5f449e1e967c58d89367a8,sha256:db91a217fe8fc8aa34d3169d8bead3be541bf2fa56d50356b7fe46c470998772,sha256:d1fe360efe9944231cdd3b244d2172735d3c512fbedfbd5a123e490e07855bd2,sha256:f8216e0ee0fb08b645532bf600e9e968e1c19fb1d39f392dcaf92a65781ca553,1.0,ok
trellm-v0.3-iclr-protocol,sha256:225d86c2f95380cb79fe3e7c636822e2a6e7e0243f0b86c97f663c25b3296d4f,deepseek__deepseek_v4_pro__synthetic_high_volatility_c0_v0_3__c0__e0__seed_7__sample_0,deepseek,deepseek-v4-pro,api-pinned-2026-07-02,synthetic_high_volatility_c0_v0_3,C0,7,0,E0,24,24,sha256:7980d7a756895adad4c2d853f38b91ff8eca5a0b00a74b110c7a70fd2c3742e7,sha256:3b604643494f1b362f8c9bdea8a5364a62b168fcc223ad19c913186be7b6d5bc,sha256:6b7e089263f7703d7440488b4315e859466eecf68ba5483bc9a88420de4215dc,sha256:f8216e0ee0fb08b645532bf600e9e968e1c19fb1d39f392dcaf92a65781ca553,1.0,ok
trellm-v0.3-iclr-protocol,sha256:57cb92a6eba43f8c2656c6abe9dd718123bdffc1b1a0798b11c8ab5c98479332,deepseek__deepseek_v4_pro__synthetic_high_volatility_c0_v0_3__c0__e0__seed_7__sample_1,deepseek,deepseek-v4-pro,api-pinned-2026-07-02,synthetic_high_volatility_c0_v0_3,C0,7,1,E0,24,24,sha256:fb2720f1fd143d5bcf9179f27538ae4ac4732a03b6f3d9888b228068ebef8fa1,sha256:3b604643494f1b362f8c9bdea8a5364a62b168fcc223ad19c913186be7b6d5bc,sha256:e98c287806eb075e95c2960d3dd1d1369d4156c321d0c285d2dff2c964f34585,sha256:f8216e0ee0fb08b645532bf600e9e968e1c19fb1d39f392dcaf92a65781ca553,1.0,ok
trellm-v0.3-iclr-protocol,sha256:fab74ad375dc716b94ba1cd9ac98ddb1022a26416bdfd09ba083042b74480de1,deepseek__deepseek_v4_pro__synthetic_high_volatility_c0_v0_3__c0__e0__seed_7__sample_2,deepseek,deepseek-v4-pro,api-pinned-2026-07-02,synthetic_high_volatility_c0_v0_3,C0,7,2,E0,24,24,sha256:f709e7b9283b5341a55cdfe9da165b146b9506d56fb13e31e981052a0417cfb2,sha256:3b604643494f1b362f8c9bdea8a5364a62b168fcc223ad19c913186be7b6d5bc,sha256:3040df1b0c313e40758a95ca7a864d64c9c6d497ab323c818dbadadf788b89c2,sha256:f8216e0ee0fb08b645532bf600e9e968e1c19fb1d39f392dcaf92a65781ca553,1.0,ok
trellm-v0.3-iclr-protocol,sha256:60093823a0d369fe830f13c4683b2d0c7f2c3eff4ee8abdf62809e139ce7639d,deepseek__deepseek_v4_pro__synthetic_high_volatility_c0_v0_3__c0__e1__seed_11__sample_0,deepseek,deepseek-v4-pro,api-pinned-2026-07-02,synthetic_high_volatility_c0_v0_3,C0,11,0,E1,24,24,sha256:a627d0fcade595ed9f2e4fe2f3b22af8ca5a98752ef13e5bf34e0ca913726fef,sha256:873acfdb15cb5c2b6463680e51e25bd3cefa25e690c0fa7d15aba4526737df13,sha256:9d1bef5979732716d496d679f4970585c7fde763ab4b5d5f6010ffabdd9336ac,sha256:f8216e0ee0fb08b645532bf600e9e968e1c19fb1d39f392dcaf92a65781ca553,1.0,ok
trellm-v0.3-iclr-protocol,sha256:205724c2ee90c5f55f6d2c68a329b1428fa0492990b4b0f4137442113b2e4124,deepseek__deepseek_v4_pro__synthetic_high_volatility_c0_v0_3__c0__e1__seed_11__sample_1,deepseek,deepseek-v4-pro,api-pinned-2026-07-02,synthetic_high_volatility_c0_v0_3,C0,11,1,E1,24,24,sha256:154339311b7913a61ce854c6c3f189eb70a81e73282aa1d28bf2c93fa56778c1,sha256:873acfdb15cb5c2b6463680e51e25bd3cefa25e690c0fa7d15aba4526737df13,sha256:bf9e9b3670a10bccf0b2d080add939d8905dea7187ccccce903e91f8a4a9d04e,sha256:f8216e0ee0fb08b645532bf600e9e968e1c19fb1d39f392dcaf92a65781ca553,1.0,ok
trellm-v0.3-iclr-protocol,sha256:61f6a133e4cf7c6986b3ce557a9d04379d6d13c36517015ff66fce005909e736,deepseek__deepseek_v4_pro__synthetic_high_volatility_c0_v0_3__c0__e1__seed_11__sample_2,deepseek,deepseek-v4-pro,api-pinned-2026-07-02,synthetic_high_volatility_c0_v0_3,C0,11,2,E1,24,24,sha256:0b8130468f68e3add46ecc7b2a6dd26a547f701c429200eec1f789065ff1ef40,sha256:873acfdb15cb5c2b6463680e51e25bd3cefa25e690c0fa7d15aba4526737df13,sha256:3419c8ee057074c12b2f246cf2f216f914adade990a17ad2942a68f8721ada58,sha256:f8216e0ee0fb08b645532bf600e9e968e1c19fb1d39f392dcaf92a65781ca553,1.0,ok
trellm-v0.3-iclr-protocol,sha256:e80e76868622caf4712609c54bf0b4b334ada312a8d35d025bd61c784acecd06,deepseek__deepseek_v4_pro__synthetic_high_volatility_c0_v0_3__c0__e1__seed_17__sample_0,deepseek,deepseek-v4-pro,api-pinned-2026-07-02,synthetic_high_volatility_c0_v0_3,C0,17,0,E1,24,24,sha256:dd91ee55a923f12564a29ca637116715c50466e66420edb31a70795df578daaf,sha256:bfa7f9bf1ee2a6f81bbb09efc720229dfa74de6c1d89ecdc78e1bda1e131c356,sha256:8e2e9ca911868636022e51a364031b4d17b594f4534a00d697a6e2998f54707e,sha256:f8216e0ee0fb08b645532bf600e9e968e1c19fb1d39f392dcaf92a65781ca553,1.0,ok
trellm-v0.3-iclr-protocol,sha256:7acbf65df5c199ad795a354b9b8168ae013d2bf2d498df80c5c48ada7fb94cce,deepseek__deepseek_v4_pro__synthetic_high_volatility_c0_v0_3__c0__e1__seed_17__sample_1,deepseek,deepseek-v4-pro,api-pinned-2026-07-02,synthetic_high_volatility_c0_v0_3,C0,17,1,E1,24,24,sha256:99a407312763c819062cc10447d6c55aca5ecb816528457b305dcfa9d3de4b88,sha256:bfa7f9bf1ee2a6f81bbb09efc720229dfa74de6c1d89ecdc78e1bda1e131c356,sha256:eb147ce8d3fa841bdd81d009d1aefe303b9619a824ef231600768b04a25b5f6a,sha256:f8216e0ee0fb08b645532bf600e9e968e1c19fb1d39f392dcaf92a65781ca553,1.0,ok
trellm-v0.3-iclr-protocol,sha256:aa4b7d8dd3a82408bde96a98c9ad90ef09ffee79789c8c957e6fd3ba7efec0b6,deepseek__deepseek_v4_pro__synthetic_high_volatility_c0_v0_3__c0__e1__seed_17__sample_2,deepseek,deepseek-v4-pro,api-pinned-2026-07-02,synthetic_high_volatility_c0_v0_3,C0,17,2,E1,24,24,sha256:d7212c093e7b07bb2b4f2e12c6ab8c2288d42262afd53328a50c036841f3c7c4,sha256:bfa7f9bf1ee2a6f81bbb09efc720229dfa74de6c1d89ecdc78e1bda1e131c356,sha256:0a8057ee3b42aff08a575175c7c2fc3c13353937a296b0239254f0950441d8dd,sha256:f8216e0ee0fb08b645532bf600e9e968e1c19fb1d39f392dcaf92a65781ca553,1.0,ok
trellm-v0.3-iclr-protocol,sha256:713f867d69defe0c2b0e30ed610ac224cd6157ff5a2ee0d791dad95d1268225c,deepseek__deepseek_v4_pro__synthetic_high_volatility_c0_v0_3__c0__e1__seed_23__sample_0,deepseek,deepseek-v4-pro,api-pinned-2026-07-02,synthetic_high_volatility_c0_v0_3,C0,23,0,E1,24,24,sha256:7ff1c4b07fed983a88db3c33b26774c51f0a6e50aab55fe861f5adb1753a7fc6,sha256:551323cc1afc033d3e2d0a07e0ca1a9c4a562c360ee79f93bc27a5a9d0c481e3,sha256:ba2d495b151c9535428101ae2b6ba7e31f6d8bcad464d269fdf68dbc15c082d4,sha256:f8216e0ee0fb08b645532bf600e9e968e1c19fb1d39f392dcaf92a65781ca553,1.0,ok
trellm-v0.3-iclr-protocol,sha256:f030e5828cffd2fa0dc2144b62c99c7caea76174dd262c48ddd47615a8950a6b,deepseek__deepseek_v4_pro__synthetic_high_volatility_c0_v0_3__c0__e1__seed_23__sample_1,deepseek,deepseek-v4-pro,api-pinned-2026-07-02,synthetic_high_volatility_c0_v0_3,C0,23,1,E1,24,24,sha256:3b9c134cc7c7f7aee359f624689add21d64e275b00babb3ba4788f3944866a62,sha256:551323cc1afc033d3e2d0a07e0ca1a9c4a562c360ee79f93bc27a5a9d0c481e3,sha256:b08d1c21c53cd535adb7f1e8ae13911896fe5d10e86ca778f32414157b9c68b4,sha256:f8216e0ee0fb08b645532bf600e9e968e1c19fb1d39f392dcaf92a65781ca553,1.0,ok
trellm-v0.3-iclr-protocol,sha256:d5965199c172d42c08a106efdbee4b48ee8bf95cc7024df2ff4d7bfb310883bd,deepseek__deepseek_v4_pro__synthetic_high_volatility_c0_v0_3__c0__e1__seed_23__sample_2,deepseek,deepseek-v4-pro,api-pinned-2026-07-02,synthetic_high_volatility_c0_v0_3,C0,23,2,E1,24,24,sha256:e307bfeec7943a66e8437672e87f937bcf83c5f0899e19452752087233bc46af,sha256:551323cc1afc033d3e2d0a07e0ca1a9c4a562c360ee79f93bc27a5a9d0c481e3,sha256:96105fa8ebdf480daa45f0f9b5a9b6d30aa1809de8f01f3b2780271a42feb8ee,sha256:f8216e0ee0fb08b645532bf600e9e968e1c19fb1d39f392dcaf92a65781ca553,1.0,ok
trellm-v0.3-iclr-protocol,sha256:57fb9f044281193d92844fa99e534225bc71f708039d5c9e63bac9190158b965,deepseek__deepseek_v4_pro__synthetic_high_volatility_c0_v0_3__c0__e1__seed_31__sample_0,deepseek,deepseek-v4-pro,api-pinned-2026-07-02,synthetic_high_volatility_c0_v0_3,C0,31,0,E1,24,24,sha256:c9a4ae86e6061986fe5535a58c692b001fd3a3c64c89309eafb1c9f3e25afb6d,sha256:1021022118de71255deb2c10ed49eb2a119ddd2786e18602813062a0a0377aea,sha256:1ab4b42a2df479bf687a6a0b865089d1101330644b6b46e72df86f402301b37a,sha256:f8216e0ee0fb08b645532bf600e9e968e1c19fb1d39f392dcaf92a65781ca553,1.0,ok
trellm-v0.3-iclr-protocol,sha256:fef6ebbdde05eb88026201288fa6924d03479a3327f0ae0fad6e7391e1c71e3b,deepseek__deepseek_v4_pro__synthetic_high_volatility_c0_v0_3__c0__e1__seed_31__sample_1,deepseek,deepseek-v4-pro,api-pinned-2026-07-02,synthetic_high_volatility_c0_v0_3,C0,31,1,E1,24,24,sha256:7cbd1e24f6e89a47fe1fc51a75ad0c5cff1f456dfa6a23650629b895e7fecc9a,sha256:1021022118de71255deb2c10ed49eb2a119ddd2786e18602813062a0a0377aea,sha256:e7c926b6369532e41679ff3e8c61883177efdef2204e7f8ffad29910c9f6fb81,sha256:f8216e0ee0fb08b645532bf600e9e968e1c19fb1d39f392dcaf92a65781ca553,1.0,ok
trellm-v0.3-iclr-protocol,sha256:f80b70af5989588aba464fc538fe223d39a33b5cf11b4a607264e9b65b1a2ad4,deepseek__deepseek_v4_pro__synthetic_high_volatility_c0_v0_3__c0__e1__seed_31__sample_2,deepseek,deepseek-v4-pro,api-pinned-2026-07-02,synthetic_high_volatility_c0_v0_3,C0,31,2,E1,24,24,sha256:d25948cc882e8065f4ae89ce7a0c798e66b5089102ec3c080bbc5f4ca088990f,sha256:1021022118de71255deb2c10ed49eb2a119ddd2786e18602813062a0a0377aea,sha256:3b7b661aa8b2c1368967cef0be014122bf033e97105f0cdabae0c3731b13f285,sha256:f8216e0ee0fb08b645532bf600e9e968e1c19fb1d39f392dcaf92a65781ca553,1.0,ok
trellm-v0.3-iclr-protocol,sha256:41f9eb8cbb7f354bc6a001c5f4b193af6cf38d89b699a618000fad3d150992bc,deepseek__deepseek_v4_pro__synthetic_high_volatility_c0_v0_3__c0__e1__seed_37__sample_0,deepseek,deepseek-v4-pro,api-pinned-2026-07-02,synthetic_high_volatility_c0_v0_3,C0,37,0,E1,24,24,sha256:204ac0588192049e268b0ccd1184adbc9d45075119c17fab64c018d52f8e07c9,sha256:b132c032bc50357d7efc44d0f410be3986234dad6afe089a9d597b27e483f472,sha256:2061e04e0f404de2f00ff824ee090d438c06b2f2b5c944191485a48dce20cceb,sha256:f8216e0ee0fb08b645532bf600e9e968e1c19fb1d39f392dcaf92a65781ca553,1.0,ok
trellm-v0.3-iclr-protocol,sha256:e50fed09affb2513e2171e67bdf48957204d38f09f50d4bd1409294837c3e46c,deepseek__deepseek_v4_pro__synthetic_high_volatility_c0_v0_3__c0__e1__seed_37__sample_1,deepseek,deepseek-v4-pro,api-pinned-2026-07-02,synthetic_high_volatility_c0_v0_3,C0,37,1,E1,24,24,sha256:7b13cc69b11c04e5da223e99f492daa524b4996bb33194b93348079d4d9f3452,sha256:b132c032bc50357d7efc44d0f410be3986234dad6afe089a9d597b27e483f472,sha256:aed83622ec307cba743b837124da53cf7337e514697acf7f0cf8c903ebff1983,sha256:f8216e0ee0fb08b645532bf600e9e968e1c19fb1d39f392dcaf92a65781ca553,1.0,ok
trellm-v0.3-iclr-protocol,sha256:6bcf7107b5ff3b4d4e0668c3f03dae8cdeff8d23c1d3b39698510cf9cdd58ef2,deepseek__deepseek_v4_pro__synthetic_high_volatility_c0_v0_3__c0__e1__seed_37__sample_2,deepseek,deepseek-v4-pro,api-pinned-2026-07-02,synthetic_high_volatility_c0_v0_3,C0,37,2,E1,24,24,sha256:51b63eea0c2a1c27d1cd5ef67ac8ba0aed7af56e51ad2b5c3ff28283c6b64b35,sha256:b132c032bc50357d7efc44d0f410be3986234dad6afe089a9d597b27e483f472,sha256:29f17851510b9b5b591cfee31e0c794c7b23967e1666a44a36eceadddccece5a,sha256:f8216e0ee0fb08b645532bf600e9e968e1c19fb1d39f392dcaf92a65781ca553,1.0,ok
trellm-v0.3-iclr-protocol,sha256:f48a21c6cdd3edc685d66e60c9295846c66ad0b8a844bbeea2302557107e12f2,deepseek__deepseek_v4_pro__synthetic_high_volatility_c0_v0_3__c0__e1__seed_41__sample_0,deepseek,deepseek-v4-pro,api-pinned-2026-07-02,synthetic_high_volatility_c0_v0_3,C0,41,0,E1,24,24,sha256:90ce5e590441824b5a290ec658ade4af146362d6761cb781dddb24704a4cb742,sha256:1593778ea9510d1a25509a0daa5b2f1478afbb0d78cee852f5262ed52a03943e,sha256:b843cd00a52849525e8d7c79fa017d595d98cd80c7b5c7b4322416c897e4d8f1,sha256:f8216e0ee0fb08b645532bf600e9e968e1c19fb1d39f392dcaf92a65781ca553,1.0,ok
trellm-v0.3-iclr-protocol,sha256:894d2ac3e6c3f79314dbbeb95ca52c172fe72857cf3b113fe0ab878452cc6804,deepseek__deepseek_v4_pro__synthetic_high_volatility_c0_v0_3__c0__e1__seed_41__sample_1,deepseek,deepseek-v4-pro,api-pinned-2026-07-02,synthetic_high_volatility_c0_v0_3,C0,41,1,E1,24,24,sha256:446f57b4081208d7a811f69f92b824272ed1563b9501647a7eb2b17747ac120d,sha256:1593778ea9510d1a25509a0daa5b2f1478afbb0d78cee852f5262ed52a03943e,sha256:df5cbced60059c706fba7c9cb0e82caa04e3589b37b4e03212cec23d8aaf9ce7,sha256:f8216e0ee0fb08b645532bf600e9e968e1c19fb1d39f392dcaf92a65781ca553,1.0,ok
trellm-v0.3-iclr-protocol,sha256:f748aa2596ced8b285d3345ce354faa58f27735200fd34c27dd4f7d298e79d96,deepseek__deepseek_v4_pro__synthetic_high_volatility_c0_v0_3__c0__e1__seed_41__sample_2,deepseek,deepseek-v4-pro,api-pinned-2026-07-02,synthetic_high_volatility_c0_v0_3,C0,41,2,E1,24,24,sha256:7e6d460a175f205037d93ed3ac01b6f1eb1695aa0846360fce1386135380f834,sha256:1593778ea9510d1a25509a0daa5b2f1478afbb0d78cee852f5262ed52a03943e,sha256:4fd72e09e158138156ec85fcb44946f09d31ab2d73b2fa8947e88ec9fa584df4,sha256:f8216e0ee0fb08b645532bf600e9e968e1c19fb1d39f392dcaf92a65781ca553,1.0,ok
trellm-v0.3-iclr-protocol,sha256:5cdeb87cfa1f034a87458e4be305f51656ba4e2f3ed723ef045b4d4a340081cb,deepseek__deepseek_v4_pro__synthetic_high_volatility_c0_v0_3__c0__e1__seed_43__sample_0,deepseek,deepseek-v4-pro,api-pinned-2026-07-02,synthetic_high_volatility_c0_v0_3,C0,43,0,E1,24,24,sha256:9144f04cc230c03935726e5e5f6d8889f924928f82620f7cab60c8e6487d85cd,sha256:5946ce8bae545a1dbf51764a71a616610e9ce7bbaf175cbd753f958089946a99,sha256:6b7e089263f7703d7440488b4315e859466eecf68ba5483bc9a88420de4215dc,sha256:f8216e0ee0fb08b645532bf600e9e968e1c19fb1d39f392dcaf92a65781ca553,1.0,ok
trellm-v0.3-iclr-protocol,sha256:8c2fa6fac199ac612e603811aca82dcade162ef9d38b171d279cc2e3ee7b2746,deepseek__deepseek_v4_pro__synthetic_high_volatility_c0_v0_3__c0__e1__seed_43__sample_1,deepseek,deepseek-v4-pro,api-pinned-2026-07-02,synthetic_high_volatility_c0_v0_3,C0,43,1,E1,24,24,sha256:547417858fe32b96060e906aba381b630beffa2aba4f05090d15381d80fba6a6,sha256:5946ce8bae545a1dbf51764a71a616610e9ce7bbaf175cbd753f958089946a99,sha256:b6de3fc1bc61bfd0ea449771c4add72d98044a261e3a4e5ed4264f96137e8933,sha256:f8216e0ee0fb08b645532bf600e9e968e1c19fb1d39f392dcaf92a65781ca553,1.0,ok
trellm-v0.3-iclr-protocol,sha256:f72c1451c2a1818b1469b58bcb7c3a10c0d7a3b99bee680329e31807a6036cb5,deepseek__deepseek_v4_pro__synthetic_high_volatility_c0_v0_3__c0__e1__seed_43__sample_2,deepseek,deepseek-v4-pro,api-pinned-2026-07-02,synthetic_high_volatility_c0_v0_3,C0,43,2,E1,24,24,sha256:783345b82758756283e078c09d602377cbb0a73b1d5bdaf0cc9cb0275e6e07c9,sha256:5946ce8bae545a1dbf51764a71a616610e9ce7bbaf175cbd753f958089946a99,sha256:47592805e54e0ee7e8060640b36a088b440125312d947e7d3e5527eff2eed259,sha256:f8216e0ee0fb08b645532bf600e9e968e1c19fb1d39f392dcaf92a65781ca553,1.0,ok
trellm-v0.3-iclr-protocol,sha256:5e8e1960eda8474978bf360c4accad66dd2fbf1da1b2864ee453c02a62e417bb,deepseek__deepseek_v4_pro__synthetic_high_volatility_c0_v0_3__c0__e1__seed_47__sample_0,deepseek,deepseek-v4-pro,api-pinned-2026-07-02,synthetic_high_volatility_c0_v0_3,C0,47,0,E1,24,24,sha256:62aa0d81059bddf9008ddba2083390fce2216caae8edccc939424ccfde961c52,sha256:a0c61b9102417e38b015f052b2a74ca56b293c131e058024fea31d1100250952,sha256:c8f4e34e6fa604f368f4217eac636f753998fe7a8579cb4227be6629fe20a4bb,sha256:f8216e0ee0fb08b645532bf600e9e968e1c19fb1d39f392dcaf92a65781ca553,1.0,ok
trellm-v0.3-iclr-protocol,sha256:4297963bf03974c831f280f20ecd1d1bcb960b5969484985aae5fed650a09016,deepseek__deepseek_v4_pro__synthetic_high_volatility_c0_v0_3__c0__e1__seed_47__sample_1,deepseek,deepseek-v4-pro,api-pinned-2026-07-02,synthetic_high_volatility_c0_v0_3,C0,47,1,E1,24,24,sha256:81ed046e0f04b4dfe5ecb51b62aa3b27eeea554218211e1d9f27b36edb8bf2b1,sha256:a0c61b9102417e38b015f052b2a74ca56b293c131e058024fea31d1100250952,sha256:db05b348ff0d73e5ae123c288d093604987e3f1f4c6949ccb3438b360802b50d,sha256:f8216e0ee0fb08b645532bf600e9e968e1c19fb1d39f392dcaf92a65781ca553,1.0,ok
trellm-v0.3-iclr-protocol,sha256:9cbdf5d6c7455b5ebcb8766395fb2dcb5fa63c9f23565dbb840b285173cd487e,deepseek__deepseek_v4_pro__synthetic_high_volatility_c0_v0_3__c0__e1__seed_47__sample_2,deepseek,deepseek-v4-pro,api-pinned-2026-07-02,synthetic_high_volatility_c0_v0_3,C0,47,2,E1,24,24,sha256:0613de05144be7160f5249aa1c641dd2f77e131162f2a3fec74b7a1ead57ec35,sha256:a0c61b9102417e38b015f052b2a74ca56b293c131e058024fea31d1100250952,sha256:45868487d4d01fe493af04f04297a2029e53ace14cbf508c4a122871bb71035b,sha256:f8216e0ee0fb08b645532bf600e9e968e1c19fb1d39f392dcaf92a65781ca553,1.0,ok
trellm-v0.3-iclr-protocol,sha256:85b4d05ae6adf7b5b5ca6ac160fa73dba22067c3271a8e1eb6aa8c8921086db9,deepseek__deepseek_v4_pro__synthetic_high_volatility_c0_v0_3__c0__e1__seed_53__sample_0,deepseek,deepseek-v4-pro,api-pinned-2026-07-02,synthetic_high_volatility_c0_v0_3,C0,53,0,E1,24,24,sha256:cbb028578fe68570ca01f9d4b7fb367804a1d4eb4a215acf60802c3b5bdd9fec,sha256:db91a217fe8fc8aa34d3169d8bead3be541bf2fa56d50356b7fe46c470998772,sha256:1f3c89e9bc636882c2f937bce75068209fa0c0219524e8be44ff4ecee547f772,sha256:f8216e0ee0fb08b645532bf600e9e968e1c19fb1d39f392dcaf92a65781ca553,1.0,ok
trellm-v0.3-iclr-protocol,sha256:2a796edea04b5307c8e80f42f399b94acfc0719a47bed846448e38c962125aeb,deepseek__deepseek_v4_pro__synthetic_high_volatility_c0_v0_3__c0__e1__seed_53__sample_1,deepseek,deepseek-v4-pro,api-pinned-2026-07-02,synthetic_high_volatility_c0_v0_3,C0,53,1,E1,24,24,sha256:e8a3fb0f28d191a23255d3997327940b6769786a188f416960121f5559bbeaeb,sha256:db91a217fe8fc8aa34d3169d8bead3be541bf2fa56d50356b7fe46c470998772,sha256:e1b642c6499f2358cd9f8d56cc12ce2bfd1ab9c79c2aca2cffd30094c52af6a8,sha256:f8216e0ee0fb08b645532bf600e9e968e1c19fb1d39f392dcaf92a65781ca553,1.0,ok
trellm-v0.3-iclr-protocol,sha256:33bd873cbb4443257eacfd14c05cfc5918026e1ce0b022f6d3b3a225e08a4e45,deepseek__deepseek_v4_pro__synthetic_high_volatility_c0_v0_3__c0__e1__seed_53__sample_2,deepseek,deepseek-v4-pro,api-pinned-2026-07-02,synthetic_high_volatility_c0_v0_3,C0,53,2,E1,24,24,sha256:2523ae3dfa9402db9dd94350c2161b88cf2ba8585473b02652c6d631c3431297,sha256:db91a217fe8fc8aa34d3169d8bead3be541bf2fa56d50356b7fe46c470998772,sha256:5f1ba764d23c96453ca7752785ab486edce2bf815621a934d76d3f4b23cefa96,sha256:f8216e0ee0fb08b645532bf600e9e968e1c19fb1d39f392dcaf92a65781ca553,1.0,ok
trellm-v0.3-iclr-protocol,sha256:225d86c2f95380cb79fe3e7c636822e2a6e7e0243f0b86c97f663c25b3296d4f,deepseek__deepseek_v4_pro__synthetic_high_volatility_c0_v0_3__c0__e1__seed_7__sample_0,deepseek,deepseek-v4-pro,api-pinned-2026-07-02,synthetic_high_volatility_c0_v0_3,C0,7,0,E1,24,24,sha256:176f5e36cd336c929ecea779c9118c9ca58afdd8cbe7259dc95fb0e7812497be,sha256:3b604643494f1b362f8c9bdea8a5364a62b168fcc223ad19c913186be7b6d5bc,sha256:e1043158778a0f45a68f8e9bae5353c4c2541996a050a79848051fe86c11849d,sha256:f8216e0ee0fb08b645532bf600e9e968e1c19fb1d39f392dcaf92a65781ca553,1.0,ok
trellm-v0.3-iclr-protocol,sha256:57cb92a6eba43f8c2656c6abe9dd718123bdffc1b1a0798b11c8ab5c98479332,deepseek__deepseek_v4_pro__synthetic_high_volatility_c0_v0_3__c0__e1__seed_7__sample_1,deepseek,deepseek-v4-pro,api-pinned-2026-07-02,synthetic_high_volatility_c0_v0_3,C0,7,1,E1,24,24,sha256:a78fc7dc4161d437e96d515e038a213410beec95adeb683a00f18257235aeb64,sha256:3b604643494f1b362f8c9bdea8a5364a62b168fcc223ad19c913186be7b6d5bc,sha256:6567193391009cea3086564920f0451bcf6652a3a4fd8f244134eb23b8255296,sha256:f8216e0ee0fb08b645532bf600e9e968e1c19fb1d39f392dcaf92a65781ca553,1.0,ok
trellm-v0.3-iclr-protocol,sha256:fab74ad375dc716b94ba1cd9ac98ddb1022a26416bdfd09ba083042b74480de1,deepseek__deepseek_v4_pro__synthetic_high_volatility_c0_v0_3__c0__e1__seed_7__sample_2,deepseek,deepseek-v4-pro,api-pinned-2026-07-02,synthetic_high_volatility_c0_v0_3,C0,7,2,E1,24,24,sha256:3e6311d7df354de2b04108e86189a7bf17b27685c2fbb78cf2fe0ab1267453f4,sha256:3b604643494f1b362f8c9bdea8a5364a62b168fcc223ad19c913186be7b6d5bc,sha256:6b7e089263f7703d7440488b4315e859466eecf68ba5483bc9a88420de4215dc,sha256:f8216e0ee0fb08b645532bf600e9e968e1c19fb1d39f392dcaf92a65781ca553,1.0,ok
trellm-v0.3-iclr-protocol,sha256:0b5c043507345020846cb98a47d0d156d1caa8ef77c84591ef59b359e417b4fb,deepseek__deepseek_v4_pro__synthetic_jump_tail_c0_v0_3__c0__e0__seed_11__sample_0,deepseek,deepseek-v4-pro,api-pinned-2026-07-02,synthetic_jump_tail_c0_v0_3,C0,11,0,E0,24,24,sha256:2be4761c87ffecb253ecda736c9eee7a75b218894feb2e492d998aa744424811,sha256:b4c557e3f79c0d39616f7010dc230caab78dfa3a314330998cccc53e2d4945b2,sha256:35a0f3818dcbe41109584349a653b64c726329277a77337a2766e74f3e77fe72,sha256:f8216e0ee0fb08b645532bf600e9e968e1c19fb1d39f392dcaf92a65781ca553,1.0,ok
trellm-v0.3-iclr-protocol,sha256:9b384abcc321795c43be7e3b09f09078faa21a7639d70389914913df77404df5,deepseek__deepseek_v4_pro__synthetic_jump_tail_c0_v0_3__c0__e0__seed_11__sample_1,deepseek,deepseek-v4-pro,api-pinned-2026-07-02,synthetic_jump_tail_c0_v0_3,C0,11,1,E0,24,24,sha256:86abb1babd8187b2ca0aa4cdf4d7ca5bb75535855ff8653a4010d542501aa823,sha256:b4c557e3f79c0d39616f7010dc230caab78dfa3a314330998cccc53e2d4945b2,sha256:db52d46336be6b3c3b983b00742da0a787fc353281905f589469740ecbe8422e,sha256:f8216e0ee0fb08b645532bf600e9e968e1c19fb1d39f392dcaf92a65781ca553,1.0,ok
trellm-v0.3-iclr-protocol,sha256:15f0d974ebdc96c1c52ce9518f84da9611803824e7b8e2a694122146dad80522,deepseek__deepseek_v4_pro__synthetic_jump_tail_c0_v0_3__c0__e0__seed_11__sample_2,deepseek,deepseek-v4-pro,api-pinned-2026-07-02,synthetic_jump_tail_c0_v0_3,C0,11,2,E0,24,24,sha256:7b1c91fe59357e8c6fa5e80ca447b143b86890630a49bd5fc331e271142c638e,sha256:43105f6e90b6fe2e1c3117694a4b0f9491e5b412f8e9cccee804b08bd5b3a637,sha256:70b18d93b9d10235f14a5c933ab9765eeafb1a560775b7ef662c1cff5cff2088,sha256:0f043f0c027982bdcc653b632f498084283f573b590db46ef2322d0574e513b3,1.0,ok
trellm-v0.3-iclr-protocol,sha256:9adef380e0c0638b278000b760e77b8e724ba344329abf0bb86e89e5a4d5735c,deepseek__deepseek_v4_pro__synthetic_jump_tail_c0_v0_3__c0__e0__seed_17__sample_0,deepseek,deepseek-v4-pro,api-pinned-2026-07-02,synthetic_jump_tail_c0_v0_3,C0,17,0,E0,24,24,sha256:addec0f7cc26adc5e507a62e3b1b6c25e865f32f6cf644249ce89559b4b259af,sha256:e6a4e68f38fb42dee63879cd736c5c9732df30c8f73e2a803f77087d2f85033e,sha256:8e4ea18ddac4ae71a84b6da3f635cab3d46054a8289f7a6a1afc1d117c2927fd,sha256:f8216e0ee0fb08b645532bf600e9e968e1c19fb1d39f392dcaf92a65781ca553,1.0,ok
trellm-v0.3-iclr-protocol,sha256:54d5e6c6aa3667b028d10d4a4bb4e607355127f4019e0b4d330a52794c54522f,deepseek__deepseek_v4_pro__synthetic_jump_tail_c0_v0_3__c0__e0__seed_17__sample_1,deepseek,deepseek-v4-pro,api-pinned-2026-07-02,synthetic_jump_tail_c0_v0_3,C0,17,1,E0,24,24,sha256:d7f58439790ed6d39b84ba654616ff4b0c5e574275ab103c7abf323719dc64be,sha256:e6a4e68f38fb42dee63879cd736c5c9732df30c8f73e2a803f77087d2f85033e,sha256:71711180c08f97c67770cea758d719d9ae10bac20bd08cf4a2821789c0a31a15,sha256:f8216e0ee0fb08b645532bf600e9e968e1c19fb1d39f392dcaf92a65781ca553,1.0,ok
trellm-v0.3-iclr-protocol,sha256:5eddc3d8bb295910871fb1cce952e6e6c9cbbfaa7df6d64cf2fcd844d7b5addc,deepseek__deepseek_v4_pro__synthetic_jump_tail_c0_v0_3__c0__e0__seed_17__sample_2,deepseek,deepseek-v4-pro,api-pinned-2026-07-02,synthetic_jump_tail_c0_v0_3,C0,17,2,E0,24,24,sha256:381f483f4e9bb8b6bec7d7e4e593014c4d143c6f4be9afd6aa79373d66bffe2b,sha256:e6a4e68f38fb42dee63879cd736c5c9732df30c8f73e2a803f77087d2f85033e,sha256:3e07e6ebd93adf49b6d83d436596871638bcad4b047762798965f767d17f2250,sha256:f8216e0ee0fb08b645532bf600e9e968e1c19fb1d39f392dcaf92a65781ca553,1.0,ok
trellm-v0.3-iclr-protocol,sha256:6368d4ab44ece3aa15dbab9ae9e1eea023127248afb71aefe7c7322f9fb59bc1,deepseek__deepseek_v4_pro__synthetic_jump_tail_c0_v0_3__c0__e0__seed_23__sample_0,deepseek,deepseek-v4-pro,api-pinned-2026-07-02,synthetic_jump_tail_c0_v0_3,C0,23,0,E0,24,24,sha256:81774baf550302b9a29f143766c251c6aeda92d066d58b65a929475075292e38,sha256:90ebd992bb706bda4c880353869cba6778c8da48ccdd749412799423744b4a47,sha256:c62879d4a21a7f2c679dd4ba3618c7ff3ec785e1592f770205592ef8b110e217,sha256:f8216e0ee0fb08b645532bf600e9e968e1c19fb1d39f392dcaf92a65781ca553,1.0,ok
trellm-v0.3-iclr-protocol,sha256:53547f0fc161bab748f84e65d0ddbe3efe1e5ff60f22e1f2ed56579bd3bd07ad,deepseek__deepseek_v4_pro__synthetic_jump_tail_c0_v0_3__c0__e0__seed_23__sample_1,deepseek,deepseek-v4-pro,api-pinned-2026-07-02,synthetic_jump_tail_c0_v0_3,C0,23,1,E0,24,24,sha256:473c9078fee60ea2b59768dc04ae4d745d055710118aa20ff3c283f13813c107,sha256:90ebd992bb706bda4c880353869cba6778c8da48ccdd749412799423744b4a47,sha256:b13da35face37914b9f0c8b5cbd935bb56c886c7e1ebd76f878a41c9825a5705,sha256:f8216e0ee0fb08b645532bf600e9e968e1c19fb1d39f392dcaf92a65781ca553,1.0,ok
trellm-v0.3-iclr-protocol,sha256:d5ed47b41efc8a030cb7c813cd8c081f9b1b9e06bdf31bc17cc3bf86fe5eccb0,deepseek__deepseek_v4_pro__synthetic_jump_tail_c0_v0_3__c0__e0__seed_23__sample_2,deepseek,deepseek-v4-pro,api-pinned-2026-07-02,synthetic_jump_tail_c0_v0_3,C0,23,2,E0,24,24,sha256:b5e27f74f9de50006ffc32d7b2da428da3f2e9e9d8ba346761b75ab9cc9fec54,sha256:90ebd992bb706bda4c880353869cba6778c8da48ccdd749412799423744b4a47,sha256:ea487b78c713b05a3f9f52aa6ba9d5e24785317291643232a7901d8a7be3be31,sha256:f8216e0ee0fb08b645532bf600e9e968e1c19fb1d39f392dcaf92a65781ca553,1.0,ok
trellm-v0.3-iclr-protocol,sha256:9f06f8df27fb7a7d956815471cefc6219ae9ec4e4109ea2b3c56a6c28ad0cc71,deepseek__deepseek_v4_pro__synthetic_jump_tail_c0_v0_3__c0__e0__seed_31__sample_0,deepseek,deepseek-v4-pro,api-pinned-2026-07-02,synthetic_jump_tail_c0_v0_3,C0,31,0,E0,24,24,sha256:0278751b147a3cf514eb7fc40a5ab1ff731f3d35585bd8de47262e4b81fb17df,sha256:82099ac221ec6ee8eab72ece0eeddbf7386f34cd60947c184215f17708296a1a,sha256:777a192c30fb1c1cf821fb057184a62e3e0a71cdff25d579c591d2e973cd9a85,sha256:f8216e0ee0fb08b645532bf600e9e968e1c19fb1d39f392dcaf92a65781ca553,1.0,ok
trellm-v0.3-iclr-protocol,sha256:52099d5afb37ac87df086eb6057e8d0580279b2f62be11bd79ec06426333698c,deepseek__deepseek_v4_pro__synthetic_jump_tail_c0_v0_3__c0__e0__seed_31__sample_1,deepseek,deepseek-v4-pro,api-pinned-2026-07-02,synthetic_jump_tail_c0_v0_3,C0,31,1,E0,24,24,sha256:de033a0cea32007cfb3c210456070b38c82f0a3c0a2fc0700d19641a91370097,sha256:82099ac221ec6ee8eab72ece0eeddbf7386f34cd60947c184215f17708296a1a,sha256:f71abe47d743e487cdc69d274d71b6cc8374dfd3f5ff2d4d359919f9d5978b4c,sha256:f8216e0ee0fb08b645532bf600e9e968e1c19fb1d39f392dcaf92a65781ca553,1.0,ok
trellm-v0.3-iclr-protocol,sha256:8e260f6beafea78fa20c7059e5b53fcd9f30ae920d75574533734c387e192e6f,deepseek__deepseek_v4_pro__synthetic_jump_tail_c0_v0_3__c0__e0__seed_31__sample_2,deepseek,deepseek-v4-pro,api-pinned-2026-07-02,synthetic_jump_tail_c0_v0_3,C0,31,2,E0,24,24,sha256:c5418aee7c402cf48890dcac0d3f0f0aa452ace4d3292351bf1b4625a2b6b9cd,sha256:82099ac221ec6ee8eab72ece0eeddbf7386f34cd60947c184215f17708296a1a,sha256:35a0f3818dcbe41109584349a653b64c726329277a77337a2766e74f3e77fe72,sha256:f8216e0ee0fb08b645532bf600e9e968e1c19fb1d39f392dcaf92a65781ca553,1.0,ok
trellm-v0.3-iclr-protocol,sha256:54f96ed6696a9844faace708885859c5cfe0cfd5fdff66c1f628ed42d27941ff,deepseek__deepseek_v4_pro__synthetic_jump_tail_c0_v0_3__c0__e0__seed_37__sample_0,deepseek,deepseek-v4-pro,api-pinned-2026-07-02,synthetic_jump_tail_c0_v0_3,C0,37,0,E0,24,24,sha256:61b928e194ccedc6280f561d1c42cb0c3ce141d9fc0906d3e8f479205c15b465,sha256:cc9802e7a0a7a972225f7c743ef3e15d1bb946887658db416d8a72aad93df137,sha256:de01293a54d6f9b3d0bef79b473d5299eb985aa1ee48b90c7a9e19e49313faac,sha256:f8216e0ee0fb08b645532bf600e9e968e1c19fb1d39f392dcaf92a65781ca553,1.0,ok
trellm-v0.3-iclr-protocol,sha256:15067135941bc3263cac3c35c172e39386a8dda08b7ad006e737f140b4127c82,deepseek__deepseek_v4_pro__synthetic_jump_tail_c0_v0_3__c0__e0__seed_37__sample_1,deepseek,deepseek-v4-pro,api-pinned-2026-07-02,synthetic_jump_tail_c0_v0_3,C0,37,1,E0,24,24,sha256:9aa91606f5047e78f41aa4c7ab92ebbe2e7dc86a1065338487de7724ca0e7529,sha256:cc9802e7a0a7a972225f7c743ef3e15d1bb946887658db416d8a72aad93df137,sha256:836bc3b8ab829831055a80052d901bb777b8d2eabac82c2c44ce723f146c6254,sha256:f8216e0ee0fb08b645532bf600e9e968e1c19fb1d39f392dcaf92a65781ca553,1.0,ok
trellm-v0.3-iclr-protocol,sha256:d4d2c2c864cf8b2a4112f14b35e9586ff53ab8a0eff50c3f9298dd1de050eb7d,deepseek__deepseek_v4_pro__synthetic_jump_tail_c0_v0_3__c0__e0__seed_37__sample_2,deepseek,deepseek-v4-pro,api-pinned-2026-07-02,synthetic_jump_tail_c0_v0_3,C0,37,2,E0,24,24,sha256:00c2363b0ee80d743b6d5a43cad8fc3172b464269631773cb198545b370c506c,sha256:cc9802e7a0a7a972225f7c743ef3e15d1bb946887658db416d8a72aad93df137,sha256:432d245f359b2016066c1d5d2978ea3101d38bda8d159fc176dfeaba4ff12e8f,sha256:f8216e0ee0fb08b645532bf600e9e968e1c19fb1d39f392dcaf92a65781ca553,1.0,ok
trellm-v0.3-iclr-protocol,sha256:3b023fd30554027a2d6cd8e0ca260882ea3012aa3a419ef1e5fd391f0b8ed38d,deepseek__deepseek_v4_pro__synthetic_jump_tail_c0_v0_3__c0__e0__seed_41__sample_0,deepseek,deepseek-v4-pro,api-pinned-2026-07-02,synthetic_jump_tail_c0_v0_3,C0,41,0,E0,24,24,sha256:7efd83caab70ed580e86025e20dc8118ad2f0d9ad56099c070f2574c1d575d69,sha256:e67e637eccf5c7d20630320c74a4ceb9869fe0d404fbdd59c88c3f0b273db444,sha256:22922c3fa00592d9d4ae3447a57f7bf8c46b52890e38d3f6bab0188023f4b6e7,sha256:f8216e0ee0fb08b645532bf600e9e968e1c19fb1d39f392dcaf92a65781ca553,1.0,ok
trellm-v0.3-iclr-protocol,sha256:d99ec8a37c982a7d0a956492b226e89ef5a27a21b1917767eb0bf15159b2b8d8,deepseek__deepseek_v4_pro__synthetic_jump_tail_c0_v0_3__c0__e0__seed_41__sample_1,deepseek,deepseek-v4-pro,api-pinned-2026-07-02,synthetic_jump_tail_c0_v0_3,C0,41,1,E0,24,24,sha256:77d3beafb7373848aa2453cdcfdd93b1f86c8438b6c7addce3d50113d32ffc4d,sha256:e67e637eccf5c7d20630320c74a4ceb9869fe0d404fbdd59c88c3f0b273db444,sha256:9bd136528708da3824884ef518c840acf1a7f5b267e1875f1280f94682ddc8d3,sha256:f8216e0ee0fb08b645532bf600e9e968e1c19fb1d39f392dcaf92a65781ca553,1.0,ok
trellm-v0.3-iclr-protocol,sha256:f349bb92dbfe1bbedbeb888e6caebd7989ac10a536d0a95d24d70fa3d087f275,deepseek__deepseek_v4_pro__synthetic_jump_tail_c0_v0_3__c0__e0__seed_41__sample_2,deepseek,deepseek-v4-pro,api-pinned-2026-07-02,synthetic_jump_tail_c0_v0_3,C0,41,2,E0,24,24,sha256:5eb2565f39a494714a377627f2023ca8d0c6dd4cc8bef6d6b5bc3a7626d551db,sha256:e67e637eccf5c7d20630320c74a4ceb9869fe0d404fbdd59c88c3f0b273db444,sha256:e626ab48b0e1ad6455fb0a57cb642ea4c9440d11494341769fd0543a470bdfc6,sha256:f8216e0ee0fb08b645532bf600e9e968e1c19fb1d39f392dcaf92a65781ca553,1.0,ok
trellm-v0.3-iclr-protocol,sha256:5ebbf9ebd25ac8d5e2f13922b19f3d505d7b4e3240df1538040c5427f8460713,deepseek__deepseek_v4_pro__synthetic_jump_tail_c0_v0_3__c0__e0__seed_43__sample_0,deepseek,deepseek-v4-pro,api-pinned-2026-07-02,synthetic_jump_tail_c0_v0_3,C0,43,0,E0,24,24,sha256:e27cf59f61c47ab08dff9f3355b99d83c3135aa27ac76e143dc821ea629fcc1d,sha256:3d97d2e4b4742a6d7e9472e7849230a0755adef87ec86ea72b7ced46c4a5594a,sha256:df461722891afbd8295c480846611f7b0ae82cbbac3dfbb20f3d406553653cbb,sha256:f8216e0ee0fb08b645532bf600e9e968e1c19fb1d39f392dcaf92a65781ca553,1.0,ok
trellm-v0.3-iclr-protocol,sha256:2cfdb910e2da8ee09ecfe751e4283921e7bcc951c6f9b9467673cd06ae21c4c1,deepseek__deepseek_v4_pro__synthetic_jump_tail_c0_v0_3__c0__e0__seed_43__sample_1,deepseek,deepseek-v4-pro,api-pinned-2026-07-02,synthetic_jump_tail_c0_v0_3,C0,43,1,E0,24,24,sha256:3b3d798c3bdbade22476702a812358b2326e466e4c6d82f242248d480344c0a1,sha256:3d97d2e4b4742a6d7e9472e7849230a0755adef87ec86ea72b7ced46c4a5594a,sha256:3fc0bc83b2156060e2aa82af77c3b4ff086bce60da0bc19c936c345d04f8213d,sha256:f8216e0ee0fb08b645532bf600e9e968e1c19fb1d39f392dcaf92a65781ca553,1.0,ok
trellm-v0.3-iclr-protocol,sha256:424e075b96d28893d8a90a0e39501fb9310d088ee96fe6c0c8c4efb39a77b5cc,deepseek__deepseek_v4_pro__synthetic_jump_tail_c0_v0_3__c0__e0__seed_43__sample_2,deepseek,deepseek-v4-pro,api-pinned-2026-07-02,synthetic_jump_tail_c0_v0_3,C0,43,2,E0,24,24,sha256:64bbc7fce366f8a99654688fea36ec713998282c59da7b79574f4598375280d4,sha256:3d97d2e4b4742a6d7e9472e7849230a0755adef87ec86ea72b7ced46c4a5594a,sha256:ba86cd626922b40de1bd25c14f698eee338ef232902881d3a5e6f43c06c95c09,sha256:f8216e0ee0fb08b645532bf600e9e968e1c19fb1d39f392dcaf92a65781ca553,1.0,ok
trellm-v0.3-iclr-protocol,sha256:9f4572cfcbe0e2899bbcb469698ffc203ed7ed1d43fffa8d41b6ac56d72b5737,deepseek__deepseek_v4_pro__synthetic_jump_tail_c0_v0_3__c0__e0__seed_47__sample_0,deepseek,deepseek-v4-pro,api-pinned-2026-07-02,synthetic_jump_tail_c0_v0_3,C0,47,0,E0,24,24,sha256:f5512026741772d4fac0317c4d7a2a5852d7ce39079af37e7a04f8624f76a952,sha256:d4a3de0de4d27bb2be29f2d3a24b1ffe5922b9609983045a85c376fe47d2048c,sha256:8a6c4e1dfb1e381e742ea9f6770b4c72e48895c729eaf59d9506e161d488b03f,sha256:f8216e0ee0fb08b645532bf600e9e968e1c19fb1d39f392dcaf92a65781ca553,1.0,ok
trellm-v0.3-iclr-protocol,sha256:cd31a3e78b79cabea8c7b14b9f8e4930f92581de40cbac02c917e6b87fdab78d,deepseek__deepseek_v4_pro__synthetic_jump_tail_c0_v0_3__c0__e0__seed_47__sample_1,deepseek,deepseek-v4-pro,api-pinned-2026-07-02,synthetic_jump_tail_c0_v0_3,C0,47,1,E0,24,24,sha256:abef4e7776998c9c052de34d222a1878608c3b53c18e271f19e11ebaaa66447c,sha256:d4a3de0de4d27bb2be29f2d3a24b1ffe5922b9609983045a85c376fe47d2048c,sha256:90236dcc5681ac100c9efec1d231c5684300a19f7dfa2436ac928e939e39136b,sha256:f8216e0ee0fb08b645532bf600e9e968e1c19fb1d39f392dcaf92a65781ca553,1.0,ok
trellm-v0.3-iclr-protocol,sha256:a0d9b0d5ec8c2f32163fca4ad29e415c6cc05cd9bcad4b3d11431b4030a44878,deepseek__deepseek_v4_pro__synthetic_jump_tail_c0_v0_3__c0__e0__seed_47__sample_2,deepseek,deepseek-v4-pro,api-pinned-2026-07-02,synthetic_jump_tail_c0_v0_3,C0,47,2,E0,24,24,sha256:34c08869e671a5b700d40a47419b1eb56f659f3d9017b515e1fcb5de77cc4de3,sha256:d4a3de0de4d27bb2be29f2d3a24b1ffe5922b9609983045a85c376fe47d2048c,sha256:71711180c08f97c67770cea758d719d9ae10bac20bd08cf4a2821789c0a31a15,sha256:f8216e0ee0fb08b645532bf600e9e968e1c19fb1d39f392dcaf92a65781ca553,1.0,ok
trellm-v0.3-iclr-protocol,sha256:992b748fd1d87c6fce34471b8ce821f0457d121651a2e4c12b5b16c3166b6906,deepseek__deepseek_v4_pro__synthetic_jump_tail_c0_v0_3__c0__e0__seed_53__sample_0,deepseek,deepseek-v4-pro,api-pinned-2026-07-02,synthetic_jump_tail_c0_v0_3,C0,53,0,E0,24,24,sha256:aac1176ecb3ef825a85432f2816119635df9a9e70a66fd061296280e8057a30a,sha256:0f825a4a33f762430ab05102c5169d47729f3c4a9de93fb587f5b12879e94f85,sha256:b08d1c21c53cd535adb7f1e8ae13911896fe5d10e86ca778f32414157b9c68b4,sha256:f8216e0ee0fb08b645532bf600e9e968e1c19fb1d39f392dcaf92a65781ca553,1.0,ok
trellm-v0.3-iclr-protocol,sha256:fe439c3307ebb163318b9d537c28ad3dfc674c74f74e1565f60d99652d2d9e0c,deepseek__deepseek_v4_pro__synthetic_jump_tail_c0_v0_3__c0__e0__seed_53__sample_1,deepseek,deepseek-v4-pro,api-pinned-2026-07-02,synthetic_jump_tail_c0_v0_3,C0,53,1,E0,24,24,sha256:0179818ec5a28a52c5546add5a4b97433f9f81b32a3ca0a62c5f83d6aa93f012,sha256:0f825a4a33f762430ab05102c5169d47729f3c4a9de93fb587f5b12879e94f85,sha256:bdcd609e8d868539d8279ed08713c43b545a0b949de77345f3e740fa5bbd3d91,sha256:f8216e0ee0fb08b645532bf600e9e968e1c19fb1d39f392dcaf92a65781ca553,1.0,ok
trellm-v0.3-iclr-protocol,sha256:3927af72a1952abcd957d02078e8ae08b74cbbe01d8fed71033ef71ea58aa597,deepseek__deepseek_v4_pro__synthetic_jump_tail_c0_v0_3__c0__e0__seed_53__sample_2,deepseek,deepseek-v4-pro,api-pinned-2026-07-02,synthetic_jump_tail_c0_v0_3,C0,53,2,E0,24,24,sha256:50a895af3ea0e868166c454031ab38b105bdb44733468b6191956865a0672007,sha256:0f825a4a33f762430ab05102c5169d47729f3c4a9de93fb587f5b12879e94f85,sha256:4fd72e09e158138156ec85fcb44946f09d31ab2d73b2fa8947e88ec9fa584df4,sha256:f8216e0ee0fb08b645532bf600e9e968e1c19fb1d39f392dcaf92a65781ca553,1.0,ok
trellm-v0.3-iclr-protocol,sha256:bbbaf7b589693fb3c7a4f09e75ee76ac070ea17a592cc125bbefff9bba980f70,deepseek__deepseek_v4_pro__synthetic_jump_tail_c0_v0_3__c0__e0__seed_7__sample_0,deepseek,deepseek-v4-pro,api-pinned-2026-07-02,synthetic_jump_tail_c0_v0_3,C0,7,0,E0,24,24,sha256:ed8d5df804aeb4c5badf02abeb0a12c15eed169d2160bc01edf3b056cd24c10d,sha256:81191eb9a7a6727cee19766d65bd6ca570f35d33dd7f957411aa1807d991a2fe,sha256:6cd3e885218f39d492c812e88f8c8cca7185ef87767da2d3c1309b596fa08979,sha256:f8216e0ee0fb08b645532bf600e9e968e1c19fb1d39f392dcaf92a65781ca553,1.0,ok
trellm-v0.3-iclr-protocol,sha256:af5cd3e3561933e2b322e099e0f454bc3ee49d561bb111f807c2b77d592a5745,deepseek__deepseek_v4_pro__synthetic_jump_tail_c0_v0_3__c0__e0__seed_7__sample_1,deepseek,deepseek-v4-pro,api-pinned-2026-07-02,synthetic_jump_tail_c0_v0_3,C0,7,1,E0,24,24,sha256:252385239df8c3553f94312a11014ba54d11b0ecabdcff25887374dc78836003,sha256:81191eb9a7a6727cee19766d65bd6ca570f35d33dd7f957411aa1807d991a2fe,sha256:71711180c08f97c67770cea758d719d9ae10bac20bd08cf4a2821789c0a31a15,sha256:f8216e0ee0fb08b645532bf600e9e968e1c19fb1d39f392dcaf92a65781ca553,1.0,ok
trellm-v0.3-iclr-protocol,sha256:bdfd596caf6e788f2fa76b30e0faf1178bb70d4ea81f7b1cd4c44765cac1938c,deepseek__deepseek_v4_pro__synthetic_jump_tail_c0_v0_3__c0__e0__seed_7__sample_2,deepseek,deepseek-v4-pro,api-pinned-2026-07-02,synthetic_jump_tail_c0_v0_3,C0,7,2,E0,24,24,sha256:9365ba4e3d976d73bd48d85bea6216fbf8157ef8aa79cc5d0dffec8e709d36e1,sha256:81191eb9a7a6727cee19766d65bd6ca570f35d33dd7f957411aa1807d991a2fe,sha256:49bfed920f84b2abbe84c24165e25ce5fea20e4effe6b522e7d98caa192a6b9e,sha256:f8216e0ee0fb08b645532bf600e9e968e1c19fb1d39f392dcaf92a65781ca553,1.0,ok
trellm-v0.3-iclr-protocol,sha256:0b5c043507345020846cb98a47d0d156d1caa8ef77c84591ef59b359e417b4fb,deepseek__deepseek_v4_pro__synthetic_jump_tail_c0_v0_3__c0__e1__seed_11__sample_0,deepseek,deepseek-v4-pro,api-pinned-2026-07-02,synthetic_jump_tail_c0_v0_3,C0,11,0,E1,24,24,sha256:a146b0c63bab4f4173821b26242e0a25292bbd4e5f6317db997bbe6e98f5eeb6,sha256:b4c557e3f79c0d39616f7010dc230caab78dfa3a314330998cccc53e2d4945b2,sha256:bffa9c1d97cb87c7aea16111c0963e2cd17d7ce2229463d880ef34f4dbaaf92c,sha256:f8216e0ee0fb08b645532bf600e9e968e1c19fb1d39f392dcaf92a65781ca553,1.0,ok
trellm-v0.3-iclr-protocol,sha256:9b384abcc321795c43be7e3b09f09078faa21a7639d70389914913df77404df5,deepseek__deepseek_v4_pro__synthetic_jump_tail_c0_v0_3__c0__e1__seed_11__sample_1,deepseek,deepseek-v4-pro,api-pinned-2026-07-02,synthetic_jump_tail_c0_v0_3,C0,11,1,E1,24,24,sha256:f2945ceb5bd156dfab08e43415c3f44457b28682fe7d570739ca3d54434038ae,sha256:b4c557e3f79c0d39616f7010dc230caab78dfa3a314330998cccc53e2d4945b2,sha256:a4ae8e55d227e93eb5898139c623a0dcfc819c4ece2e2aefc963437d9808b280,sha256:f8216e0ee0fb08b645532bf600e9e968e1c19fb1d39f392dcaf92a65781ca553,1.0,ok
trellm-v0.3-iclr-protocol,sha256:15f0d974ebdc96c1c52ce9518f84da9611803824e7b8e2a694122146dad80522,deepseek__deepseek_v4_pro__synthetic_jump_tail_c0_v0_3__c0__e1__seed_11__sample_2,deepseek,deepseek-v4-pro,api-pinned-2026-07-02,synthetic_jump_tail_c0_v0_3,C0,11,2,E1,24,24,sha256:991abd163f417e7f4bd7df5a027bf340e670b6261f539f7e6a16876fd4a66074,sha256:b4c557e3f79c0d39616f7010dc230caab78dfa3a314330998cccc53e2d4945b2,sha256:9f441b138005eb640587188f602abbfa79c31fc656db41f62ce9f03cfe49ed89,sha256:f8216e0ee0fb08b645532bf600e9e968e1c19fb1d39f392dcaf92a65781ca553,1.0,ok
trellm-v0.3-iclr-protocol,sha256:9adef380e0c0638b278000b760e77b8e724ba344329abf0bb86e89e5a4d5735c,deepseek__deepseek_v4_pro__synthetic_jump_tail_c0_v0_3__c0__e1__seed_17__sample_0,deepseek,deepseek-v4-pro,api-pinned-2026-07-02,synthetic_jump_tail_c0_v0_3,C0,17,0,E1,24,24,sha256:9c6b46207c6647a6b9b46b3136494f218b48f4c028ad4263cb65b1182a59a523,sha256:e6a4e68f38fb42dee63879cd736c5c9732df30c8f73e2a803f77087d2f85033e,sha256:ad47806ed8350a0eed857c6a4122133adf9f819e54a9c0e017743bda5cb1fde2,sha256:f8216e0ee0fb08b645532bf600e9e968e1c19fb1d39f392dcaf92a65781ca553,1.0,ok
trellm-v0.3-iclr-protocol,sha256:54d5e6c6aa3667b028d10d4a4bb4e607355127f4019e0b4d330a52794c54522f,deepseek__deepseek_v4_pro__synthetic_jump_tail_c0_v0_3__c0__e1__seed_17__sample_1,deepseek,deepseek-v4-pro,api-pinned-2026-07-02,synthetic_jump_tail_c0_v0_3,C0,17,1,E1,24,24,sha256:fb704ed4933f1f66d9f3dde5cf91a8c0def73f57fac8de2bc8a452bc143ee8b9,sha256:e6a4e68f38fb42dee63879cd736c5c9732df30c8f73e2a803f77087d2f85033e,sha256:b98d71ed0caeb97fbfce1354b250b0a54e62b44344d49d7e1989def158303fee,sha256:f8216e0ee0fb08b645532bf600e9e968e1c19fb1d39f392dcaf92a65781ca553,1.0,ok
trellm-v0.3-iclr-protocol,sha256:5eddc3d8bb295910871fb1cce952e6e6c9cbbfaa7df6d64cf2fcd844d7b5addc,deepseek__deepseek_v4_pro__synthetic_jump_tail_c0_v0_3__c0__e1__seed_17__sample_2,deepseek,deepseek-v4-pro,api-pinned-2026-07-02,synthetic_jump_tail_c0_v0_3,C0,17,2,E1,24,24,sha256:d16a24eb11472470cd4d68205a506a8ad44ec11a6128f9e69cd8f6da92d3c6c3,sha256:e6a4e68f38fb42dee63879cd736c5c9732df30c8f73e2a803f77087d2f85033e,sha256:3e07e6ebd93adf49b6d83d436596871638bcad4b047762798965f767d17f2250,sha256:f8216e0ee0fb08b645532bf600e9e968e1c19fb1d39f392dcaf92a65781ca553,1.0,ok
trellm-v0.3-iclr-protocol,sha256:6368d4ab44ece3aa15dbab9ae9e1eea023127248afb71aefe7c7322f9fb59bc1,deepseek__deepseek_v4_pro__synthetic_jump_tail_c0_v0_3__c0__e1__seed_23__sample_0,deepseek,deepseek-v4-pro,api-pinned-2026-07-02,synthetic_jump_tail_c0_v0_3,C0,23,0,E1,24,24,sha256:efa517b32791c203c554147eccaabf5650130ba969b69e35c923b7c126ce3cbe,sha256:90ebd992bb706bda4c880353869cba6778c8da48ccdd749412799423744b4a47,sha256:a21165a83423b5b80f7d5cb16f21af415d04b3dd22967b68c5d8f1600321d000,sha256:f8216e0ee0fb08b645532bf600e9e968e1c19fb1d39f392dcaf92a65781ca553,1.0,ok
trellm-v0.3-iclr-protocol,sha256:53547f0fc161bab748f84e65d0ddbe3efe1e5ff60f22e1f2ed56579bd3bd07ad,deepseek__deepseek_v4_pro__synthetic_jump_tail_c0_v0_3__c0__e1__seed_23__sample_1,deepseek,deepseek-v4-pro,api-pinned-2026-07-02,synthetic_jump_tail_c0_v0_3,C0,23,1,E1,24,24,sha256:81aa2fc0b298eb17786642a73ffb640bfaec05386aaa28d5c3e8deb21c4982b4,sha256:90ebd992bb706bda4c880353869cba6778c8da48ccdd749412799423744b4a47,sha256:2406dc09cc10dc36d5395cbda01de98e5ac27807d9d80248b569a5e3756346bb,sha256:f8216e0ee0fb08b645532bf600e9e968e1c19fb1d39f392dcaf92a65781ca553,1.0,ok
trellm-v0.3-iclr-protocol,sha256:d5ed47b41efc8a030cb7c813cd8c081f9b1b9e06bdf31bc17cc3bf86fe5eccb0,deepseek__deepseek_v4_pro__synthetic_jump_tail_c0_v0_3__c0__e1__seed_23__sample_2,deepseek,deepseek-v4-pro,api-pinned-2026-07-02,synthetic_jump_tail_c0_v0_3,C0,23,2,E1,24,24,sha256:ff462298029ca1d19ffdf71f35094fb91eb6012c308d93ab6395eb24df46a3d9,sha256:90ebd992bb706bda4c880353869cba6778c8da48ccdd749412799423744b4a47,sha256:17146c2fc6428c6be4ffce1fd6af4ea9824ca145300e43da10ae49c4f201b92e,sha256:f8216e0ee0fb08b645532bf600e9e968e1c19fb1d39f392dcaf92a65781ca553,1.0,ok
trellm-v0.3-iclr-protocol,sha256:9f06f8df27fb7a7d956815471cefc6219ae9ec4e4109ea2b3c56a6c28ad0cc71,deepseek__deepseek_v4_pro__synthetic_jump_tail_c0_v0_3__c0__e1__seed_31__sample_0,deepseek,deepseek-v4-pro,api-pinned-2026-07-02,synthetic_jump_tail_c0_v0_3,C0,31,0,E1,24,24,sha256:3758a0ce12455d5f0c3071474e79ae14a9dc2639626db87c9297cee208af3e99,sha256:82099ac221ec6ee8eab72ece0eeddbf7386f34cd60947c184215f17708296a1a,sha256:e09b40bcf2ceb44d8113b0b17856b1d501cc814ce6a24b5556f4b6096664da1a,sha256:f8216e0ee0fb08b645532bf600e9e968e1c19fb1d39f392dcaf92a65781ca553,1.0,ok
trellm-v0.3-iclr-protocol,sha256:52099d5afb37ac87df086eb6057e8d0580279b2f62be11bd79ec06426333698c,deepseek__deepseek_v4_pro__synthetic_jump_tail_c0_v0_3__c0__e1__seed_31__sample_1,deepseek,deepseek-v4-pro,api-pinned-2026-07-02,synthetic_jump_tail_c0_v0_3,C0,31,1,E1,24,24,sha256:85d802317de1e0b64bb39041329a81cbc2d285d4313e543e55b3d6d7fecef1dd,sha256:82099ac221ec6ee8eab72ece0eeddbf7386f34cd60947c184215f17708296a1a,sha256:a9ace138c4eadaf7329b0f1e0034f8e173e035e6ff049e61185db26ac8e40519,sha256:f8216e0ee0fb08b645532bf600e9e968e1c19fb1d39f392dcaf92a65781ca553,1.0,ok
trellm-v0.3-iclr-protocol,sha256:8e260f6beafea78fa20c7059e5b53fcd9f30ae920d75574533734c387e192e6f,deepseek__deepseek_v4_pro__synthetic_jump_tail_c0_v0_3__c0__e1__seed_31__sample_2,deepseek,deepseek-v4-pro,api-pinned-2026-07-02,synthetic_jump_tail_c0_v0_3,C0,31,2,E1,24,24,sha256:0801bdf251ca375692a0d6f8f2828c3ded18406d22190ab0427313ca218b0af3,sha256:82099ac221ec6ee8eab72ece0eeddbf7386f34cd60947c184215f17708296a1a,sha256:136f86cddd6df2b0db30e532765bd2a843584b6cea791c149f6e289123e00644,sha256:f8216e0ee0fb08b645532bf600e9e968e1c19fb1d39f392dcaf92a65781ca553,1.0,ok
trellm-v0.3-iclr-protocol,sha256:54f96ed6696a9844faace708885859c5cfe0cfd5fdff66c1f628ed42d27941ff,deepseek__deepseek_v4_pro__synthetic_jump_tail_c0_v0_3__c0__e1__seed_37__sample_0,deepseek,deepseek-v4-pro,api-pinned-2026-07-02,synthetic_jump_tail_c0_v0_3,C0,37,0,E1,24,24,sha256:094095818f9249dbbdb985bfa10805fce74eb32f6f2d494a15b111a4cc56fbc8,sha256:cc9802e7a0a7a972225f7c743ef3e15d1bb946887658db416d8a72aad93df137,sha256:47ab04fdd26d96119c4ca63ed63d1d0f8a84362d36578e9b389522102bd868bd,sha256:f8216e0ee0fb08b645532bf600e9e968e1c19fb1d39f392dcaf92a65781ca553,1.0,ok
trellm-v0.3-iclr-protocol,sha256:15067135941bc3263cac3c35c172e39386a8dda08b7ad006e737f140b4127c82,deepseek__deepseek_v4_pro__synthetic_jump_tail_c0_v0_3__c0__e1__seed_37__sample_1,deepseek,deepseek-v4-pro,api-pinned-2026-07-02,synthetic_jump_tail_c0_v0_3,C0,37,1,E1,24,24,sha256:95170d4b68f730425daea776db0267d05e7920b9475321637c088ecde8ad0ba3,sha256:cc9802e7a0a7a972225f7c743ef3e15d1bb946887658db416d8a72aad93df137,sha256:601a367a6fd58467dab1703e9653c493c4653690b4647f5f7b537ae8f68b6fc9,sha256:f8216e0ee0fb08b645532bf600e9e968e1c19fb1d39f392dcaf92a65781ca553,1.0,ok
trellm-v0.3-iclr-protocol,sha256:d4d2c2c864cf8b2a4112f14b35e9586ff53ab8a0eff50c3f9298dd1de050eb7d,deepseek__deepseek_v4_pro__synthetic_jump_tail_c0_v0_3__c0__e1__seed_37__sample_2,deepseek,deepseek-v4-pro,api-pinned-2026-07-02,synthetic_jump_tail_c0_v0_3,C0,37,2,E1,24,24,sha256:28560513e6a6261949f95b6a0ae9c7b15d882b733290f2023302cc639e5ab57e,sha256:cc9802e7a0a7a972225f7c743ef3e15d1bb946887658db416d8a72aad93df137,sha256:fd4e8413dcdc39c11ba6ee60571dab1aab1bfce67ac525c1058c5b0409522031,sha256:f8216e0ee0fb08b645532bf600e9e968e1c19fb1d39f392dcaf92a65781ca553,1.0,ok
trellm-v0.3-iclr-protocol,sha256:3b023fd30554027a2d6cd8e0ca260882ea3012aa3a419ef1e5fd391f0b8ed38d,deepseek__deepseek_v4_pro__synthetic_jump_tail_c0_v0_3__c0__e1__seed_41__sample_0,deepseek,deepseek-v4-pro,api-pinned-2026-07-02,synthetic_jump_tail_c0_v0_3,C0,41,0,E1,24,24,sha256:94a761989ed0bd10e75027c4904e9c6b6529c18c1079df23154af6dcb530c8fc,sha256:e67e637eccf5c7d20630320c74a4ceb9869fe0d404fbdd59c88c3f0b273db444,sha256:9bd136528708da3824884ef518c840acf1a7f5b267e1875f1280f94682ddc8d3,sha256:f8216e0ee0fb08b645532bf600e9e968e1c19fb1d39f392dcaf92a65781ca553,1.0,ok
trellm-v0.3-iclr-protocol,sha256:d99ec8a37c982a7d0a956492b226e89ef5a27a21b1917767eb0bf15159b2b8d8,deepseek__deepseek_v4_pro__synthetic_jump_tail_c0_v0_3__c0__e1__seed_41__sample_1,deepseek,deepseek-v4-pro,api-pinned-2026-07-02,synthetic_jump_tail_c0_v0_3,C0,41,1,E1,24,24,sha256:75c67d8ad421e038dfa77a27a244f90960eacb1172a3e00970a6c7eaf060f364,sha256:e67e637eccf5c7d20630320c74a4ceb9869fe0d404fbdd59c88c3f0b273db444,sha256:6567193391009cea3086564920f0451bcf6652a3a4fd8f244134eb23b8255296,sha256:f8216e0ee0fb08b645532bf600e9e968e1c19fb1d39f392dcaf92a65781ca553,1.0,ok
trellm-v0.3-iclr-protocol,sha256:f349bb92dbfe1bbedbeb888e6caebd7989ac10a536d0a95d24d70fa3d087f275,deepseek__deepseek_v4_pro__synthetic_jump_tail_c0_v0_3__c0__e1__seed_41__sample_2,deepseek,deepseek-v4-pro,api-pinned-2026-07-02,synthetic_jump_tail_c0_v0_3,C0,41,2,E1,24,24,sha256:0da3bdc4908b671d15fdfd3d47f200365f93b26280b0d00335badde8d5a7b7af,sha256:e67e637eccf5c7d20630320c74a4ceb9869fe0d404fbdd59c88c3f0b273db444,sha256:fde9d11d9476d9fc1a7db876ddfa10cd6164397b09f1cc7406d4f8694effb09c,sha256:f8216e0ee0fb08b645532bf600e9e968e1c19fb1d39f392dcaf92a65781ca553,1.0,ok
trellm-v0.3-iclr-protocol,sha256:5ebbf9ebd25ac8d5e2f13922b19f3d505d7b4e3240df1538040c5427f8460713,deepseek__deepseek_v4_pro__synthetic_jump_tail_c0_v0_3__c0__e1__seed_43__sample_0,deepseek,deepseek-v4-pro,api-pinned-2026-07-02,synthetic_jump_tail_c0_v0_3,C0,43,0,E1,24,24,sha256:bf97bc846fe3fdacf86946b8fa44940ad9fa50190d3acdedd085fe3676254c50,sha256:3d97d2e4b4742a6d7e9472e7849230a0755adef87ec86ea72b7ced46c4a5594a,sha256:3a7e8b882e0e2f7eadb03d836788092a571e2fbcdabf32cce985747490a1648f,sha256:f8216e0ee0fb08b645532bf600e9e968e1c19fb1d39f392dcaf92a65781ca553,1.0,ok
trellm-v0.3-iclr-protocol,sha256:2cfdb910e2da8ee09ecfe751e4283921e7bcc951c6f9b9467673cd06ae21c4c1,deepseek__deepseek_v4_pro__synthetic_jump_tail_c0_v0_3__c0__e1__seed_43__sample_1,deepseek,deepseek-v4-pro,api-pinned-2026-07-02,synthetic_jump_tail_c0_v0_3,C0,43,1,E1,24,24,sha256:25281dfec6cc45492b1d1c2ef512803c2744fc64338a7e73a569cf1f63efaff5,sha256:3d97d2e4b4742a6d7e9472e7849230a0755adef87ec86ea72b7ced46c4a5594a,sha256:80de6daf727fc1a841adf19540b39dee924d72024e6e1b22582f4aba5eced3e9,sha256:f8216e0ee0fb08b645532bf600e9e968e1c19fb1d39f392dcaf92a65781ca553,1.0,ok
trellm-v0.3-iclr-protocol,sha256:424e075b96d28893d8a90a0e39501fb9310d088ee96fe6c0c8c4efb39a77b5cc,deepseek__deepseek_v4_pro__synthetic_jump_tail_c0_v0_3__c0__e1__seed_43__sample_2,deepseek,deepseek-v4-pro,api-pinned-2026-07-02,synthetic_jump_tail_c0_v0_3,C0,43,2,E1,24,24,sha256:3f5d7b4b35191095dd464cf7b1b3f269e12d1e5f540506854b6bfbd3aad0f713,sha256:3d97d2e4b4742a6d7e9472e7849230a0755adef87ec86ea72b7ced46c4a5594a,sha256:611a844b108fa46713cc415f2c3b0c3a837595e98764c776eb59f713abbc8adf,sha256:f8216e0ee0fb08b645532bf600e9e968e1c19fb1d39f392dcaf92a65781ca553,1.0,ok
trellm-v0.3-iclr-protocol,sha256:9f4572cfcbe0e2899bbcb469698ffc203ed7ed1d43fffa8d41b6ac56d72b5737,deepseek__deepseek_v4_pro__synthetic_jump_tail_c0_v0_3__c0__e1__seed_47__sample_0,deepseek,deepseek-v4-pro,api-pinned-2026-07-02,synthetic_jump_tail_c0_v0_3,C0,47,0,E1,24,24,sha256:ccf9042fdb3da054e36509e6c0484843a112abd1aea158d0bd5b2e0833623b7a,sha256:d4a3de0de4d27bb2be29f2d3a24b1ffe5922b9609983045a85c376fe47d2048c,sha256:556efd2e0907f657cca7301479193261e4bc345829a396b1c364539a2c22f548,sha256:f8216e0ee0fb08b645532bf600e9e968e1c19fb1d39f392dcaf92a65781ca553,1.0,ok
trellm-v0.3-iclr-protocol,sha256:cd31a3e78b79cabea8c7b14b9f8e4930f92581de40cbac02c917e6b87fdab78d,deepseek__deepseek_v4_pro__synthetic_jump_tail_c0_v0_3__c0__e1__seed_47__sample_1,deepseek,deepseek-v4-pro,api-pinned-2026-07-02,synthetic_jump_tail_c0_v0_3,C0,47,1,E1,24,24,sha256:a6ce3daa3edd3b64c7fa5e536c781425a2eaa58b700ebbe7367a015b8c3b05c2,sha256:d4a3de0de4d27bb2be29f2d3a24b1ffe5922b9609983045a85c376fe47d2048c,sha256:71711180c08f97c67770cea758d719d9ae10bac20bd08cf4a2821789c0a31a15,sha256:f8216e0ee0fb08b645532bf600e9e968e1c19fb1d39f392dcaf92a65781ca553,1.0,ok
trellm-v0.3-iclr-protocol,sha256:a0d9b0d5ec8c2f32163fca4ad29e415c6cc05cd9bcad4b3d11431b4030a44878,deepseek__deepseek_v4_pro__synthetic_jump_tail_c0_v0_3__c0__e1__seed_47__sample_2,deepseek,deepseek-v4-pro,api-pinned-2026-07-02,synthetic_jump_tail_c0_v0_3,C0,47,2,E1,24,24,sha256:15b89a2b8fe17fd01b8765f23378ef1a6834929da49494afd2e8e14376acfa59,sha256:d4a3de0de4d27bb2be29f2d3a24b1ffe5922b9609983045a85c376fe47d2048c,sha256:21c4f8c88d5bbcdff2d9c3320366095e7ece2a50918085a1db1474a2eb1410d1,sha256:f8216e0ee0fb08b645532bf600e9e968e1c19fb1d39f392dcaf92a65781ca553,1.0,ok
trellm-v0.3-iclr-protocol,sha256:992b748fd1d87c6fce34471b8ce821f0457d121651a2e4c12b5b16c3166b6906,deepseek__deepseek_v4_pro__synthetic_jump_tail_c0_v0_3__c0__e1__seed_53__sample_0,deepseek,deepseek-v4-pro,api-pinned-2026-07-02,synthetic_jump_tail_c0_v0_3,C0,53,0,E1,24,24,sha256:f47d13ebb121a1a05e99a5a9fa6d2ecf0abaad330e4ed8110414aa1d97c26b71,sha256:0f825a4a33f762430ab05102c5169d47729f3c4a9de93fb587f5b12879e94f85,sha256:8f3649ee5fc986ed47dfd4877c4c32c70593fa67761515068c114eb5c3cf50bf,sha256:f8216e0ee0fb08b645532bf600e9e968e1c19fb1d39f392dcaf92a65781ca553,1.0,ok
trellm-v0.3-iclr-protocol,sha256:fe439c3307ebb163318b9d537c28ad3dfc674c74f74e1565f60d99652d2d9e0c,deepseek__deepseek_v4_pro__synthetic_jump_tail_c0_v0_3__c0__e1__seed_53__sample_1,deepseek,deepseek-v4-pro,api-pinned-2026-07-02,synthetic_jump_tail_c0_v0_3,C0,53,1,E1,24,24,sha256:e7df34babb11231d8e8cad317f8166c6beee1806c8a4746adddac40a123a952e,sha256:0f825a4a33f762430ab05102c5169d47729f3c4a9de93fb587f5b12879e94f85,sha256:4fd72e09e158138156ec85fcb44946f09d31ab2d73b2fa8947e88ec9fa584df4,sha256:f8216e0ee0fb08b645532bf600e9e968e1c19fb1d39f392dcaf92a65781ca553,1.0,ok
trellm-v0.3-iclr-protocol,sha256:3927af72a1952abcd957d02078e8ae08b74cbbe01d8fed71033ef71ea58aa597,deepseek__deepseek_v4_pro__synthetic_jump_tail_c0_v0_3__c0__e1__seed_53__sample_2,deepseek,deepseek-v4-pro,api-pinned-2026-07-02,synthetic_jump_tail_c0_v0_3,C0,53,2,E1,24,24,sha256:cbff8153930eb5923ca81e8838ce3433bcf1c90f5fc08de1b05c44e007a5478f,sha256:0f825a4a33f762430ab05102c5169d47729f3c4a9de93fb587f5b12879e94f85,sha256:b98d71ed0caeb97fbfce1354b250b0a54e62b44344d49d7e1989def158303fee,sha256:f8216e0ee0fb08b645532bf600e9e968e1c19fb1d39f392dcaf92a65781ca553,1.0,ok
trellm-v0.3-iclr-protocol,sha256:bbbaf7b589693fb3c7a4f09e75ee76ac070ea17a592cc125bbefff9bba980f70,deepseek__deepseek_v4_pro__synthetic_jump_tail_c0_v0_3__c0__e1__seed_7__sample_0,deepseek,deepseek-v4-pro,api-pinned-2026-07-02,synthetic_jump_tail_c0_v0_3,C0,7,0,E1,24,24,sha256:d4799e9dc638930a4f70dac2fcf4f799138304ceafd53598bdf09d124b27a260,sha256:81191eb9a7a6727cee19766d65bd6ca570f35d33dd7f957411aa1807d991a2fe,sha256:a34b604bddfd213fcfa9225144ee12e33f41fe46ff553ba6aaac31a4ef997388,sha256:f8216e0ee0fb08b645532bf600e9e968e1c19fb1d39f392dcaf92a65781ca553,1.0,ok
trellm-v0.3-iclr-protocol,sha256:af5cd3e3561933e2b322e099e0f454bc3ee49d561bb111f807c2b77d592a5745,deepseek__deepseek_v4_pro__synthetic_jump_tail_c0_v0_3__c0__e1__seed_7__sample_1,deepseek,deepseek-v4-pro,api-pinned-2026-07-02,synthetic_jump_tail_c0_v0_3,C0,7,1,E1,24,24,sha256:d98e94b83aaf0ce4b0ffb00a88328a2070f29febcec0ca5c72fd834522c5680f,sha256:81191eb9a7a6727cee19766d65bd6ca570f35d33dd7f957411aa1807d991a2fe,sha256:8174314ffd230880f2b4ddaab0d985b45a6d874d2837571e79ac74720353883c,sha256:f8216e0ee0fb08b645532bf600e9e968e1c19fb1d39f392dcaf92a65781ca553,1.0,ok
trellm-v0.3-iclr-protocol,sha256:bdfd596caf6e788f2fa76b30e0faf1178bb70d4ea81f7b1cd4c44765cac1938c,deepseek__deepseek_v4_pro__synthetic_jump_tail_c0_v0_3__c0__e1__seed_7__sample_2,deepseek,deepseek-v4-pro,api-pinned-2026-07-02,synthetic_jump_tail_c0_v0_3,C0,7,2,E1,24,24,sha256:6ab0c9b4105f5edbfa7e96005f61b3b477ae01f0e1bed9218d7f5acfdc04b287,sha256:81191eb9a7a6727cee19766d65bd6ca570f35d33dd7f957411aa1807d991a2fe,sha256:90211933768da0afbb626720616881ea82ddb34878f922b0f776675365a100d2,sha256:f8216e0ee0fb08b645532bf600e9e968e1c19fb1d39f392dcaf92a65781ca553,1.0,ok
trellm-v0.3-iclr-protocol,sha256:1dc03ace51d514ef8a5de1c68e5ebee8c7e94359e51ac787b7faa0c1913d88fc,glm__glm_5_2__synthetic_calm_trend_c0_v0_3__c0__e0__seed_11__sample_0,glm,glm-5.2,api-pinned-2026-07-06,synthetic_calm_trend_c0_v0_3,C0,11,0,E0,24,24,sha256:3b9b4164d6e705d9873e2927d6fd3302e48644ab340a019752eb1c11abc5485c,sha256:8d59c64372c3291ab33ec82f5bb673b428f03a449cc0bcd488bef337c0cf80fa,sha256:127497686f969ba90b50094983fd20dfea22b47f03320e851dcc876576aa15f3,sha256:83436f73486d093380ed807370affe1c5a9ab247254b64c3ada2cbeffb68cfc3,1.0,ok
trellm-v0.3-iclr-protocol,sha256:1da7381a19280a0d741e33c49bd0caea46e27d34450df758f249317555d7de12,glm__glm_5_2__synthetic_calm_trend_c0_v0_3__c0__e0__seed_11__sample_1,glm,glm-5.2,api-pinned-2026-07-06,synthetic_calm_trend_c0_v0_3,C0,11,1,E0,24,24,sha256:2e0561e306f288ff21713bf30da3791a4667af3e1dcd8592ed39eb11219429f9,sha256:c83beb72da03a48824cd6a6f09188efa6c9bfe31b4c65c6c34ec3c04d7b59893,sha256:6f9973be01eef412e3872d1cd806062f989f77cac0856664af27a8051f9abdcd,sha256:6d963df71f48db03035c1a8bd4e199e98333ddeae1f937f7f2ab9c41e80d90a1,1.0,ok
trellm-v0.3-iclr-protocol,sha256:d9adf0841153510b67820c38f48c348402acb1dc87748b9ef777429cc38e336c,glm__glm_5_2__synthetic_calm_trend_c0_v0_3__c0__e0__seed_11__sample_2,glm,glm-5.2,api-pinned-2026-07-06,synthetic_calm_trend_c0_v0_3,C0,11,2,E0,24,24,sha256:76342e46bff6cfabffaea4c3ea545d22bd95a3c534709179a82968ccba703ec8,sha256:61aec1b4f7fb4136310f3d17bf44c08a2fb4028df4549a488db314bc20308f45,sha256:e8d86c383789ba833d0499f465fde3c7c18888329f34b351c8b7956a93298277,sha256:6d0fa7b026d04db5278e80f3801bda0c5c9ab844b9d4c7a7af8c9a755c60026f,1.0,ok
trellm-v0.3-iclr-protocol,sha256:cd201de49d2f8d22e9fa81d7dcf8a3420731bb4f60b1d718dc90ae52a68d6ccc,glm__glm_5_2__synthetic_calm_trend_c0_v0_3__c0__e0__seed_17__sample_0,glm,glm-5.2,api-pinned-2026-07-06,synthetic_calm_trend_c0_v0_3,C0,17,0,E0,24,24,sha256:b3e8b9c1ebfc84401df737f7216b62cc150cd068e8c2806d9410a508ad7be910,sha256:b81ca97de53b34c12c48a70e5aafd1b6966e2e362fbcfb670c4d520df6eea621,sha256:b0b6f3098cf264ac22f4c58b41775f2c3f841cfbcc6f4b15be39e8cd72eeac3c,sha256:0a2e42a300ad6c0565d99a2acd10869fc994902181a28a1f2600ccf8430b9e8e,1.0,ok
trellm-v0.3-iclr-protocol,sha256:ce810bf20484ff69fa5a200e05ad97381a0c33d60f6a2ebf4e8886a3fe789ce0,glm__glm_5_2__synthetic_calm_trend_c0_v0_3__c0__e0__seed_17__sample_1,glm,glm-5.2,api-pinned-2026-07-06,synthetic_calm_trend_c0_v0_3,C0,17,1,E0,24,24,sha256:ff683829c57c22887154512eaed0647c85adce591d1dcad116f3ad719647ffbe,sha256:d036a195bb564dbc28330a6f7de6247801a6603ab73136623ff0feb5a7ac7f70,sha256:85a0f9947216a6a574b5cc7c6d1e766d7fa0a06a3643ddd7b7344337f7f5216b,sha256:2e77c2abfe90bbe7948e3551129cea8776352bdf7f78d51016ac422bc6c135e5,1.0,ok
trellm-v0.3-iclr-protocol,sha256:bf622c344dab500f6c1aaae896a1c2ef36dc96e828437f3bda8fb6dd1ae64616,glm__glm_5_2__synthetic_calm_trend_c0_v0_3__c0__e0__seed_17__sample_2,glm,glm-5.2,api-pinned-2026-07-06,synthetic_calm_trend_c0_v0_3,C0,17,2,E0,24,24,sha256:8897d76af8a1bcabaf4b0af9da35298aa045c774cd6fdba42a2079203f7afe41,sha256:10a4736ee7c5554cea603f6e7f37542a5719b4b5fbbbb0a15718dfa08181f1c1,sha256:939370347ea8ebbba77404e4c9c2a087d9e2c18ec701dc0b2e2f7c8cbffcf893,sha256:5606ad308036175d4bf01bda519397697682de3f16e44d615edea7d2b43d8001,1.0,ok
trellm-v0.3-iclr-protocol,sha256:b6c74e4bc38e0abad02d5af41364a9dce39760a40f32169f5f4db399adc7cf9b,glm__glm_5_2__synthetic_calm_trend_c0_v0_3__c0__e0__seed_23__sample_0,glm,glm-5.2,api-pinned-2026-07-06,synthetic_calm_trend_c0_v0_3,C0,23,0,E0,24,24,sha256:aca898dd526d3b2b95febd3805136f3b86f9e3dbea9e66d6afca13a09ddbe0c3,sha256:d693b4c4ffaf675567db4fd2de974d66a8bf8423fdaa91358214547bee21a965,sha256:c9b86de3d4afa5e784d0aeefaa6f958f4b2e8dd878b022f8efa5bf753787f2a8,sha256:34ff668085fe98dcf7d9c29dabe9562ac569672789d379e1721552fa4133b6c7,1.0,ok
trellm-v0.3-iclr-protocol,sha256:7deb114242b26b8954fda414a4c8804fad661b2af4da7a8b84aea4559ab98c72,glm__glm_5_2__synthetic_calm_trend_c0_v0_3__c0__e0__seed_23__sample_1,glm,glm-5.2,api-pinned-2026-07-06,synthetic_calm_trend_c0_v0_3,C0,23,1,E0,24,24,sha256:dea3fb9773089d338b26fcd3b8a476376f624409f7cb5a7b979ca3f5f8d23ebd,sha256:77e8091f3859abc8d5f70250d72e5f4e2dc2f0e5673732151ee0e59ef56eb35a,sha256:f565246987cb622c8dd42126f01ec66ad4aa91da3a0651128c9eb8302be2e043,sha256:4b00fd7d56a2eb3e822651fac81dc710afad5f9af67587fe3698069663857226,1.0,ok
trellm-v0.3-iclr-protocol,sha256:0c6a10fe1f56a020eb98f6bd06339f689f86722c61b8e723e67a21764ed2f78d,glm__glm_5_2__synthetic_calm_trend_c0_v0_3__c0__e0__seed_23__sample_2,glm,glm-5.2,api-pinned-2026-07-06,synthetic_calm_trend_c0_v0_3,C0,23,2,E0,24,24,sha256:4c8453a54d180e150001aea86882c44705a4e9f5b299654616b0646dea68845d,sha256:c3104d530c3012481b69a439ca42f58bcd8d5dce1704f1e1e27947a664bfe755,sha256:35d5e91b1afc7e6ea9d4fdec8b8f4f5014a0daab3a9bcd6eaeb82b650adc0222,sha256:802688e3ecac87ee80490a5cae2216d51ac1e4c48093b498e35105fb35368b1d,1.0,ok
trellm-v0.3-iclr-protocol,sha256:d5f23623a6b7875cd235efeb173e85d11d1a0405f2db5295ceec04418f12f7c6,glm__glm_5_2__synthetic_calm_trend_c0_v0_3__c0__e0__seed_31__sample_0,glm,glm-5.2,api-pinned-2026-07-06,synthetic_calm_trend_c0_v0_3,C0,31,0,E0,24,24,sha256:1091b2a45a40a269de7a7a44303232436aa3f7cc56a1c25a83059d6a304d7e2c,sha256:a222cb559522fbf2856e621e60afc06d7e769558cf5f5f598d23df06c0eca809,sha256:6bd9e6d4c857bc39be21501f1e35d4eade898534d8a8493df1bfae7263b3af34,sha256:ba9ef3323d83edc7df958c07532e4033ba09d958c27b6751965a67d36f14afba,1.0,ok
trellm-v0.3-iclr-protocol,sha256:014424ade70ee2c4058057ea6f12b634c87cbaa8ffeb3ff4456d573925ee3fcc,glm__glm_5_2__synthetic_calm_trend_c0_v0_3__c0__e0__seed_31__sample_1,glm,glm-5.2,api-pinned-2026-07-06,synthetic_calm_trend_c0_v0_3,C0,31,1,E0,24,24,sha256:aed0a2e0478e7f6819c627c33353d149d770780fcb335e1fd2d5445439b68071,sha256:993360117b10f4d8475e7757101e03541ec3da9d9ee565845d0cddb3045b19cc,sha256:e11f11d812a5894aeb9f73f857aa6ae1ab4c0b7907a5feee3bb605da55e7cc86,sha256:f17019a8649ca88c3db21cb7801e60197c196341603cea26364648a4bcace696,1.0,ok
trellm-v0.3-iclr-protocol,sha256:edf7685c699fae143471a722f187387f6d624ad78fa493d5586c6ce52ab89d2b,glm__glm_5_2__synthetic_calm_trend_c0_v0_3__c0__e0__seed_31__sample_2,glm,glm-5.2,api-pinned-2026-07-06,synthetic_calm_trend_c0_v0_3,C0,31,2,E0,24,24,sha256:eee4d5654b20e36062459244fe3bc58cd65ffeb0043b862f6f59cb94a81a6825,sha256:72f5a8be1ad330913dca449c2a3d85a243fc2a3e35a15888c33d1f8337a403f5,sha256:cd418db160f0cb503eb0ebd9da783371dc044e99abc116108d24c2898ab1d7dd,sha256:58ce374f2828ccf7b00a0d16f3d46553d469a6195a015ea632dcb976c252b049,1.0,ok
trellm-v0.3-iclr-protocol,sha256:4d0480328b3e77c55493ae1f216936ef99cf17042587cd53dada907a4244fdbd,glm__glm_5_2__synthetic_calm_trend_c0_v0_3__c0__e0__seed_37__sample_0,glm,glm-5.2,api-pinned-2026-07-06,synthetic_calm_trend_c0_v0_3,C0,37,0,E0,24,24,sha256:fe30e72388f428d56f6787304dafc95031d4934d977df4cb43439d6f053e7779,sha256:45ae0f8c891d20794950e2aba54c168fb69bed422b7579bcd00a1aacbdc0ba19,sha256:f31ffbcf48fc2e181b797774e3c661206193d8952baf1d0d2ed80e53f97563d0,sha256:f572bda2dd8e81d713019e7658e8fdbf999e6367e63d95d4d16ddf7c059b231c,1.0,ok
trellm-v0.3-iclr-protocol,sha256:bc04722746ee6ed7dabf6894c1a88f10ed505dc38b5bdc7f15118c19a5df1f3e,glm__glm_5_2__synthetic_calm_trend_c0_v0_3__c0__e0__seed_37__sample_1,glm,glm-5.2,api-pinned-2026-07-06,synthetic_calm_trend_c0_v0_3,C0,37,1,E0,24,24,sha256:15b0f72c9f9cd00be772a2bf2792cdac440999057a88809a0c300a510d54f0e6,sha256:816501c3a4b6c144ccb06ac211e0aaf072fe1a8f83becfa7bfb21ea0447400ad,sha256:e9f0a86c0350dad1dc8abc584940d04b950fac03da883c938bc223f2abd16836,sha256:0fd2f7848ada7737d6e5fa2af1dfc2b206543dc38c1d6d6db94ee2abc172d9f6,1.0,ok
trellm-v0.3-iclr-protocol,sha256:ccf49d0dd47cbf207c965e9f14ffe067046ef33e174ae9c5f4bca4c55e491c2a,glm__glm_5_2__synthetic_calm_trend_c0_v0_3__c0__e0__seed_37__sample_2,glm,glm-5.2,api-pinned-2026-07-06,synthetic_calm_trend_c0_v0_3,C0,37,2,E0,24,24,sha256:27600a9d3cf2a5789c48545e04f455bd7188c915aec99f6dd1161fdacdcd873f,sha256:0f57d28e9657f89073fd7247829c8d764443e7e034f4edd446ab919e58325a9a,sha256:9f0db9059f725b2dafd71f5adc92c83263c0ad8473f8788ac134d2b1e148214a,sha256:1b990ce1c5842c61295ca2703721b078157e4a40b49bcc50b8e6637f413e94ea,1.0,ok
trellm-v0.3-iclr-protocol,sha256:629d40d2d61055b9303b31bd2c2c84987cc7f2ae88e20a0d7c49dab60db94b3e,glm__glm_5_2__synthetic_calm_trend_c0_v0_3__c0__e0__seed_41__sample_0,glm,glm-5.2,api-pinned-2026-07-06,synthetic_calm_trend_c0_v0_3,C0,41,0,E0,24,24,sha256:754b06d4b31f1930f86082a01426523dcc7747c0b1c7d930e3c0162cb9e27c7a,sha256:34b53db372b3b8838fa535b750e62fdab787b6ca89b7c87bec44421ff5935054,sha256:ce36dc9ae99b52c01e0b6cc8e12193eea1e40a2258238d59396592f96cd94bcb,sha256:960d2d9feb5b46f73723479bfe9fd831932753d328f917a4218b0419ff9782a8,1.0,ok
trellm-v0.3-iclr-protocol,sha256:d65983b52a97242b61c92799e87ba223ec1e9087df6551858d2cf15650b2d5d2,glm__glm_5_2__synthetic_calm_trend_c0_v0_3__c0__e0__seed_41__sample_1,glm,glm-5.2,api-pinned-2026-07-06,synthetic_calm_trend_c0_v0_3,C0,41,1,E0,24,24,sha256:f5bbb0576896c44c1cda2708235154fd4bb0a659df154db2b045200d93cdd741,sha256:8d60634c5cb64d7accc81e2e6554a98aa4788af7c7e219d3d6102e5cb52d94b5,sha256:5047eb7aa388a77724152add03ac1ac8b59a34c16def555fae684146d36ce26f,sha256:c00fa766ed4852de4127fbe1ac23293b45cdfffda66390e5b4d05cd2bed6025d,1.0,ok
trellm-v0.3-iclr-protocol,sha256:e7cb66534ec87809eeea9ebc48947da2987e13fe86a6ee012413ef0af2356016,glm__glm_5_2__synthetic_calm_trend_c0_v0_3__c0__e0__seed_41__sample_2,glm,glm-5.2,api-pinned-2026-07-06,synthetic_calm_trend_c0_v0_3,C0,41,2,E0,24,24,sha256:9d518e8ff15d34296b90907a905a35be1493f5969fd44f3a708f055e1d091ee6,sha256:063d749655e6b8cef1b57a935c5ee92dae894749a86abab77b99069811c608f0,sha256:4b9356951af44fb70e084e839ea86b877d7e60f90e19fcf833739648e9d50253,sha256:1b99dcd5c3245192482c7d4facb3b71a6b82c86612b930ed01ac1f7c22bb37ff,1.0,ok
trellm-v0.3-iclr-protocol,sha256:d2289d90ec662aeb1cef52893dac6ddcd57a47e2a7cc0f3207ad06d670e800f8,glm__glm_5_2__synthetic_calm_trend_c0_v0_3__c0__e0__seed_43__sample_0,glm,glm-5.2,api-pinned-2026-07-06,synthetic_calm_trend_c0_v0_3,C0,43,0,E0,24,24,sha256:4362885bcd43d58fc940b7ba669362e95562c5f2dbbea0ef2a07073784a34f8b,sha256:97a2709992f81adc235d984aa6e36f09c51d3aee6b9fa4299ccd91f64c5c3a9a,sha256:0d62081ba71be5af84d505aeb19d351b781a5f5cd03b1f6290fba25318fde18a,sha256:adf65b1d7d2f7f68f15d5ed543fc579916933ac51b6de9e8f52c94ab07658022,1.0,ok
trellm-v0.3-iclr-protocol,sha256:7369dcafbbb559ffcabec6aaa4d155f952f25dd4be9dd66e7347fce52d2e0035,glm__glm_5_2__synthetic_calm_trend_c0_v0_3__c0__e0__seed_43__sample_1,glm,glm-5.2,api-pinned-2026-07-06,synthetic_calm_trend_c0_v0_3,C0,43,1,E0,24,24,sha256:14a508d0703bbbc98122288c8f24bc522ebf0c956e6e87bf6d3e7ed85a57238a,sha256:ce18ddc7e51687b9036bb1c6743723246b5e3d0e8176b7f1d19d9040e40bddab,sha256:0f543e1e70662f1d37b279ceb93863366bb6ec35ba5b320c28dd85c16452c8d0,sha256:277501831a07a7bb3524237dcf02ef0df58db22a01d1362dfd12402e3146ce96,1.0,ok
trellm-v0.3-iclr-protocol,sha256:26f8ea6688c262f6ad7665870860656fe3a6469a3eea0afe308183484da95058,glm__glm_5_2__synthetic_calm_trend_c0_v0_3__c0__e0__seed_43__sample_2,glm,glm-5.2,api-pinned-2026-07-06,synthetic_calm_trend_c0_v0_3,C0,43,2,E0,24,24,sha256:d550afb46b4a05d8a461c79223f5cf4516abd887cf877d09739ddaf703c985f4,sha256:8b40569175006ddb13a41ceb09b322bbc87a9becc69aac61e0dadfe0cd795373,sha256:db2c62c4d64dad6ab37239b83fce3448ee9e59c3e38c02a5c5f8339869db96e8,sha256:894292ac5671fbfc1333c6fd1e30890c85fa1cd55c1fdc14e381352216b6a505,1.0,ok
trellm-v0.3-iclr-protocol,sha256:215417a0cf2bee5bb5cffdf573bb1e05fca0329572c08c2ce34f7ba5b1130aab,glm__glm_5_2__synthetic_calm_trend_c0_v0_3__c0__e0__seed_47__sample_0,glm,glm-5.2,api-pinned-2026-07-06,synthetic_calm_trend_c0_v0_3,C0,47,0,E0,24,24,sha256:d146940825e759ac3f60d68886606a9005f6098d6b901e4c27815470e343a16c,sha256:bea381ab2ae535b581212a174089f80a77afae5494aa81cc2eafc70f682a02b5,sha256:2f6911f0d5618be821c02d8553c86a8c174d9091dcd64e3f616c362f763b7a19,sha256:c3e3008fdb2280e8aa452b5f64a75edfd0b643f03be038657128bd4348f38eb4,1.0,ok
trellm-v0.3-iclr-protocol,sha256:41956686bb8253c5efb3efdd07709c25d8e691c35c3ec4891211ee078b229f15,glm__glm_5_2__synthetic_calm_trend_c0_v0_3__c0__e0__seed_47__sample_1,glm,glm-5.2,api-pinned-2026-07-06,synthetic_calm_trend_c0_v0_3,C0,47,1,E0,24,24,sha256:7e068851e7fc1acf166b47b71ba93ccc99c724e674c61a0fb4e732b213f44dd4,sha256:aed9a5f47c08ba3575c465496ed97314dc15ea21142e32650ca3e17196ca16e4,sha256:c64682516bcde8de4ef69f169d34d5631dba747ab95f19fc7be94ed94a8a8006,sha256:1906b0f246407e95daf14898a0941259c5a563e5ab08ff072750a6d18798cbaa,1.0,ok
trellm-v0.3-iclr-protocol,sha256:6d222265439f62ed92b66ede29a91149910c90a380eb3303f01d8eefcd4b262c,glm__glm_5_2__synthetic_calm_trend_c0_v0_3__c0__e0__seed_47__sample_2,glm,glm-5.2,api-pinned-2026-07-06,synthetic_calm_trend_c0_v0_3,C0,47,2,E0,24,24,sha256:5f9d1d1ff71d3dc1c0c6d44d99695b61319bd06b2515ae47bca611dd847ce5fc,sha256:ad3a46b66218b6e4d76b49f9a19c2b17ac6a437b2a26ba1ea5345c8d4a4e334c,sha256:b9d61d2099b664d6aff5ce129f5424f849946fbaae341289b63b6194fe5dcd7d,sha256:212e3910badaa724e22f098a264d13773e7db725e0ecd035557133720292ad9b,1.0,ok
trellm-v0.3-iclr-protocol,sha256:a2bf27661c691a6aa27e7e28bdccea5c5841f2a97aa362269aa0e03f8741bad9,glm__glm_5_2__synthetic_calm_trend_c0_v0_3__c0__e0__seed_53__sample_0,glm,glm-5.2,api-pinned-2026-07-06,synthetic_calm_trend_c0_v0_3,C0,53,0,E0,24,24,sha256:22c70ba2c936b6dd0fbab54ef12fd1b00919c3b1fdf3178c09e0893a45b8d7a1,sha256:e2ea197e822b47c213991a44767b6b63d179ba96ece9429ddd587d75b2a6748b,sha256:62eef3412b2ce4473c6794fbc620e244668d52519df1c4fd6447a4b68f1b5819,sha256:28e5ae609f49f3febe0b3515a1f70aea764df73a834ac8958a22c2b07aa44942,1.0,ok
trellm-v0.3-iclr-protocol,sha256:838c4026f3fd9bda4b8ecba6c8c93670ca6485d1af2181b4ae811a82f7c77745,glm__glm_5_2__synthetic_calm_trend_c0_v0_3__c0__e0__seed_53__sample_1,glm,glm-5.2,api-pinned-2026-07-06,synthetic_calm_trend_c0_v0_3,C0,53,1,E0,24,24,sha256:b89e4a847abfcc3298d13ef86f0b7167a9efaab1f9e2fa9e701bdf3bf61d430a,sha256:e06da3b6984ea3e23671047c4970ed62112c3c0c69fb02c090d3a0a14e99ff5d,sha256:05000c4c485b21bf5552be52389d5e63b62b333540a12eb2d27a91b55496b6fc,sha256:aa910c9677cb6279958ae534cd1701aa7945615dbaa9747b08c5a786c7bbd5bc,1.0,ok
trellm-v0.3-iclr-protocol,sha256:ecf01e981d895b765fe2546c7efcd160c779a6e3451ce758dc03e51d7e51e259,glm__glm_5_2__synthetic_calm_trend_c0_v0_3__c0__e0__seed_53__sample_2,glm,glm-5.2,api-pinned-2026-07-06,synthetic_calm_trend_c0_v0_3,C0,53,2,E0,24,24,sha256:ec72d63a51c2c57e257e10467ae7c61a6f5802871ce03b41f064e755f3049e50,sha256:d07633be5c3f21484d7dab4cacdd3603846fb4b19cd614b3f5a6dabcd4b313b2,sha256:25586a1439771a5c845c851e41ed8b53de311cd791d9ea4d8cb9e934f301611f,sha256:561b348a59d0fc7f23d65b4bf4a4e651d6c8cd698298712867652f9a0d9448c6,1.0,ok
trellm-v0.3-iclr-protocol,sha256:95e3052a701c73303ce62ee4f96832413bef748312f24ce86bd5f7c94cc02067,glm__glm_5_2__synthetic_calm_trend_c0_v0_3__c0__e0__seed_7__sample_0,glm,glm-5.2,api-pinned-2026-07-06,synthetic_calm_trend_c0_v0_3,C0,7,0,E0,24,24,sha256:4182e6ba19e7565f487c7884f728712a54e491ecb7190b815cdfe3465931cb60,sha256:78c9a78564632797f89b368ec31b25c3fe55a24a81149b0ded94624e39922a8a,sha256:53b405e24c071446c42d2a37d2ca2e1a354385ea44f1c4ef14284883d276a8b5,sha256:632b1b56c19e7c7ff942a9089d4cf5da42d8d986fbb9f75f7ff7b78bad5177ab,1.0,ok
trellm-v0.3-iclr-protocol,sha256:4fb05ae26f4eb5b48ef9ee4d6d9309ed351d08d4fa8d3fd4e9567fd501e72925,glm__glm_5_2__synthetic_calm_trend_c0_v0_3__c0__e0__seed_7__sample_1,glm,glm-5.2,api-pinned-2026-07-06,synthetic_calm_trend_c0_v0_3,C0,7,1,E0,24,24,sha256:2a75a7f7f0ac0ba3f91d8afd1e28a257d06ace94fc11fc3c3f7b80f22b04cc00,sha256:82f1e1629926f9abccbd78bb476a317f7ad0ae3775900952dc73b1a5e49c03bc,sha256:3fa3e23b4497aaf53819c10cdbfaea370583072dde247c12abda10052f90d25d,sha256:fb62dfe4303f61d1009eb35a5269d1688891ca1a2df933fa86a954b270fafab4,1.0,ok
trellm-v0.3-iclr-protocol,sha256:330721d471ccd849a36fffc54c186f625cc30a673954493bc8d79338ba16c9b4,glm__glm_5_2__synthetic_calm_trend_c0_v0_3__c0__e0__seed_7__sample_2,glm,glm-5.2,api-pinned-2026-07-06,synthetic_calm_trend_c0_v0_3,C0,7,2,E0,24,24,sha256:d06084cd02b7be60630f9e835b5c7b49895fede9803b23690583b0abf8927d3a,sha256:75b52a806788137071e61aa7aedca2ccd37b3f3d784146fd08dd6b4418c750aa,sha256:34e1d7be1be721320df60772cc8e12f37ee39e44d1b04f9c143f22f4e6bbf9ce,sha256:5751357150ca0d0907dcded53a97938e0fb6514549113db7df7cda647bd8cae0,1.0,ok
trellm-v0.3-iclr-protocol,sha256:1dc03ace51d514ef8a5de1c68e5ebee8c7e94359e51ac787b7faa0c1913d88fc,glm__glm_5_2__synthetic_calm_trend_c0_v0_3__c0__e1__seed_11__sample_0,glm,glm-5.2,api-pinned-2026-07-06,synthetic_calm_trend_c0_v0_3,C0,11,0,E1,24,24,sha256:c2526e4b26f162f18af0605ffacb1b08b01b44de23e9b2b423524c0b4dd3c326,sha256:c487d367c7a5388deb55a95d9b68a96961a19525c4bbbe34a5be36d814d363ed,sha256:af39ffef074ea754aa57e263e00863a556e61fc58fcf65a238e4e297828a5b01,sha256:45d6a9c728c0d240752a103aa833616585de36946b3e0327e5b93145ad1d8f54,1.0,ok
trellm-v0.3-iclr-protocol,sha256:1da7381a19280a0d741e33c49bd0caea46e27d34450df758f249317555d7de12,glm__glm_5_2__synthetic_calm_trend_c0_v0_3__c0__e1__seed_11__sample_1,glm,glm-5.2,api-pinned-2026-07-06,synthetic_calm_trend_c0_v0_3,C0,11,1,E1,24,24,sha256:9db5b0e15eab074bf63422c710c99774cb9129814d6da7d22a033e6f455e274b,sha256:36499ff3b03e718dadeb3892277a0bdd52f833f9ea27dc80ed0e1949e6aa5fb9,sha256:629ba104309e7234f93a701cf030eca1a75827453cf22a8cdc6022c565c37219,sha256:6f277313b234e2b6fe59ea679204ed10c3a6cb8a3225eaeb633bbda0811b5f31,1.0,ok
trellm-v0.3-iclr-protocol,sha256:d9adf0841153510b67820c38f48c348402acb1dc87748b9ef777429cc38e336c,glm__glm_5_2__synthetic_calm_trend_c0_v0_3__c0__e1__seed_11__sample_2,glm,glm-5.2,api-pinned-2026-07-06,synthetic_calm_trend_c0_v0_3,C0,11,2,E1,24,24,sha256:a1a82824e9b17713ed6530cfa50521e9638a526d6da21e9c678d8e440d43a723,sha256:517590ee97264afcaf1bbd9854febad54c6a6db296da424130ecf544fe3b931f,sha256:e2f85fb424e5c37876f7f8a7809cd13e6940a9b06b7b5288eb5e0ba0cb5857c4,sha256:4dcffc67ec3286d7c017b43d82914f4c80ff2999c08cc15ab4ede17bf2fb36e5,1.0,ok
trellm-v0.3-iclr-protocol,sha256:cd201de49d2f8d22e9fa81d7dcf8a3420731bb4f60b1d718dc90ae52a68d6ccc,glm__glm_5_2__synthetic_calm_trend_c0_v0_3__c0__e1__seed_17__sample_0,glm,glm-5.2,api-pinned-2026-07-06,synthetic_calm_trend_c0_v0_3,C0,17,0,E1,24,24,sha256:50b4f7e4828e42c9f6857cae573585a6aeb498221cedaa22f2543021d8f2fc5c,sha256:7d5f64df3f539560dffaf0529053b534312f9ab8cc74a5239828c5e091dfd154,sha256:5f217687a5bedd8cb8c2d37e10ae9a0a71a318c22eb9321095c7f52942e57da1,sha256:edcac220e8fe1b52d20b82433b19bbbf7be91249fe5bd1fb4930c71548736873,1.0,ok
trellm-v0.3-iclr-protocol,sha256:ce810bf20484ff69fa5a200e05ad97381a0c33d60f6a2ebf4e8886a3fe789ce0,glm__glm_5_2__synthetic_calm_trend_c0_v0_3__c0__e1__seed_17__sample_1,glm,glm-5.2,api-pinned-2026-07-06,synthetic_calm_trend_c0_v0_3,C0,17,1,E1,24,24,sha256:fa3517e814fd3c0e4beeb2183fc9cf26c0e8ee23c9ec6ba24805a145b82acacf,sha256:57ea610faee11b8c6e47516c5c4826c6642dbeecf2977a63fda072f34c0dfbb4,sha256:40fe01186494db20d093951f64e3d9f97aea8f876834d698458f17bc669929b8,sha256:80ddb5f3e8b6145da3e1b4e00ce6db438d7d14542ebe9aa77e15b27e96017e64,1.0,ok
trellm-v0.3-iclr-protocol,sha256:bf622c344dab500f6c1aaae896a1c2ef36dc96e828437f3bda8fb6dd1ae64616,glm__glm_5_2__synthetic_calm_trend_c0_v0_3__c0__e1__seed_17__sample_2,glm,glm-5.2,api-pinned-2026-07-06,synthetic_calm_trend_c0_v0_3,C0,17,2,E1,24,24,sha256:5a9f6f0d2f59cef63940a06c6422c29c80ee6e7e349346edee7caed7c8b0e743,sha256:2d24fcab7c4c75da6a30860071f9117aa90fb5745f3852874cab94b67ec0110f,sha256:d0c41410a446f8ac35c0351f706b9193e61b68af0bb2d5848be87b631e2bf044,sha256:979ed8cb2966bf4dd7597671578f75fc37390a59749e104fa68f82a9255f54fd,1.0,ok
trellm-v0.3-iclr-protocol,sha256:b6c74e4bc38e0abad02d5af41364a9dce39760a40f32169f5f4db399adc7cf9b,glm__glm_5_2__synthetic_calm_trend_c0_v0_3__c0__e1__seed_23__sample_0,glm,glm-5.2,api-pinned-2026-07-06,synthetic_calm_trend_c0_v0_3,C0,23,0,E1,24,24,sha256:bcd190e2f605cf9e70a8d41e7b118c85b7fa9e52df92824b77b3e1db341464e0,sha256:6629608579b343e3a5a64b06f8adfe2cb3ea97a41cbd10095c4a861c449d939c,sha256:63ff79a7eb73a93a5bde2b8e01007c0833e383cdecf50ba4b36859102587ef8d,sha256:e2cbaf56b8d5b39e908e00af45e1a107d484cabe54938e23f3f1c86120d2b0a3,1.0,ok
trellm-v0.3-iclr-protocol,sha256:7deb114242b26b8954fda414a4c8804fad661b2af4da7a8b84aea4559ab98c72,glm__glm_5_2__synthetic_calm_trend_c0_v0_3__c0__e1__seed_23__sample_1,glm,glm-5.2,api-pinned-2026-07-06,synthetic_calm_trend_c0_v0_3,C0,23,1,E1,24,24,sha256:e31435e5e79887a774d36eec85d84662948383e0dd87657e35f709145bf6712c,sha256:858d5f633f7f38e8e43df54f496f16985b136d4ab0975eae6d6af736c1912ab1,sha256:ac0e0451646a68ddf6cab25381c758f1a9a00412a116c53bc3433126d343327e,sha256:b244368dfcef76910cac9fafe3cf2c2f8c8b21ec657d365c6eb943fe8601b205,1.0,ok
trellm-v0.3-iclr-protocol,sha256:0c6a10fe1f56a020eb98f6bd06339f689f86722c61b8e723e67a21764ed2f78d,glm__glm_5_2__synthetic_calm_trend_c0_v0_3__c0__e1__seed_23__sample_2,glm,glm-5.2,api-pinned-2026-07-06,synthetic_calm_trend_c0_v0_3,C0,23,2,E1,24,24,sha256:9f3fbd997171a660c9ed7357b1b93942001a59d931d9ee65f49cafd225eaa774,sha256:ff0100b818b48d9c2f0f5466e82af66f34829f944408e9675cf7f1eda8058eef,sha256:aba9a96398ab4f629edea6ed93097be22333d4a11b435d2d647b4e146fa989e1,sha256:f893c46ce9ee04f6b480ab67bd659dbbfcf5c216954dc584c0a52bd1967cdb85,1.0,ok
trellm-v0.3-iclr-protocol,sha256:d5f23623a6b7875cd235efeb173e85d11d1a0405f2db5295ceec04418f12f7c6,glm__glm_5_2__synthetic_calm_trend_c0_v0_3__c0__e1__seed_31__sample_0,glm,glm-5.2,api-pinned-2026-07-06,synthetic_calm_trend_c0_v0_3,C0,31,0,E1,24,24,sha256:cf3a3f38c3e944929457dfc74af71f0ed8d7fc769b7bb2fb87d61782989bd4a7,sha256:d0c9e19c1869ad5c813fdaaffa08773318b651280d0a628f244b50fe01ea7d21,sha256:5126deb4e53a7e5b33d938bdb4f9ca0caab665a89223ec1a94ca9f742872a763,sha256:066dc5a8f0ed9706ffa5983b34cb971f597dc50304bda79b2e5c604d97e5b444,1.0,ok
trellm-v0.3-iclr-protocol,sha256:014424ade70ee2c4058057ea6f12b634c87cbaa8ffeb3ff4456d573925ee3fcc,glm__glm_5_2__synthetic_calm_trend_c0_v0_3__c0__e1__seed_31__sample_1,glm,glm-5.2,api-pinned-2026-07-06,synthetic_calm_trend_c0_v0_3,C0,31,1,E1,24,24,sha256:cd164563482cb7415101a04b582a4023d64ea9943275db79b8a117ed0d27da89,sha256:d1d6034c936b1cee623921f59eb66dc8675699cb92b6f073df326d776530047c,sha256:9ae818a4dc9e31ca77785277a6966c52da4cc44d608b472e061cba4cc9068bb2,sha256:dca69b378535d704e84d0af29a54109aeae3cf327168fa9b054f21aff53cffe9,1.0,ok
trellm-v0.3-iclr-protocol,sha256:edf7685c699fae143471a722f187387f6d624ad78fa493d5586c6ce52ab89d2b,glm__glm_5_2__synthetic_calm_trend_c0_v0_3__c0__e1__seed_31__sample_2,glm,glm-5.2,api-pinned-2026-07-06,synthetic_calm_trend_c0_v0_3,C0,31,2,E1,24,24,sha256:a2931cf286c051f8d453780b4cfe38582d86bbda81e44efdf3187458fe6676e3,sha256:afdd6a5e0b1baa4efe643e7190eb75f28e148cb85f6a49ee77f316f050e60723,sha256:2a57b6e05cae601675aadee6aeb3baa0f35ea9c950d67e51d10672792c717367,sha256:daffbe39e20327b4577814a5d989db3c83e2b336d81902630be4c9ec5c41d2c7,1.0,ok
trellm-v0.3-iclr-protocol,sha256:4d0480328b3e77c55493ae1f216936ef99cf17042587cd53dada907a4244fdbd,glm__glm_5_2__synthetic_calm_trend_c0_v0_3__c0__e1__seed_37__sample_0,glm,glm-5.2,api-pinned-2026-07-06,synthetic_calm_trend_c0_v0_3,C0,37,0,E1,24,24,sha256:9e3655e5c1952df5322c90337840bd4f96ea3305c867e907dc4f61178f7a05cf,sha256:aa1f29376c6e0a99bde40308abb0d96a2c1e48a24ee3872a7525f2acfe369ccf,sha256:8188802b399de913394997c1719f2e94d830f35feb5c40964dd085bf1aa2f7a8,sha256:b15229016c7049e2e776c197d6d1cf9fffc0950e74d5e2fe0d6847e4911aed87,1.0,ok
trellm-v0.3-iclr-protocol,sha256:bc04722746ee6ed7dabf6894c1a88f10ed505dc38b5bdc7f15118c19a5df1f3e,glm__glm_5_2__synthetic_calm_trend_c0_v0_3__c0__e1__seed_37__sample_1,glm,glm-5.2,api-pinned-2026-07-06,synthetic_calm_trend_c0_v0_3,C0,37,1,E1,24,24,sha256:65164ade833e7202b175571824233a806cfdd06897541ec099e2f7c8633e06a7,sha256:6c7ae15efb8ced98dbc309ffc5afa3c287fca1a525514c6737e7e8c89f6e9f6b,sha256:06881d043fd6149112a1b6aaba5b658f4e06fb58fe7600935635438be7775f34,sha256:d2d8ded7cf54827df3ec97f99e46b3263392fbaa27c25127316314e00f7f9446,1.0,ok
trellm-v0.3-iclr-protocol,sha256:ccf49d0dd47cbf207c965e9f14ffe067046ef33e174ae9c5f4bca4c55e491c2a,glm__glm_5_2__synthetic_calm_trend_c0_v0_3__c0__e1__seed_37__sample_2,glm,glm-5.2,api-pinned-2026-07-06,synthetic_calm_trend_c0_v0_3,C0,37,2,E1,24,24,sha256:6192856b5ac353e56dc25ed646251eab179e16387f11ce8f4cde041a30ac1d7f,sha256:131f1a352769a182b8e494b92bea9b8abe709d75018e59c844a3de7b7e80aa82,sha256:fd71cd0959146235d754155509d65a715d4ffe3d75fb9fe911a11f7669e2ed84,sha256:44e88090fa99059222b319b6ef64fc945e5ea7c67b767ed9984496d5a4edcdf7,1.0,ok
trellm-v0.3-iclr-protocol,sha256:629d40d2d61055b9303b31bd2c2c84987cc7f2ae88e20a0d7c49dab60db94b3e,glm__glm_5_2__synthetic_calm_trend_c0_v0_3__c0__e1__seed_41__sample_0,glm,glm-5.2,api-pinned-2026-07-06,synthetic_calm_trend_c0_v0_3,C0,41,0,E1,24,24,sha256:d00f5529ab11676606d4be75359f5a5e08b1c489f900def5d78afc39d8897839,sha256:eec93c7b7f181940fd28606abd86327430fe31ddc039a22af9624f9e00cb47e1,sha256:c7a8b3ebcf82a9f04afcaa1edc5e36ae47bca3e15fb7588efaf37c24bf214f52,sha256:8f72760c9025ed2845c3065ac178a25f2f152503d95da11d64f15e900ed563eb,1.0,ok
trellm-v0.3-iclr-protocol,sha256:d65983b52a97242b61c92799e87ba223ec1e9087df6551858d2cf15650b2d5d2,glm__glm_5_2__synthetic_calm_trend_c0_v0_3__c0__e1__seed_41__sample_1,glm,glm-5.2,api-pinned-2026-07-06,synthetic_calm_trend_c0_v0_3,C0,41,1,E1,24,24,sha256:d8c66bb74a8604063da37e4906e5332580a4e0c92c2468363a5705c1b1baaaca,sha256:bc4d56b726d045e10ea17ea13c1672626e26dbc528f96b267772e440fcd8a7f2,sha256:d87d87a99643c464c36b17a0097e7dc0a97f06831c817b0781d2c1cd50a27d29,sha256:c316ad07a5ea0225d3f446c14f6680f0ad5315347d82c5902b419f77e9c8d106,1.0,ok
trellm-v0.3-iclr-protocol,sha256:e7cb66534ec87809eeea9ebc48947da2987e13fe86a6ee012413ef0af2356016,glm__glm_5_2__synthetic_calm_trend_c0_v0_3__c0__e1__seed_41__sample_2,glm,glm-5.2,api-pinned-2026-07-06,synthetic_calm_trend_c0_v0_3,C0,41,2,E1,24,24,sha256:13d779d2cb03fa27b8a740be1128a4c03d5d98eee53bfb3ec3450fabccebd34e,sha256:62a0223ac41e60e0681bdd0a85069469cf8e81ba5d1608209e18c7aa2c494bc2,sha256:b946bbaca30a2314ec6cde2c10d3ef4395684ff7c797a4378769229ff54655c4,sha256:4b233b55a0b95f9e7408f4d835f47ca3f7917f6e758135b606869ff4528f19a4,1.0,ok
trellm-v0.3-iclr-protocol,sha256:d2289d90ec662aeb1cef52893dac6ddcd57a47e2a7cc0f3207ad06d670e800f8,glm__glm_5_2__synthetic_calm_trend_c0_v0_3__c0__e1__seed_43__sample_0,glm,glm-5.2,api-pinned-2026-07-06,synthetic_calm_trend_c0_v0_3,C0,43,0,E1,24,24,sha256:07aa0f50d2cd2c49bd366428a835c36f30a273d53e41346b1a88661d5a261aac,sha256:f6f78f5ba4ec0baa590fd7b4508b10bac258ea823a10263a3f61bf65e942c633,sha256:eed75b6c9a3af87aadcb75f49f04cf6159407403e2ac7f3a52e5b9ade9afe941,sha256:68718b93fed41089c1b31ae3821b76b1cbc3579daaae3e7f965508c522fb9f36,1.0,ok
trellm-v0.3-iclr-protocol,sha256:7369dcafbbb559ffcabec6aaa4d155f952f25dd4be9dd66e7347fce52d2e0035,glm__glm_5_2__synthetic_calm_trend_c0_v0_3__c0__e1__seed_43__sample_1,glm,glm-5.2,api-pinned-2026-07-06,synthetic_calm_trend_c0_v0_3,C0,43,1,E1,24,24,sha256:8def90dcb9502d905e2588ee1fc56463fdfba3880bbc26c9a9c9eef15154c234,sha256:c51bc07bf2a46ccf12d01914ddae386836c3963951c3220248eb6e5b4e2c0559,sha256:2508077230cfe8ead4442c7d74b62cbd6094b69fc26f6a8ff983138461f6b537,sha256:ada4bbb074068e1ea1852641cf99c1d50c63f3a81d07b290eed160102ba4998e,1.0,ok
trellm-v0.3-iclr-protocol,sha256:26f8ea6688c262f6ad7665870860656fe3a6469a3eea0afe308183484da95058,glm__glm_5_2__synthetic_calm_trend_c0_v0_3__c0__e1__seed_43__sample_2,glm,glm-5.2,api-pinned-2026-07-06,synthetic_calm_trend_c0_v0_3,C0,43,2,E1,24,24,sha256:fee214530bc87222e551f127656e862c0d1018e514643c8d930cd8ae189e514f,sha256:28b5f8ba4c02bd4564b5f5580afd3a917d119b45d164081f3e546faf286a26b0,sha256:ac681d64c5c343cbbd3f1710d4450894982fad661ca78e5e6254bdfe0695118d,sha256:578ca0a21a3f8712bf9ec0151a6d01d102de6e54684cf231b4d38ddfbf1d732e,1.0,ok
trellm-v0.3-iclr-protocol,sha256:215417a0cf2bee5bb5cffdf573bb1e05fca0329572c08c2ce34f7ba5b1130aab,glm__glm_5_2__synthetic_calm_trend_c0_v0_3__c0__e1__seed_47__sample_0,glm,glm-5.2,api-pinned-2026-07-06,synthetic_calm_trend_c0_v0_3,C0,47,0,E1,24,24,sha256:5410ba8a29493c46db6d3cd11124d1d314b981115592983de3bf0f969e3d7493,sha256:0dfe4f4ea15262ed798a354b8c6ac8426b36cb376042a569aeaa2807a5ac0b5d,sha256:fb8fcc9d712d1e7e8f7de79064b1478dedbbc6e6176c22414483857a78bc1d1e,sha256:dac56a1f735b2549ffe981f3f8fa526a858c373464f13f9b864dfddcd172ebd4,1.0,ok
trellm-v0.3-iclr-protocol,sha256:41956686bb8253c5efb3efdd07709c25d8e691c35c3ec4891211ee078b229f15,glm__glm_5_2__synthetic_calm_trend_c0_v0_3__c0__e1__seed_47__sample_1,glm,glm-5.2,api-pinned-2026-07-06,synthetic_calm_trend_c0_v0_3,C0,47,1,E1,24,24,sha256:f740b45d6bc40a119974532ded247c878eb18d3366907d7999ca7a5599ad9e7e,sha256:cf28ce0a26c43b5e303ffabddf82e934ed4b2447cf79f22e8af47d14bda9972a,sha256:ff820e84eaa2c618d1bf828ff23c18d2d2dbdfc56a67324189cbfdc26e21dfc7,sha256:c311e513a885459de70d82933ba290a1930df6da34f86472a885aef13000637d,1.0,ok
trellm-v0.3-iclr-protocol,sha256:6d222265439f62ed92b66ede29a91149910c90a380eb3303f01d8eefcd4b262c,glm__glm_5_2__synthetic_calm_trend_c0_v0_3__c0__e1__seed_47__sample_2,glm,glm-5.2,api-pinned-2026-07-06,synthetic_calm_trend_c0_v0_3,C0,47,2,E1,24,24,sha256:7c20e8c1e5cef95fa59fe6d70f6a6f6b77d68905b4f1d8eb54fa24f419650366,sha256:cee4427a76c57fb166dd11da263159c397d431e66db66fa8d01750c4be9bd478,sha256:02e4a9703c87f5f2a6ebb64ba74f9fbf052ff4be7ce6adaf2213485343ecfd1b,sha256:79093cf2396ce5d84a845ede73333fcb35f0fa4f8f1445dab474712d4003d2a0,1.0,ok
trellm-v0.3-iclr-protocol,sha256:a2bf27661c691a6aa27e7e28bdccea5c5841f2a97aa362269aa0e03f8741bad9,glm__glm_5_2__synthetic_calm_trend_c0_v0_3__c0__e1__seed_53__sample_0,glm,glm-5.2,api-pinned-2026-07-06,synthetic_calm_trend_c0_v0_3,C0,53,0,E1,24,24,sha256:ca2df1e247f66220d3bead131e1aea347fcc1130ac542693aebec0fd3a2eb59f,sha256:9cc87a2010e885fa2c6a8a890f9f98c9f5e99092fc94f65a4ff8f209b2571aa0,sha256:b102a1fe0761983b95b2f5b7d2b11042a250b2b8c8db35651cdd824db788c7dd,sha256:cddbf92ada6bd01c4117b32aa2fb27d116b2c7d307139843d4994c50bf32db6b,1.0,ok
trellm-v0.3-iclr-protocol,sha256:838c4026f3fd9bda4b8ecba6c8c93670ca6485d1af2181b4ae811a82f7c77745,glm__glm_5_2__synthetic_calm_trend_c0_v0_3__c0__e1__seed_53__sample_1,glm,glm-5.2,api-pinned-2026-07-06,synthetic_calm_trend_c0_v0_3,C0,53,1,E1,24,24,sha256:f877ca6714b2c8d067c219197aaae5ad9ab0622b599eae437a96535296dbf8e2,sha256:42b12ce44ac280975dff676ab1700f98b0ea6f49226c8478a7903ea1cffd233e,sha256:fa5f3b349a7624f63c742ef6f8cd1fe6e423f05a89c6ca337bad89fb7b1b0216,sha256:f20e298c12496cfdb3b5b9f767ad243b8ae35c4d29344abe9410c02aa8d70470,1.0,ok
trellm-v0.3-iclr-protocol,sha256:ecf01e981d895b765fe2546c7efcd160c779a6e3451ce758dc03e51d7e51e259,glm__glm_5_2__synthetic_calm_trend_c0_v0_3__c0__e1__seed_53__sample_2,glm,glm-5.2,api-pinned-2026-07-06,synthetic_calm_trend_c0_v0_3,C0,53,2,E1,24,24,sha256:d461080181cf9aa3859afe419a472207b575f23ee296a2f1241110efd359049c,sha256:c9411529567b0acf3812e93182709091de64342a23221a1a687f70141cf7ff92,sha256:7eef2c7f1003f933b4154092d3275491c01d8caa93b3de052a76b9083f07e64f,sha256:3c3f924b98c89a12bce47cc5c7b9fd907e17de76ec75e0bac28f3bc0a29406dd,1.0,ok
trellm-v0.3-iclr-protocol,sha256:95e3052a701c73303ce62ee4f96832413bef748312f24ce86bd5f7c94cc02067,glm__glm_5_2__synthetic_calm_trend_c0_v0_3__c0__e1__seed_7__sample_0,glm,glm-5.2,api-pinned-2026-07-06,synthetic_calm_trend_c0_v0_3,C0,7,0,E1,24,24,sha256:ac19330d738d27fef5a3a8cdca5d8c108b24db7d18eef278276504a2c2404156,sha256:295efee7534ab85c5e78332e453a1728a63afa91d3723305b88b28dd0a2acfad,sha256:81170a45509e013842bb0aa829d18742ca429d3e9bb8ea0bbc8365c3900daa10,sha256:ed92d64d8e9baa5e2984bf45fbef86b159e0bc8d2e8419e2a00a07b65096b7f6,1.0,ok
trellm-v0.3-iclr-protocol,sha256:4fb05ae26f4eb5b48ef9ee4d6d9309ed351d08d4fa8d3fd4e9567fd501e72925,glm__glm_5_2__synthetic_calm_trend_c0_v0_3__c0__e1__seed_7__sample_1,glm,glm-5.2,api-pinned-2026-07-06,synthetic_calm_trend_c0_v0_3,C0,7,1,E1,24,24,sha256:9e68abfcce5489265ec6862232a7339ae2e68fd0ca5c1187565d692b132b2a14,sha256:1253eb1c8ddf0b974404314c3a6f82456f8ad5ee92144987c630b33bf59ab2ce,sha256:b1a510f85de775b9bfe488543f763372d69d74f6e5984b8c013c471a1e40cb02,sha256:43e3ad385cc791959c8d65a11326caf18dbce3932160983d3c92e36a03f57b59,1.0,ok
trellm-v0.3-iclr-protocol,sha256:330721d471ccd849a36fffc54c186f625cc30a673954493bc8d79338ba16c9b4,glm__glm_5_2__synthetic_calm_trend_c0_v0_3__c0__e1__seed_7__sample_2,glm,glm-5.2,api-pinned-2026-07-06,synthetic_calm_trend_c0_v0_3,C0,7,2,E1,24,24,sha256:6f297be3b47911ea623c366a588a4ff2925b18c43a0c96622b44c15161f0b6e6,sha256:45b47f5e4a4d2c27a221c3e21e51772a0e3dc0651dfe4d669355f1c6dbfb372d,sha256:de7980115da7b33854556d9f748468e60afecebda6cc7c3203e74e283bb03d9f,sha256:aa4969956e39eb7dbe0367514d9c4abc07b564acb5eae787afa58e4bef09b09b,1.0,ok
trellm-v0.3-iclr-protocol,sha256:a7f783a7d201919790e21d7ad60708da5a5ec103a43d0b3be274022bbe0e54da,glm__glm_5_2__synthetic_high_volatility_c0_v0_3__c0__e0__seed_11__sample_0,glm,glm-5.2,api-pinned-2026-07-06,synthetic_high_volatility_c0_v0_3,C0,11,0,E0,24,24,sha256:d91fe1fa05439453272cfa2e37d64794e861171ceefd3b2d7042036f79835313,sha256:f93b88cf91b3e5547e7e24aee5030b82afbc87c8664c86ae87682f5ed59a2877,sha256:12277a2b9ed70dab36ac97cdc440b8f174e3c209bb9d5a60caab814f9e2981c9,sha256:5d9d15f0c654665a52d5c7ac237d4e2f57a3a5f2aa27de915b752129d9cb0d79,1.0,ok
trellm-v0.3-iclr-protocol,sha256:089a287dcd088f000bdcbb87643ca4376db17f5a9b7ea14e02e922d082d2b8ad,glm__glm_5_2__synthetic_high_volatility_c0_v0_3__c0__e0__seed_11__sample_1,glm,glm-5.2,api-pinned-2026-07-06,synthetic_high_volatility_c0_v0_3,C0,11,1,E0,24,24,sha256:9b94d0b362aaf9536ec15036153d1d8b670608c3cc38c82ee05ffbb06a0dd921,sha256:b4fb834ec1db167e8a281d6a3cc600f73f7956e0221b5d7f5010e4393be6a67b,sha256:be07fe73e1fddbf6e59dbab6177fa710071a0053560439a91e4963b569f8753c,sha256:135af982788442af6c8f3f2dde4149f0ea13f54998ceb156a5f79b97c60e77ac,1.0,ok
trellm-v0.3-iclr-protocol,sha256:cc1526a7338e96181c31f164a0053e1375817207ab563a9699e46052220a4c04,glm__glm_5_2__synthetic_high_volatility_c0_v0_3__c0__e0__seed_11__sample_2,glm,glm-5.2,api-pinned-2026-07-06,synthetic_high_volatility_c0_v0_3,C0,11,2,E0,24,24,sha256:9690fe6a1434eeeccb2f537dc3e11106e1364968aa5e266ee6569a98e2ee37f2,sha256:6ef3b422bec2023f305cbe65d1be60e0ad4d763f2698c9da66647ee0620edf11,sha256:4b40284a9355c11e445427e9b6e576f10f43020bfc3c82c12b84d98612d8c67b,sha256:b0bdba262201101842e9751c5a53c5c92c3652224d66cc2b86987e2de0d9b5f5,1.0,ok
trellm-v0.3-iclr-protocol,sha256:0ba61a843793294bd4ce0f426eb66d62db2c39bce7b6c444a5df4125bf5ada22,glm__glm_5_2__synthetic_high_volatility_c0_v0_3__c0__e0__seed_17__sample_0,glm,glm-5.2,api-pinned-2026-07-06,synthetic_high_volatility_c0_v0_3,C0,17,0,E0,24,24,sha256:b4784d0dcfdb295e4e96543a23041ea1ffa4651215505248a3fca96e7c590de4,sha256:ec32b944896298590e7576c43661520a2d0c794b2e09e41442499000134fc3a8,sha256:20521240f25ffc62b65734bcc6979f1d2a81f0ad5028204942130b46e001d154,sha256:882a93613cf2b0e3662262187706a4db40ee557a4fa56ab57767e15e3e0fac9e,1.0,ok
trellm-v0.3-iclr-protocol,sha256:42e64bcc024b5183186a88b80753d8cb0eca30d31fa79ed052dc51c27bd22968,glm__glm_5_2__synthetic_high_volatility_c0_v0_3__c0__e0__seed_17__sample_1,glm,glm-5.2,api-pinned-2026-07-06,synthetic_high_volatility_c0_v0_3,C0,17,1,E0,24,24,sha256:1767157c808bdddd91dd38c95d23912925e93a6bf937e132b14bed29e99b8133,sha256:a16af2784a0df6be9393666e63780a9c38bc6ce90a096114d257cdd9075002a8,sha256:dc2e5410316d42a002aed764bc0f7d83fa5d2b9e6b29fbb672c0a7b403bbb8f8,sha256:f2ecfd4beebc7b8d7de76505a35e6623ee08f1e601421e40a5b814549f752d0e,1.0,ok
trellm-v0.3-iclr-protocol,sha256:1f40d206c83f9804ceba2e3d0198e07880d440f5af5db25c8639bcf82bceef5e,glm__glm_5_2__synthetic_high_volatility_c0_v0_3__c0__e0__seed_17__sample_2,glm,glm-5.2,api-pinned-2026-07-06,synthetic_high_volatility_c0_v0_3,C0,17,2,E0,24,24,sha256:d71a43b87532b8dbb0dcd5a5e8332c864cd8d07a42e77e4ab9221995121ba0a4,sha256:beec7eae3b9abd4c8072e5dfde6e2133c71cff87370258e94f0f3052143d877d,sha256:fc296d746dd7040495567a0292c92e4a1701484ee479800b8084b3faf81b8971,sha256:a46a06bed66dca441fe2e54120cfac49e690d233df25bb4a9eaee6c28411f20f,1.0,ok
trellm-v0.3-iclr-protocol,sha256:e4cdeff8259fa1019e860ea92c75cc1e419825e6f8d3db2eb5b083366d4966f5,glm__glm_5_2__synthetic_high_volatility_c0_v0_3__c0__e0__seed_23__sample_0,glm,glm-5.2,api-pinned-2026-07-06,synthetic_high_volatility_c0_v0_3,C0,23,0,E0,24,24,sha256:2aaeed1034a4245bae42ac8c41142592886637089263fca2c5452ff0ee110ace,sha256:2f57800fbbf4412d8a4c1310490ce9b4595e762e235eef8dc8e7e19a2853f465,sha256:e667a83963954dc00774cc6f8f3526d288e039e5eeeb90eb1efefc3feff67e7a,sha256:73ab02bd1487953bc4ad36683bee9bb6dd2e5210a3c078ae9f19944771a84776,1.0,ok
trellm-v0.3-iclr-protocol,sha256:f8140b7f9d8e6c2ee5d46049d183e34d4b82e68f6d104a8270f3df7628bf8343,glm__glm_5_2__synthetic_high_volatility_c0_v0_3__c0__e0__seed_23__sample_1,glm,glm-5.2,api-pinned-2026-07-06,synthetic_high_volatility_c0_v0_3,C0,23,1,E0,24,24,sha256:79428120b8ec40ba4e68ead2216f63ac525c490ae349721eea6a72c5f60d8b8e,sha256:7d59696b83415dc32e6acd0f558cfffc665b2a2f1e8db965e208ac720491d88e,sha256:1091d109b969af2ab72d6141396efdbcc8ccefef2962a8fbd1f4ad5dc2fa69c0,sha256:80648b20ca022a5554333f72ebdd1bf2f215b34c95b29d65ff17c987fab90d48,1.0,ok
trellm-v0.3-iclr-protocol,sha256:1cf0401e27a53bcbf896d83dcf506306182c813c51e9ab303da36a8b67c2078c,glm__glm_5_2__synthetic_high_volatility_c0_v0_3__c0__e0__seed_23__sample_2,glm,glm-5.2,api-pinned-2026-07-06,synthetic_high_volatility_c0_v0_3,C0,23,2,E0,24,24,sha256:73ce5e12cb90b02b9d7a6cdd8239c40990ecad5fa99b1466de63fcdadf239957,sha256:83875bdb7e85ec2a5e60872b910283b462303d3fbf3949725c6ce3e3309426d2,sha256:af73a2226da86dbbb4d8069cf00168f8338d8c31709c4fccbc7f5799dc6235fa,sha256:5edd5179b3adfe4b749646adc855739624b387b896d94a287cc1b5d1f904a67e,1.0,ok
trellm-v0.3-iclr-protocol,sha256:dc9e3c0cbfe0af8224a18a11aa369d907cd625b3a2a61ef785571d7ea7bd9af0,glm__glm_5_2__synthetic_high_volatility_c0_v0_3__c0__e0__seed_31__sample_0,glm,glm-5.2,api-pinned-2026-07-06,synthetic_high_volatility_c0_v0_3,C0,31,0,E0,24,24,sha256:375fb5dac9cde64a4ce584a93584540b528be362e6815960f4c7c84a76cb9bd3,sha256:aaff4aebc435ccd95878f00a05dc8fac65d1a48f2e05c708384a5ce619a63d69,sha256:f1a608cddcc60509c30c6657707033b9b6a5d7b5cf7bed872f413183ded1e234,sha256:7347baa76c5fdf56243b8b317f0f0de22a21b51ad178e26d1ae32a83a3383abd,1.0,ok
trellm-v0.3-iclr-protocol,sha256:e5668d53b95b23219ac33b439e1a546aefced33c8bff9f56642de9a045784e2a,glm__glm_5_2__synthetic_high_volatility_c0_v0_3__c0__e0__seed_31__sample_1,glm,glm-5.2,api-pinned-2026-07-06,synthetic_high_volatility_c0_v0_3,C0,31,1,E0,24,24,sha256:fb1bd64d1143439384f954a79b12705b80179d92d6fc8aeb60b9cd07b1f89aaf,sha256:c0c790f67146ec25f0d0a7c442b05f70c82b780b12d2691b93e4f1e0ef70e243,sha256:41f42863c0edf663f291e21aec70adaeec1f5e19fc6827953ad0eff4467d7d99,sha256:ab770eb0339f83ddbbf9560b53d03a5933348c565a591897410284ac5380d483,1.0,ok
trellm-v0.3-iclr-protocol,sha256:dfa615c110ce0a7b5eb48129863df2070644b39617bcd4366eeb7e79d697ebf3,glm__glm_5_2__synthetic_high_volatility_c0_v0_3__c0__e0__seed_31__sample_2,glm,glm-5.2,api-pinned-2026-07-06,synthetic_high_volatility_c0_v0_3,C0,31,2,E0,24,24,sha256:0acc502f1df937206b24b5c32426bc5ef83f1c097f4170809603ff36ef54694a,sha256:f697df5a97a2e905703aedc0d85c146a508cde8dcb284451990fe3ca0de24c86,sha256:5bf9a732e46ab52014a4a4defa29bf4066bb2279c902e52d4be5559d7cfb3556,sha256:45352528c14216ac928d1cb6075fd9b8f522881c80b87eba7d2713782a40eddb,1.0,ok
trellm-v0.3-iclr-protocol,sha256:62b0765b4e13db1a552b566dacf9b8ebbcffa5df501021da8d01aacdb614105e,glm__glm_5_2__synthetic_high_volatility_c0_v0_3__c0__e0__seed_37__sample_0,glm,glm-5.2,api-pinned-2026-07-06,synthetic_high_volatility_c0_v0_3,C0,37,0,E0,24,24,sha256:b3e7359072261281dd773d7d0d40fb0700bc64d539e103bb2fb1726212d7bf02,sha256:d34222b5d43a44f7fa482e53e23c0c70665dacb7cc933b4f1d64f89676d83c79,sha256:b8c0afefa69e089b11a266053eb5ffa55a8f6661255e28fd640c971858ff8163,sha256:cb78d21ec91c73cc70468b2c1c7744be61a3d28c69117a5715283cd554cfd2af,1.0,ok
trellm-v0.3-iclr-protocol,sha256:0f7db30107c7ba3d3a17593e0729206c56d7341197d930f32d51e41f64fa09e0,glm__glm_5_2__synthetic_high_volatility_c0_v0_3__c0__e0__seed_37__sample_1,glm,glm-5.2,api-pinned-2026-07-06,synthetic_high_volatility_c0_v0_3,C0,37,1,E0,24,24,sha256:e55bac30b5c8ce5bf9e5a9858d40cb1b1e7f391b8c490f828d7e077e09a08426,sha256:2c54eded5b2daf566e3b4a104d592988ff08e70331415398cb0190513fdd06c4,sha256:49cd313c7e02d19df89c00912b153744a1064f8b2b9b174627f0a9d80108c4fb,sha256:cf093e5b6e8258a7f3a2a7c8c70f50af040e799c994f0b36ef6dbc2bd8ce95d2,1.0,ok
trellm-v0.3-iclr-protocol,sha256:0a7e1b58e3f5070cf8e190fb3080729c3dfc2e796d7a35dbb5f3aa19f3af4237,glm__glm_5_2__synthetic_high_volatility_c0_v0_3__c0__e0__seed_37__sample_2,glm,glm-5.2,api-pinned-2026-07-06,synthetic_high_volatility_c0_v0_3,C0,37,2,E0,24,24,sha256:b68cfdb65f485e855df2c083be080d3b4dffad60393139460d37195e802005bb,sha256:4e19743d5622802808ef590097d030efc9061fea4967e7ee7e9faf6c0b178787,sha256:41d36c502476be2805fd4dc99762c117f580dd6f30656e768dc196292dbaeb2e,sha256:3c97acdffd2d20c3757d6cf33a457a5365c8bb15533f5cd0c5d5584922612e80,1.0,ok
trellm-v0.3-iclr-protocol,sha256:0a81aea228f492bf12dbceb2c7730a6319cadd3b9fdd5d678ecea6b6acbd0cf3,glm__glm_5_2__synthetic_high_volatility_c0_v0_3__c0__e0__seed_41__sample_0,glm,glm-5.2,api-pinned-2026-07-06,synthetic_high_volatility_c0_v0_3,C0,41,0,E0,24,24,sha256:2b3be61cb93cdb4fc1cf1eb92fa01307ba29d882f9318073c74ddef2fe0bb44a,sha256:318ef97499395466ed4b6f2ed30417fe4e3dfa19ae37fb7860b126557df64663,sha256:d4babb050bba5ed7057dd2c16ff745772331ff06bc00a370898c566cddc038aa,sha256:becd81686149c6dfe8b238b1ad9d9be2ebaf249df11081123b7ca0044afaf371,1.0,ok
trellm-v0.3-iclr-protocol,sha256:249084048a63facfd7c6fcfa13ba7850205101bc9308bd724205c86e022443eb,glm__glm_5_2__synthetic_high_volatility_c0_v0_3__c0__e0__seed_41__sample_1,glm,glm-5.2,api-pinned-2026-07-06,synthetic_high_volatility_c0_v0_3,C0,41,1,E0,24,24,sha256:bf5f48d38daf4e2b6350d725a3ca63cb790bbb0958fdd6ab46931838c5300a29,sha256:e9f56c422429d941f17077db6898f87706900ca1a88dc6836ed640737fd511c0,sha256:051eb69f805733ff0ee63f6880bf665237fb9284f409e0720055f1a1674e5b2d,sha256:b262887a35c3c33e5b05e5a9c39abfe248a9408d438a0932f11a54220fdad3ef,1.0,ok
trellm-v0.3-iclr-protocol,sha256:04ec1dadb4b0c38983a9e19c01b6d0da4765b947f774ba1bd389aa4c280503d4,glm__glm_5_2__synthetic_high_volatility_c0_v0_3__c0__e0__seed_41__sample_2,glm,glm-5.2,api-pinned-2026-07-06,synthetic_high_volatility_c0_v0_3,C0,41,2,E0,24,24,sha256:df4811a26fc604924d12a91f52325d2739f6020c7902b035709ef17a2b26a411,sha256:4e938e684cf75f3dd26dd72c3bbb0fff72e661f2803ca50cde8840215bead2cc,sha256:070efd76271f3df8a5f1480f5064a53dd1b7808e302d981af25ee616c1080af8,sha256:2771ba477c5e1f3cce073f60cab6944838d2155e2d31009cc8d9573f0d11bc55,1.0,ok
trellm-v0.3-iclr-protocol,sha256:323507b0eeb656d08403020f7a693c6490137aaf8ec3b60f98a8760c4565cdd7,glm__glm_5_2__synthetic_high_volatility_c0_v0_3__c0__e0__seed_43__sample_0,glm,glm-5.2,api-pinned-2026-07-06,synthetic_high_volatility_c0_v0_3,C0,43,0,E0,24,24,sha256:98767249a3cfebab9599177485de4760d633e09997b999f6bd31f2a3e1d59c7e,sha256:8d80c1b99a81dcbffdacf45a0198ae49883e94cc4a0002cf5e62012f188f4c95,sha256:fc0b69d850ce43a8d39d627c829926e20884d6f4e7d5e648e23e69eaa17658e6,sha256:5982f2e32751441aa970a9e66502c0763646373d6b7a1d992ea612bd8d59e075,1.0,ok
trellm-v0.3-iclr-protocol,sha256:646455d72a75d41e5c05bfdce01363dcd8c4f297c2af7ae90340ebc78c67cb99,glm__glm_5_2__synthetic_high_volatility_c0_v0_3__c0__e0__seed_43__sample_1,glm,glm-5.2,api-pinned-2026-07-06,synthetic_high_volatility_c0_v0_3,C0,43,1,E0,24,24,sha256:b264753c8604683dd28295225de2beff81bbc3ee073969c71e8e10b6310f0cba,sha256:bb93dfbd67561449f0f6b4f7dc42fd3b1c8d970835a1107ec7a780017bba2578,sha256:0b2cde34ba5a4f205fb21891a5cdb8232a815bc19fa86c004d080e8e78d8ae66,sha256:e36916ae6affe88709ed2a4d3483ba29d515224a904208e5a58e421f41386766,1.0,ok
trellm-v0.3-iclr-protocol,sha256:fd79becff2bc1c6d5c30d57b43f0ed9896fc02e0b2e80523271c5f8be868254d,glm__glm_5_2__synthetic_high_volatility_c0_v0_3__c0__e0__seed_43__sample_2,glm,glm-5.2,api-pinned-2026-07-06,synthetic_high_volatility_c0_v0_3,C0,43,2,E0,24,24,sha256:f0bc96417c04ad52a85c316d37f441f5e76821cbc59f6e39a6a669d1b6c226e6,sha256:bc9f1c3a082aae3641459c6a215cc4f5c5bab4fe78b645be030a8fdf4350f682,sha256:4a289224f5d84742178d55b45fd42a44d745a046e138d8f70b8d380b7a4eb027,sha256:e5b85fe9ea3ef03b3e2149cde127d7cea62e279d4f8fbb7be1988235ff981e5e,1.0,ok
trellm-v0.3-iclr-protocol,sha256:ca37707160a11c4eae683ad7b8c0df714ae35f4ba16b5cb8550bf1662498855b,glm__glm_5_2__synthetic_high_volatility_c0_v0_3__c0__e0__seed_47__sample_0,glm,glm-5.2,api-pinned-2026-07-06,synthetic_high_volatility_c0_v0_3,C0,47,0,E0,24,24,sha256:297a228c4287c4f5b216eb6e051f57427683acd4cdb5b694d54bf0090a77dfe1,sha256:a51e2672f8ce80acdf4d0b27adaf07014ebffc6569d92321af3b4d7bed5fc45c,sha256:0b6487e1814e44fe0f242318efb81be67d96365e2fc83ed19eb02a2d38d41727,sha256:320df8b360a9c3003f3d309a98dc19ac2ddc2ff9a7963c946e150820030c5734,1.0,ok
trellm-v0.3-iclr-protocol,sha256:f9ecaeeba8e2a07646c1fd97e7ef277aed19e926de1fabe9e1f3986e50689a00,glm__glm_5_2__synthetic_high_volatility_c0_v0_3__c0__e0__seed_47__sample_1,glm,glm-5.2,api-pinned-2026-07-06,synthetic_high_volatility_c0_v0_3,C0,47,1,E0,24,24,sha256:7b45dea838f7644ac4e6aa5bce5c7b24c58c1cd8d84ec8f46e5a11b968fb169f,sha256:e40ec426c45505c7dbefe8b0a05fcdcab8b6287dd15a37e2229211cdf9de3b6b,sha256:4fb4bb3bf4e1e67b84b27c67ff8c3fe65a48cde0748c90157655db1e08fa662d,sha256:04f5a3b531ca4228f52a733658d5e4aab508ddfe356819a6cbe0e6d3f8795b84,1.0,ok
trellm-v0.3-iclr-protocol,sha256:674e4ee281e9eae44145a99e54380da417bfd464f3983b87ca30c649dfdf5243,glm__glm_5_2__synthetic_high_volatility_c0_v0_3__c0__e0__seed_47__sample_2,glm,glm-5.2,api-pinned-2026-07-06,synthetic_high_volatility_c0_v0_3,C0,47,2,E0,24,24,sha256:8bcd122d11d1186ec4f4d7444affb274c6616b5fd02baf5b084748c6269aa8c6,sha256:7e2c7e8253b3d25263c828e30374b731697d309007870fb09da6ac77d466df49,sha256:5133fd212f0ccb06a293a217fb6aa7af52597d6248992a0ac670ab434c59f77b,sha256:dde75db54b0141614558babd2f815dc063390d180a5a1a34b508a29c574bef14,1.0,ok
trellm-v0.3-iclr-protocol,sha256:8fa2f081d4fca6bbc03b1f7e79f9f9785c2582368fff3bc2dd5a43c4c5be0d08,glm__glm_5_2__synthetic_high_volatility_c0_v0_3__c0__e0__seed_53__sample_0,glm,glm-5.2,api-pinned-2026-07-06,synthetic_high_volatility_c0_v0_3,C0,53,0,E0,24,24,sha256:c4977e9215f73011493f222235fb618b15d27a4316d908d1a0c463a8fdb3a589,sha256:da67b57b436cce1f4fccf09afbac0a9473858f764a1d67c1665bc475999aaa22,sha256:6c9791d492792858d95c4298f1a991431c1638f1ad3c14c6e7cceb6dbe61f8bc,sha256:c0603213f1f243090d5d245dfa555619a4367dc9a70a120551e96efcc297cd81,1.0,ok
trellm-v0.3-iclr-protocol,sha256:6fc3c8a15b26f3691b6335e06e5b246bd635f40213dc93e30f2f17e92c5ae3b1,glm__glm_5_2__synthetic_high_volatility_c0_v0_3__c0__e0__seed_53__sample_1,glm,glm-5.2,api-pinned-2026-07-06,synthetic_high_volatility_c0_v0_3,C0,53,1,E0,24,24,sha256:0c8305571059a9bb4d3131bfde94c8303388c899fba67c5a9a2b5986696719c5,sha256:cab5bb112dda6dfa974b76dc03f3b92b983593d6fea30b6488adfd28ae2b5a86,sha256:6874a1bcbd251a99e15e178a8d050894bd67cf9f00526899cea0d650c12d2216,sha256:3afb86c0f9bdc741da378c2ec25619a361cb64f6f2eca8ee5861d153fab2b7eb,1.0,ok
trellm-v0.3-iclr-protocol,sha256:8701523c8c03e3651c5d19cfaf2708431f1506cd6ce590212a1a7797e1f7742e,glm__glm_5_2__synthetic_high_volatility_c0_v0_3__c0__e0__seed_53__sample_2,glm,glm-5.2,api-pinned-2026-07-06,synthetic_high_volatility_c0_v0_3,C0,53,2,E0,24,24,sha256:251f673e6ec82aa3b2fe649e9cc1a326fabdd5d98310a18053eab80c8e545cd8,sha256:0cf133bae87cc73cf59508554dbed462aaaaddd3d0ca60cd9c1da5220397b43a,sha256:ff0c60dd096b45814902707a27d5d5cb0f7fbd9b6cf5ee2f4eb77f595c882a53,sha256:48854216fcf33d152946e967d5b15521093da2504c5529f96304304eff3298cf,1.0,ok
trellm-v0.3-iclr-protocol,sha256:e914064fec91e6f9977787e9aa665f1e09bbfd22382914dde6d679dce4f8a2c9,glm__glm_5_2__synthetic_high_volatility_c0_v0_3__c0__e0__seed_7__sample_0,glm,glm-5.2,api-pinned-2026-07-06,synthetic_high_volatility_c0_v0_3,C0,7,0,E0,24,24,sha256:62e0d08138fe86f8510d7ff27a45bb0b671e324cd5f1f0eba82c4fc594b41db8,sha256:8d17bb78d055dca5740f828a35ceda8e6b6008cc0b673b04dbfe802254786996,sha256:6b1b3b09483f22ce63c7501055fcb489a0cc47710c62684c0a59eb1fa28190df,sha256:bbc0729f9b008f2d62001be37f41ba99e2e1e8fc5ac93266e374c993cb86246a,1.0,ok
trellm-v0.3-iclr-protocol,sha256:aa1663d932b0c6fa8568fbca94b1b9ecadc38e9796aa6d978ac637a28568a07b,glm__glm_5_2__synthetic_high_volatility_c0_v0_3__c0__e0__seed_7__sample_1,glm,glm-5.2,api-pinned-2026-07-06,synthetic_high_volatility_c0_v0_3,C0,7,1,E0,24,24,sha256:ced02f94f822725a0e849fa2bb248d072442caae49066c90ec417b1df37de323,sha256:70e7fd755ac8769b59d031901c41b98d02b9d8534a94971a822d6509c7861bc4,sha256:69a761c45f07704d7d6e5dfc936a73d18ef3475ae51215376252db497d0da0d6,sha256:1f6c5cc6034fa0504589bbae18ba1f6bef533c0e44b25ecce05f3315f196d4d0,1.0,ok
trellm-v0.3-iclr-protocol,sha256:f949f71bad2fc8dcecb477899e322edd7a7cb7c057c0209a08a00da0bc7ddd4f,glm__glm_5_2__synthetic_high_volatility_c0_v0_3__c0__e0__seed_7__sample_2,glm,glm-5.2,api-pinned-2026-07-06,synthetic_high_volatility_c0_v0_3,C0,7,2,E0,24,24,sha256:8ad2c0e7cf917cd1c734a5cd42d18b8d50c54af9e7d10db8fc0697b2ac467283,sha256:99d48c0f8282894aabc55c0b01858e6b6aaffbc0c71cf30fa0a52ab834db85a5,sha256:67f678d34eb36334291f686509cd0a1ed80cc2aa76b25dff1beddbf3adac467e,sha256:fa15605aee16a77e7c30b28f23541e70f472449c3265579f89f2d75e027b21c6,1.0,ok
trellm-v0.3-iclr-protocol,sha256:a7f783a7d201919790e21d7ad60708da5a5ec103a43d0b3be274022bbe0e54da,glm__glm_5_2__synthetic_high_volatility_c0_v0_3__c0__e1__seed_11__sample_0,glm,glm-5.2,api-pinned-2026-07-06,synthetic_high_volatility_c0_v0_3,C0,11,0,E1,24,24,sha256:995092a99090f8cf594106352ed23970691b6603e030820781a40f46bb0d3a23,sha256:5a09238e936e215718f3693bd1c27d84ffa1cfd3452454a58740baa3cd97bcb2,sha256:ad7f423f0c451cdba18e4187385d2a81c963279ab78acc1800532316bd785bc9,sha256:370349299e54c84d680a6af1d85f699d8ad880193bbfccd7e9e35fbc58c2a728,1.0,ok
trellm-v0.3-iclr-protocol,sha256:089a287dcd088f000bdcbb87643ca4376db17f5a9b7ea14e02e922d082d2b8ad,glm__glm_5_2__synthetic_high_volatility_c0_v0_3__c0__e1__seed_11__sample_1,glm,glm-5.2,api-pinned-2026-07-06,synthetic_high_volatility_c0_v0_3,C0,11,1,E1,24,24,sha256:be0fdd580876195b32fc5eb64344427fdb516d21247e54d91b1c1804038f652e,sha256:8f0cf7951900048ceaa6247771f2ea54bdc4af53356eb69944c823dbf6bc8764,sha256:8941cee7fef6cc3ac56862676a203eaf6d0f7403b3c30e1df6965b3047b6a672,sha256:f5b8318ef21c4a8c2deff15e2104eabe31093d509f5ec61c56a8ed115fafd1cc,1.0,ok
trellm-v0.3-iclr-protocol,sha256:cc1526a7338e96181c31f164a0053e1375817207ab563a9699e46052220a4c04,glm__glm_5_2__synthetic_high_volatility_c0_v0_3__c0__e1__seed_11__sample_2,glm,glm-5.2,api-pinned-2026-07-06,synthetic_high_volatility_c0_v0_3,C0,11,2,E1,24,24,sha256:ea796ad9eba75acff54e22ba0726eb0d5c4c4144bcca8102e0a68029a0523d91,sha256:ad9df9fcef2a0969dc1d46d735fc4a766a050e61c856cd7368614188c040ffa0,sha256:e086ca9c4fffadeecf93e3e61e0ea0e7f8b52694527513c68d54281533a67d17,sha256:b5bda688cad32a566a4c475450c478fbd4341c9598df33a3a45f6a955310a53d,1.0,ok
trellm-v0.3-iclr-protocol,sha256:0ba61a843793294bd4ce0f426eb66d62db2c39bce7b6c444a5df4125bf5ada22,glm__glm_5_2__synthetic_high_volatility_c0_v0_3__c0__e1__seed_17__sample_0,glm,glm-5.2,api-pinned-2026-07-06,synthetic_high_volatility_c0_v0_3,C0,17,0,E1,24,24,sha256:4973b2ca7d6848250efa604ec9a270bb374c201038ff0eafb9b8b05e34f401dd,sha256:f4b819f3eccf9c01299f3250e6c7bbaa0deb69fd24250403623ebb30fd18ba7a,sha256:25f58f0d9f07d3f8451114a3363f87a6a2bafb0364398f972a690525570dd615,sha256:cab68a72e535fb373e1dfa1a7bcc21a2e7ab76e3fed226de39e2544290284203,1.0,ok
trellm-v0.3-iclr-protocol,sha256:42e64bcc024b5183186a88b80753d8cb0eca30d31fa79ed052dc51c27bd22968,glm__glm_5_2__synthetic_high_volatility_c0_v0_3__c0__e1__seed_17__sample_1,glm,glm-5.2,api-pinned-2026-07-06,synthetic_high_volatility_c0_v0_3,C0,17,1,E1,24,24,sha256:616679c32add0989da24b863519a8e46c09376d888e8adec173fc92a1b755d0c,sha256:2e8b16df953d107ce14c4a908d6a99b47a93e5e8947ccb0296247ed15224e402,sha256:8f88cd50916a6925d8dca113a1c9cc38451d2ff91624b4671c6d6b1de5d6e5b5,sha256:2cc0f161b8d420955cfe2051706f15f8c7d9f790c9be325b9fd673449df1cadf,1.0,ok
trellm-v0.3-iclr-protocol,sha256:1f40d206c83f9804ceba2e3d0198e07880d440f5af5db25c8639bcf82bceef5e,glm__glm_5_2__synthetic_high_volatility_c0_v0_3__c0__e1__seed_17__sample_2,glm,glm-5.2,api-pinned-2026-07-06,synthetic_high_volatility_c0_v0_3,C0,17,2,E1,24,24,sha256:0ffe0df50e9ef3b28a0a1742151f96a9cb9f3d514ba1b022b8ae5b540397ca2a,sha256:bd0521595820003d3020a3fcf1790d65ec5f23716e3efdc611d2a3e288b254c2,sha256:5d214d55526bc4bb1e6c17e20e183841e261889a0c3efd991f2457e6207d1b4a,sha256:ad7c55cbfc5b1c0de23d0e47588b49bfdb07009b983594eff3536e6aafb8e4d2,1.0,ok
trellm-v0.3-iclr-protocol,sha256:e4cdeff8259fa1019e860ea92c75cc1e419825e6f8d3db2eb5b083366d4966f5,glm__glm_5_2__synthetic_high_volatility_c0_v0_3__c0__e1__seed_23__sample_0,glm,glm-5.2,api-pinned-2026-07-06,synthetic_high_volatility_c0_v0_3,C0,23,0,E1,24,24,sha256:ceb0cbe11cea9890d876a5bdf8f20b5fdb117baef965bf3ebd7d7f58447afe37,sha256:e9d78f84d77664f06c0259e0f1a7f7e1b2d7a41b1aad85d41b011f08f61e1863,sha256:447cabf0fd9226cfce6c8a844335679f14ca0a29f9b3cc4944a060823abb07db,sha256:f6ac54768f1488a3becc83160938d9ca3595ceabf0870b98a61385670d47533e,1.0,ok
trellm-v0.3-iclr-protocol,sha256:f8140b7f9d8e6c2ee5d46049d183e34d4b82e68f6d104a8270f3df7628bf8343,glm__glm_5_2__synthetic_high_volatility_c0_v0_3__c0__e1__seed_23__sample_1,glm,glm-5.2,api-pinned-2026-07-06,synthetic_high_volatility_c0_v0_3,C0,23,1,E1,24,24,sha256:26059e222bb6b129f288d64998702caf71a6596d0e803ff30efdb77b79f5bc6c,sha256:d9077c439729fc141c82b5fc322ad9cee77e0686577c9b2fdcf4064bfd25ad76,sha256:67b9280bc9bff5779a91398b07bc6bd6822a522c9b5a65a2c50a15f7531dab44,sha256:05a8316072df81a91ab223a2b992eb3cff63a1d528970243d9b4840a0ea9cfc8,1.0,ok
trellm-v0.3-iclr-protocol,sha256:1cf0401e27a53bcbf896d83dcf506306182c813c51e9ab303da36a8b67c2078c,glm__glm_5_2__synthetic_high_volatility_c0_v0_3__c0__e1__seed_23__sample_2,glm,glm-5.2,api-pinned-2026-07-06,synthetic_high_volatility_c0_v0_3,C0,23,2,E1,24,24,sha256:c6f61d7ed7b722d0bd0ad4df7f438e48d737b95e307919440a57d6561f60f429,sha256:f99fb2d01c468bc799a1158c79c09ccc613f5cb92c420b06f76e083ef5b017b3,sha256:7b3b92ccc76465d620816b1fdfb7f8c303770f70cbf0c3b7e1a731b49e087ab4,sha256:1d661d5e6a6182caf9353149b0a660a5faa5154191c5931d4077e0b82c979645,1.0,ok
trellm-v0.3-iclr-protocol,sha256:dc9e3c0cbfe0af8224a18a11aa369d907cd625b3a2a61ef785571d7ea7bd9af0,glm__glm_5_2__synthetic_high_volatility_c0_v0_3__c0__e1__seed_31__sample_0,glm,glm-5.2,api-pinned-2026-07-06,synthetic_high_volatility_c0_v0_3,C0,31,0,E1,24,24,sha256:b1d43a00f97e12ed71812b7efb6b7081c976cab0d57f5684083bb15c46b62282,sha256:e7d787e6c3d180292724080e0d9af837ce569d409b55ea3cfad7cfd886935b8b,sha256:e559ce859548bce17a6168b341112a236759e994508e612605824891d32d17dc,sha256:5deed95f6eb032daa1088e77cdac35f5759fe6bc96877e0d08c26cfab923ce08,1.0,ok
trellm-v0.3-iclr-protocol,sha256:e5668d53b95b23219ac33b439e1a546aefced33c8bff9f56642de9a045784e2a,glm__glm_5_2__synthetic_high_volatility_c0_v0_3__c0__e1__seed_31__sample_1,glm,glm-5.2,api-pinned-2026-07-06,synthetic_high_volatility_c0_v0_3,C0,31,1,E1,24,24,sha256:a0900f5d15c9e4b6f4728daf2e1800d194a55e2dfdc881b4db9e74c0eced8621,sha256:64eeb3ab35c2195685cad981eb21ec9bfa979433907b908bef667e0b6a8d0d1c,sha256:22328925f307badf5f961072a6309fa780b3247347b24f43bfd961263c3ae81c,sha256:9a4e337197c9146e460e29733cb3dba4b4d27bf241134c3bf9613da07e1ec640,1.0,ok
trellm-v0.3-iclr-protocol,sha256:dfa615c110ce0a7b5eb48129863df2070644b39617bcd4366eeb7e79d697ebf3,glm__glm_5_2__synthetic_high_volatility_c0_v0_3__c0__e1__seed_31__sample_2,glm,glm-5.2,api-pinned-2026-07-06,synthetic_high_volatility_c0_v0_3,C0,31,2,E1,24,24,sha256:fc72aab23a470ee8cabc7a1737c93779e826ae8c7db71d623f6868ba06d2dd80,sha256:91e3b5c4245d43233bffc69fe50b6809a607fc9e0c6c5a3f7762ad4452d33b81,sha256:c4a1e6d1bdcec392ee4d34e366dfd678c7938153936554c40e30e0344efa953f,sha256:009083ba488296ec97ba791e1cf464e411108f3e3f491197c85c6d3e7bf54965,1.0,ok
trellm-v0.3-iclr-protocol,sha256:62b0765b4e13db1a552b566dacf9b8ebbcffa5df501021da8d01aacdb614105e,glm__glm_5_2__synthetic_high_volatility_c0_v0_3__c0__e1__seed_37__sample_0,glm,glm-5.2,api-pinned-2026-07-06,synthetic_high_volatility_c0_v0_3,C0,37,0,E1,24,24,sha256:19997a38ae38d89aeac599dd0fdcd7e6d03941edfe3306f0d69581eb3b80e546,sha256:7f656554fa47881fbca3b3b145d9bbee5a4c3d25a83807b3949cff365c93fee8,sha256:b29153593e93121e1a96324fa345f8a0ba07f2dd3ece71a81a1bab1dea783ab5,sha256:e327d53663027604c0a413fcf1ebc7cf29910a0363777887319229d33cdcd794,1.0,ok
trellm-v0.3-iclr-protocol,sha256:0f7db30107c7ba3d3a17593e0729206c56d7341197d930f32d51e41f64fa09e0,glm__glm_5_2__synthetic_high_volatility_c0_v0_3__c0__e1__seed_37__sample_1,glm,glm-5.2,api-pinned-2026-07-06,synthetic_high_volatility_c0_v0_3,C0,37,1,E1,24,24,sha256:855c098329e42b512edb948bd87a4bbee33e4e40f76fc1e8cd82077f168107eb,sha256:790bebc8478e711fe705fcae3f3e31305cbe2a9151ab5db5a9e834769f2bed12,sha256:8d8a67df144e02d70e815e9d953361e66aba4f2208e739e9a8ea9b667d6fa324,sha256:b415c2a0e5d5239df0de0872726777d4e35c0a12f3e934be72bce40fc9a441ce,1.0,ok
trellm-v0.3-iclr-protocol,sha256:0a7e1b58e3f5070cf8e190fb3080729c3dfc2e796d7a35dbb5f3aa19f3af4237,glm__glm_5_2__synthetic_high_volatility_c0_v0_3__c0__e1__seed_37__sample_2,glm,glm-5.2,api-pinned-2026-07-06,synthetic_high_volatility_c0_v0_3,C0,37,2,E1,24,24,sha256:e0c1f51a0bbc8d93f25a7a14588d46d5543afc52765201c85372251ec828fbeb,sha256:f0811bc6e072a2e57503fa4490c8ca896000b9c32e30ef0c19fd2186d51ddf76,sha256:6090aa619f16a9cd458e5dd0b288c8a396ba2e59d274cc2f785bf92363fe0c63,sha256:4e018662fe0fcbdc94866c4a1a1e0c590dc06a425d411825bcfa423e31b73275,1.0,ok
trellm-v0.3-iclr-protocol,sha256:0a81aea228f492bf12dbceb2c7730a6319cadd3b9fdd5d678ecea6b6acbd0cf3,glm__glm_5_2__synthetic_high_volatility_c0_v0_3__c0__e1__seed_41__sample_0,glm,glm-5.2,api-pinned-2026-07-06,synthetic_high_volatility_c0_v0_3,C0,41,0,E1,24,24,sha256:6be27bd02b7763e8ad9fb32a48486a1ebcf61aa72bc494b06cc88989e6f4c840,sha256:2aba7c84697f265f39cd5840f241045fdf612e34dc2424c355e9ddf1eba865df,sha256:1cbf3eb78d1d02889cd45e4a89f10a858a7e6010e53fb896237e8d6492de6252,sha256:d0abb806e15557f5affabc5c7c715e6e6b50a8aa3ae3091ae93fbdb3b8452655,1.0,ok
trellm-v0.3-iclr-protocol,sha256:249084048a63facfd7c6fcfa13ba7850205101bc9308bd724205c86e022443eb,glm__glm_5_2__synthetic_high_volatility_c0_v0_3__c0__e1__seed_41__sample_1,glm,glm-5.2,api-pinned-2026-07-06,synthetic_high_volatility_c0_v0_3,C0,41,1,E1,24,24,sha256:8cbc5182f07fdf781bbe8a72e8c132d55e6cac7dc38a8b6d2b72997e169e9bc4,sha256:2fe919be86a508c2e69e1749a46f38204a70c72f467fea493ce61d519ab01443,sha256:fa4fc60e47140413ed99e05e4d8ce1c86a80f89d6cdc398295309eeb359d46c9,sha256:4d45b23f3ebd9b9697497c2ccf69d1daac14d1175f76727165ab2810873bad23,1.0,ok
trellm-v0.3-iclr-protocol,sha256:04ec1dadb4b0c38983a9e19c01b6d0da4765b947f774ba1bd389aa4c280503d4,glm__glm_5_2__synthetic_high_volatility_c0_v0_3__c0__e1__seed_41__sample_2,glm,glm-5.2,api-pinned-2026-07-06,synthetic_high_volatility_c0_v0_3,C0,41,2,E1,24,24,sha256:0d1bf33c3e6adf42124e5e5fabfdd5264fa0c0866bea3a0a913620b6ac9065f1,sha256:bb9fc9fe2c0bc7594cc419eafb6a7b4f6b2c7667d4781c9d009be7cd847f6f0c,sha256:eba67d53cd36490e172dbac72f8250b7107be05cd77ce187384e82515fc18c2f,sha256:2837db99958bf96da59033f1a0587c11becc8985037056a901d071ddf3d497c8,1.0,ok
trellm-v0.3-iclr-protocol,sha256:323507b0eeb656d08403020f7a693c6490137aaf8ec3b60f98a8760c4565cdd7,glm__glm_5_2__synthetic_high_volatility_c0_v0_3__c0__e1__seed_43__sample_0,glm,glm-5.2,api-pinned-2026-07-06,synthetic_high_volatility_c0_v0_3,C0,43,0,E1,24,24,sha256:fd3d47796afd998d58709cbfa3bc11b690e8a33795f8f4ffe5ba3f18ecd81c87,sha256:26c71e51ea26796af0e0b5335dda13a227a24c2457daf4a6c27dccb30009e49e,sha256:bbd60b44bc37efa7a3ab26d4cf7f64f69815070eec152c6e5df164bdfbd9c21a,sha256:e389a7a99843d2bbf5029e838e012550b18814535cbb39eda7be04b2bf40205c,1.0,ok
trellm-v0.3-iclr-protocol,sha256:646455d72a75d41e5c05bfdce01363dcd8c4f297c2af7ae90340ebc78c67cb99,glm__glm_5_2__synthetic_high_volatility_c0_v0_3__c0__e1__seed_43__sample_1,glm,glm-5.2,api-pinned-2026-07-06,synthetic_high_volatility_c0_v0_3,C0,43,1,E1,24,24,sha256:85953245c71a9602bc873daf6b6a49bf296835c789b49b4a6b68440460fe5141,sha256:c74a15f77f26378c4b20416a2ffa06f317baeac1663a908a6f2ba112a3e39eb1,sha256:20776516151395ee2d22a05df95bade3b94677294de171004951ae7f13a28680,sha256:e324d2c5afe43a2b69df06d4a96560f90b620bc453a706b4afa33df7104ace52,1.0,ok
trellm-v0.3-iclr-protocol,sha256:fd79becff2bc1c6d5c30d57b43f0ed9896fc02e0b2e80523271c5f8be868254d,glm__glm_5_2__synthetic_high_volatility_c0_v0_3__c0__e1__seed_43__sample_2,glm,glm-5.2,api-pinned-2026-07-06,synthetic_high_volatility_c0_v0_3,C0,43,2,E1,24,24,sha256:8c38360aaa27c47013647ea431914f27311c44f9dbb2f2c586bd0608f34bcd0f,sha256:647ccc9ae43b5fa5cb6f3ef74f0eedea96bc90358a99bdcee52f76cdb7eea15c,sha256:a20e8dd720c191b2cf6d90916d006684874b951c7037341dfc2380b83cc14006,sha256:9688b2608cf7b06bd9892d1f5a166372de2edd835773e3fc11aa8f43c27c3cc3,1.0,ok
trellm-v0.3-iclr-protocol,sha256:ca37707160a11c4eae683ad7b8c0df714ae35f4ba16b5cb8550bf1662498855b,glm__glm_5_2__synthetic_high_volatility_c0_v0_3__c0__e1__seed_47__sample_0,glm,glm-5.2,api-pinned-2026-07-06,synthetic_high_volatility_c0_v0_3,C0,47,0,E1,24,24,sha256:ce24f6e13ebca4e31988a6884bae9fb2391a7ddf2c766da54e832a71d73d5f38,sha256:20b64792b895d44ba5e31070c7526db5fdbda5d673bf8e2be1b3e86780069695,sha256:a5a7e5c9a87d313de6195ff8b8df02e3cf2f6a40775b06d7e43ab0a736320a9f,sha256:793d53fb6d3187e9e22009d6fc3bc501ba442af26aeb91a1f98b6419370f90e5,1.0,ok
trellm-v0.3-iclr-protocol,sha256:f9ecaeeba8e2a07646c1fd97e7ef277aed19e926de1fabe9e1f3986e50689a00,glm__glm_5_2__synthetic_high_volatility_c0_v0_3__c0__e1__seed_47__sample_1,glm,glm-5.2,api-pinned-2026-07-06,synthetic_high_volatility_c0_v0_3,C0,47,1,E1,24,24,sha256:2437c7e61e7309c796a6c794fdc959610fb47959bd299e020925e9972b44cbfd,sha256:94bf6703ab35ba70da1dfe79ee99d6f690045e4be94b2134fad5dde9602ed774,sha256:08f9a6cce573ca6339e816f2bc88616d964f486d9d85e42fa6d02581fc4b52fd,sha256:e91d05c1a6cdb0c3363ef39f8f6d7a420b5bf6bb2bdb1b50558b713cc78656df,1.0,ok
trellm-v0.3-iclr-protocol,sha256:674e4ee281e9eae44145a99e54380da417bfd464f3983b87ca30c649dfdf5243,glm__glm_5_2__synthetic_high_volatility_c0_v0_3__c0__e1__seed_47__sample_2,glm,glm-5.2,api-pinned-2026-07-06,synthetic_high_volatility_c0_v0_3,C0,47,2,E1,24,24,sha256:fd38a633444ea36a4ef30e8a6b84a910c44d1497d0403485d53e80cbb0292970,sha256:9552aafa6ab69634ab96fab6d7a8ce2eb0b9b4f010ab5630bdc854bc8b64c77c,sha256:683b3cd29e8042b1b2682bee0803dcea43b01bff97c46cb2202c44bb33e516b5,sha256:890c8a41f31c42e4c98beb054bed0bad66fd16ef99b62c8dc997be553dcbdce2,1.0,ok
trellm-v0.3-iclr-protocol,sha256:8fa2f081d4fca6bbc03b1f7e79f9f9785c2582368fff3bc2dd5a43c4c5be0d08,glm__glm_5_2__synthetic_high_volatility_c0_v0_3__c0__e1__seed_53__sample_0,glm,glm-5.2,api-pinned-2026-07-06,synthetic_high_volatility_c0_v0_3,C0,53,0,E1,24,24,sha256:5768c2962088c88ef24cbae7b1aa788fc1d415a918f0eb4f118b4cb8f4e653b1,sha256:cc7b9ce14fab79b61ec7982a10089da8016962c23283c8b2d9071b64d5043932,sha256:6580a2fb56cc30f565935e1194b13060e7afb4a5e61ecb2f03b63ceb486d0872,sha256:aa96b6d04f09805260abfed5388b3bc7429cee0cea946bd5f1e07905d6e4e2bb,1.0,ok
trellm-v0.3-iclr-protocol,sha256:6fc3c8a15b26f3691b6335e06e5b246bd635f40213dc93e30f2f17e92c5ae3b1,glm__glm_5_2__synthetic_high_volatility_c0_v0_3__c0__e1__seed_53__sample_1,glm,glm-5.2,api-pinned-2026-07-06,synthetic_high_volatility_c0_v0_3,C0,53,1,E1,24,24,sha256:eb0d98f138e994c269ebe2a229e184b4ac9973902c115d505b3c9d60213244fa,sha256:f64e57173f4b2bff1d304cd5a48936627d593255c0de9a71ec4654894e3b1b14,sha256:2ac57debc8166f30d513fb0fbf4fe168039270518387d832f31dfc20147fe495,sha256:6488029c0fc5aea30da02aa5b7ab841015cbafa09209d39f16e79f582b0c87a2,1.0,ok
trellm-v0.3-iclr-protocol,sha256:8701523c8c03e3651c5d19cfaf2708431f1506cd6ce590212a1a7797e1f7742e,glm__glm_5_2__synthetic_high_volatility_c0_v0_3__c0__e1__seed_53__sample_2,glm,glm-5.2,api-pinned-2026-07-06,synthetic_high_volatility_c0_v0_3,C0,53,2,E1,24,24,sha256:c6569c6d2187d24d150cc8bf14ee4619cd2569e203f14688e238631b01235cf3,sha256:b531f55be6bc07cc740e59ceab049c76328eec063532e57582e539d26d6217c6,sha256:fcc5dc18fab5902bd8410f47bb8c4f25dc8eea6d605f3ca7b5056941e7365754,sha256:134320ced3b0bb7263def7083f6e72bd3524fb06ebac190da2118a7921fea43e,1.0,ok
trellm-v0.3-iclr-protocol,sha256:e914064fec91e6f9977787e9aa665f1e09bbfd22382914dde6d679dce4f8a2c9,glm__glm_5_2__synthetic_high_volatility_c0_v0_3__c0__e1__seed_7__sample_0,glm,glm-5.2,api-pinned-2026-07-06,synthetic_high_volatility_c0_v0_3,C0,7,0,E1,24,24,sha256:a6915d3e657a7721ad58f7e3cae0eeef2459ef437e6190308672b4bceb4b081d,sha256:e74907eed425161f8a078d1c98bb7c4611e1517fbfb83b7e519de64b842a820e,sha256:4d0c0492d15fff8331afc80902d7c4df465d00476403e5b953e9c30ea8f52b50,sha256:c58878ffa7ac0b2f396079e8e740c7aa1723acd7dd562a802f35d5bb8e7ae4d9,1.0,ok
trellm-v0.3-iclr-protocol,sha256:aa1663d932b0c6fa8568fbca94b1b9ecadc38e9796aa6d978ac637a28568a07b,glm__glm_5_2__synthetic_high_volatility_c0_v0_3__c0__e1__seed_7__sample_1,glm,glm-5.2,api-pinned-2026-07-06,synthetic_high_volatility_c0_v0_3,C0,7,1,E1,24,24,sha256:702018fc781de393db8f6db0496a301da30708884af43e5d323ef942b0b57e4c,sha256:524ba777e6965c45a0560363ac34450f5fcc02baab0196568e027f71e999c6b7,sha256:78c520523e6c3ea348cdc20488a2bc097729fe24886b99912428f8115278f743,sha256:a4f1842f17f357fc61fa949cd0d295f5fff0fa3095dea8debd3b3606789e3cd4,1.0,ok
trellm-v0.3-iclr-protocol,sha256:f949f71bad2fc8dcecb477899e322edd7a7cb7c057c0209a08a00da0bc7ddd4f,glm__glm_5_2__synthetic_high_volatility_c0_v0_3__c0__e1__seed_7__sample_2,glm,glm-5.2,api-pinned-2026-07-06,synthetic_high_volatility_c0_v0_3,C0,7,2,E1,24,24,sha256:9b610ca8ba020295a79d7c9426c1111b92c856341fb33148ce316ac1af146ae6,sha256:d1df7827ad28fb361ceac16f5d45a86178a1c994701844ad1f9fcc50af1b77c4,sha256:77151f90fcab630fac5be45bc5bf635e0121569209cb6fbb043ca49ead5a1cd2,sha256:af8b289e67ba2128a4548de8be1cf48083efafa6e25e417aca442bfc5d8c3398,1.0,ok
trellm-v0.3-iclr-protocol,sha256:dadd55b70880c5f0af2b2d7293756ff8591915429529c3bdba98918c98760f5b,glm__glm_5_2__synthetic_jump_tail_c0_v0_3__c0__e0__seed_11__sample_0,glm,glm-5.2,api-pinned-2026-07-06,synthetic_jump_tail_c0_v0_3,C0,11,0,E0,24,24,sha256:fb2a655266fe41ecfa004dbc6bb3ec8707a273b35ca881a98bf275b8edbf7d0c,sha256:a03e56307bae0bc26f8c05632e1a411ee5cf57186ac7da122626f86ba4dac514,sha256:89f722b8fd560b26b5017f58e670620f64c9c812f9d3559ff520ae60de8632fa,sha256:40388d9244186ff9176d38fc11fc5be6f6b0c4228247795502142808cbf716a9,1.0,ok
trellm-v0.3-iclr-protocol,sha256:473116611bc51a0b32cae74c94e61a9f6a9be57f5aa1194da3c4fd295087c52c,glm__glm_5_2__synthetic_jump_tail_c0_v0_3__c0__e0__seed_11__sample_1,glm,glm-5.2,api-pinned-2026-07-06,synthetic_jump_tail_c0_v0_3,C0,11,1,E0,24,24,sha256:6e11387be46699a39967ffc492976d9cfd4011064a48a5d88a6e394d5e2e1e74,sha256:03000c064a589d8aacde933143d90fc6948406bc7dd8a8025e21169b8272c96e,sha256:d38a787771bd7fd673b6f176bedb318d29f205c7a85c2c317ec4f483394c59f0,sha256:22e66317c51347791d1d3d669d5380b3c282ba099eb000b0a32ecd155b28fc1a,1.0,ok
trellm-v0.3-iclr-protocol,sha256:07c4ca8cd6b43bd5cab0996fb5883d9aa7317cf41cab0ab6da430d64d56c5608,glm__glm_5_2__synthetic_jump_tail_c0_v0_3__c0__e0__seed_11__sample_2,glm,glm-5.2,api-pinned-2026-07-06,synthetic_jump_tail_c0_v0_3,C0,11,2,E0,24,24,sha256:aed265ddac3ce9106d0d83ddf0de0381666074d2c107f91285cf3175efa7bfaf,sha256:1e34838bcf3a3361515dc7950d77314b0315d3056aa874aa43227e3e6d0a6302,sha256:dc3cfaf2cdbb9c53d845fb1a2ff0667c94b8382fa23f05f94d74a06cbddecce6,sha256:41f63c84babe70365934d658c76cef15e866d4608c42af7636a7f077ea7b96eb,1.0,ok
trellm-v0.3-iclr-protocol,sha256:5cf7d7c38d96958b1aeb5d11372d36ebfc52d3d18267f6fe25fcec5aaea06aa8,glm__glm_5_2__synthetic_jump_tail_c0_v0_3__c0__e0__seed_17__sample_0,glm,glm-5.2,api-pinned-2026-07-06,synthetic_jump_tail_c0_v0_3,C0,17,0,E0,24,24,sha256:8c455479a52d64fd1ef0c1d775f98c24e56ad83ac0bc12aafec3ba2b27638f54,sha256:02a0ee937309492fc36037052ab973f45ab013270d7b5785044266f36efacd52,sha256:71a54fef3a73324fb8870adc44eb2b7e2cfa0aac92f283c37565558126bd5aaf,sha256:cd0ad5e8b5234dc6078338858a9444334b5d502fbbac1eba6fa7ded1a5dfa350,1.0,ok
trellm-v0.3-iclr-protocol,sha256:43eedebcdde9a5db35a712338bda6685da4fc4ed122e8e5477b5779c4e5f87ef,glm__glm_5_2__synthetic_jump_tail_c0_v0_3__c0__e0__seed_17__sample_1,glm,glm-5.2,api-pinned-2026-07-06,synthetic_jump_tail_c0_v0_3,C0,17,1,E0,24,24,sha256:db2ca409039ee7ce0b772e03dd489ef66e5a85bd38804b9ce4d84cfac1b940d6,sha256:17d5a4f13054d45e56c19ec8c903508e96d0672345b3e9dee6c1aeb3ec750663,sha256:f84d67e30a8908b0cda56dbd66ae852d19bae759e2aae4e8117953fe19e2d37b,sha256:f37cdf180830f7086d3bdc3363c7ebccf32e262c1cc850440a1e1a969c47b3a3,1.0,ok
trellm-v0.3-iclr-protocol,sha256:19826fd6038bf8fc49626c354a39014456e33a6fcc15901ee344356e8f06e34e,glm__glm_5_2__synthetic_jump_tail_c0_v0_3__c0__e0__seed_17__sample_2,glm,glm-5.2,api-pinned-2026-07-06,synthetic_jump_tail_c0_v0_3,C0,17,2,E0,24,24,sha256:6fb8f98b345dfb129cfd9b2e1eb7efca2ee85b5af12b8408ea08c670d91c094e,sha256:abf8977388f62e280b998de80108f034be963e7a17fbad12ab6336af905b2dfe,sha256:f1c2a5bd93c5d842eb84f52234e763076ccb479646f3febca563abece3cf7310,sha256:b39e0fa426ef435d48adfa9b969338c3749c95c9e3f761ea0a52676237d9deb2,1.0,ok
trellm-v0.3-iclr-protocol,sha256:57ed662e1c29133a8118750ea73fcfb851b06fd72129a30496ade4391f79f0e3,glm__glm_5_2__synthetic_jump_tail_c0_v0_3__c0__e0__seed_23__sample_0,glm,glm-5.2,api-pinned-2026-07-06,synthetic_jump_tail_c0_v0_3,C0,23,0,E0,24,24,sha256:1c7763bb566d02cd97b736f7ae62a3ecfdfa8892b93b87206953747ade11f94c,sha256:bf59eb8701b9efa5f5fb2df63523d9f2ed744f787b5bbd080befda384444e780,sha256:c0e4ab5df3889ec8d7358204da9dca3d147de52731e1cc1c4aaf876ed17e7b8e,sha256:01cd9474265256c2eca9c1b628527910db150f004f5b5b3035b925d3cc833cc0,1.0,ok
trellm-v0.3-iclr-protocol,sha256:3c52b9e7cda9a819057c9c6fdedb76fb6b04fd290627bfe79e05b8c2e2c39fca,glm__glm_5_2__synthetic_jump_tail_c0_v0_3__c0__e0__seed_23__sample_1,glm,glm-5.2,api-pinned-2026-07-06,synthetic_jump_tail_c0_v0_3,C0,23,1,E0,24,24,sha256:b7c25fd2a082a72e005b03a3c988a0593ccbf3142882262a1d3c48a2f6b143ca,sha256:c44d887db919f913cfe720c0c43f492f51eb91fa18d190fac4528d3cfd8fcf7b,sha256:f31784b39e7d890f602a72e026c181c4b81411e172b9508d9ec551addaa2711f,sha256:d94402f502153a6521f7326496e08ef13edb82ce217789a1377432fa75517932,1.0,ok
trellm-v0.3-iclr-protocol,sha256:c44167fc24a004de5c41c99e3bc1c6a5100f829c81fc48ffe5d6c506355218c3,glm__glm_5_2__synthetic_jump_tail_c0_v0_3__c0__e0__seed_23__sample_2,glm,glm-5.2,api-pinned-2026-07-06,synthetic_jump_tail_c0_v0_3,C0,23,2,E0,24,24,sha256:f8abfccee24721a2b95b16fbd7d6b9d9403e236cfd2db84a9c46b52548dc9f63,sha256:223a3c98a7f43b3f7c25748c3892c709f2eca6ab8a2d38c6684f194bb0bc5c2c,sha256:c5c0913f10b640b8d8948eda2d49bd65140382e2a753fd16ea6b90195dddecd9,sha256:5e3c5971158ef095f651fd26d074f098e13b168442f47f8e62428998606a9c47,1.0,ok
trellm-v0.3-iclr-protocol,sha256:2a83e8ffffbf83be8861a140b4cdea5cfb5c0c114d4366a56a5fa0caf80e795e,glm__glm_5_2__synthetic_jump_tail_c0_v0_3__c0__e0__seed_31__sample_0,glm,glm-5.2,api-pinned-2026-07-06,synthetic_jump_tail_c0_v0_3,C0,31,0,E0,24,24,sha256:1d132905832060df45d6cbead8e8100e88c4ad8127afe50de1a9739d049f2ee8,sha256:f23feb650493978692dffe388334d1437159dbd4fa9e8b35891f87a391014ba0,sha256:e20668bac65ec2971fc568bf3cdb198f7285033fce2c46ea574a192480d2aefc,sha256:5e4337d563218ecc09eff9ced405d35d78be52cbcc5b40fa569d52b407f7a106,1.0,ok
trellm-v0.3-iclr-protocol,sha256:e34ab7911791119373b1d0f409a0431a68f4d3e68ea206f4dbbf07416303c456,glm__glm_5_2__synthetic_jump_tail_c0_v0_3__c0__e0__seed_31__sample_1,glm,glm-5.2,api-pinned-2026-07-06,synthetic_jump_tail_c0_v0_3,C0,31,1,E0,24,24,sha256:666cfe6b961024a7b985ab0b3ca3e4b5b579f3e95b851e5762669bd52543c756,sha256:0b4102c8eb75fa6d3466bf88f2d5063e5cf023f610ccc1e238a1e3cea4e6fae0,sha256:1007eba795ead59d0315992250accd3a5c24550a2c26b618564ae6fc15738853,sha256:e9021121c5cc0a0b562eb627c4b28006fda3b1eee5f39af149c03330756fbd4c,1.0,ok
trellm-v0.3-iclr-protocol,sha256:4f7605b16a28fad896957e481409925370caff32af14fed42c8a4a12023a51b8,glm__glm_5_2__synthetic_jump_tail_c0_v0_3__c0__e0__seed_31__sample_2,glm,glm-5.2,api-pinned-2026-07-06,synthetic_jump_tail_c0_v0_3,C0,31,2,E0,24,24,sha256:1e134cda56f03feef0087be1955d23121f99f76aa1f55f7af6448aad01c7335a,sha256:a634020a8a87c6c9f2bd3d25ddc200adbfbf651b0a6c22c3244311a5ee76e160,sha256:0ba500736efed5a0bef23af2621bbbd4780b2780c6d817663383d66d9b1934e5,sha256:90196b825e77c43f5513621bbdf557e6e48b06ce45d9bfa207e9940606568803,1.0,ok
trellm-v0.3-iclr-protocol,sha256:d43f9e80655359ff5df6166ea5d656248eae9dbf812cce57444c88a4826c35cf,glm__glm_5_2__synthetic_jump_tail_c0_v0_3__c0__e0__seed_37__sample_0,glm,glm-5.2,api-pinned-2026-07-06,synthetic_jump_tail_c0_v0_3,C0,37,0,E0,24,24,sha256:fe0213cd75b086e183e14a5cf911c3797b8605e8788deafe0f96b9c564ba7356,sha256:6288647d94e988ad489351d7879930c70290080061e8b763975c721186e3cd44,sha256:40ce8fa8d68c694cf0ca88823c40d3b9f6603076c875e20ed0ca9a28ef19a753,sha256:c0d2354d467e80554d6175ce77e1212064f2066522aa97c7a041575dfb219864,1.0,ok
trellm-v0.3-iclr-protocol,sha256:fff4a54f36a7dc4735f1e36ee55587fa90cb32b5d0ad329a05db67338f6d9fda,glm__glm_5_2__synthetic_jump_tail_c0_v0_3__c0__e0__seed_37__sample_1,glm,glm-5.2,api-pinned-2026-07-06,synthetic_jump_tail_c0_v0_3,C0,37,1,E0,24,24,sha256:27be4bde2e657521c133ced408a9ac76feaef6e3c9f3c3ae62a7079f1916ab31,sha256:560a8453b901b7d3679a3d40d83c0ca58492d7f5c02e708bd818ea3dc43340a0,sha256:f1b96fd82aa806d07c301d81b4a20bbf67b3895c456d36c74fc667e01b114aa5,sha256:bbef722f7b1cabd800812e99d8fdbb48a3266e553a53770780465d1fd00ae6e7,1.0,ok
trellm-v0.3-iclr-protocol,sha256:7178988a5d4ad3b80b233e9dda54ae35325896a5a6a79534b0a4ff9485f9ab7e,glm__glm_5_2__synthetic_jump_tail_c0_v0_3__c0__e0__seed_37__sample_2,glm,glm-5.2,api-pinned-2026-07-06,synthetic_jump_tail_c0_v0_3,C0,37,2,E0,24,24,sha256:ea709e72e75c8a50b0d9274e11848e02c1117795fd888addddc22980771c754b,sha256:33d47981a805feae796dfde901f9dd5d5c4d600722a4e30b7beb6e4312188c57,sha256:1610e57582243db43047d537f6b33bac5f3c257daffd560c411181be3df1127f,sha256:95db9a7fa74e0fc1109d0ec721e1b82c571086b199b7f596fd61d35611bbbad9,1.0,ok
trellm-v0.3-iclr-protocol,sha256:263ccbe8326d4d8e4a618b9f9f1ebbdee62f674cff3461512985a7caefa86cd6,glm__glm_5_2__synthetic_jump_tail_c0_v0_3__c0__e0__seed_41__sample_0,glm,glm-5.2,api-pinned-2026-07-06,synthetic_jump_tail_c0_v0_3,C0,41,0,E0,24,24,sha256:1956e070e2ca69fd2e8baa71e44ad43c644ce302e2f908b701e1ec80ce1e99d5,sha256:0cc7cf9d95b2f764939b84a26dcfafaa1733e13cdd0cd5ffbe5ba1f76eb48fc9,sha256:8e6dff2b315d8d18b7d71cbaafdaa00685a7b15b87b07ff373b80010218b04ff,sha256:027b1d1b9ff7eeadb8af5c0644d06f19f235c6d4dd5190e551697ba546e2bed5,1.0,ok
trellm-v0.3-iclr-protocol,sha256:8507d4329f809c1f2630ab33e7c5e8f62424a5da147f28b73eb80f2af235c021,glm__glm_5_2__synthetic_jump_tail_c0_v0_3__c0__e0__seed_41__sample_1,glm,glm-5.2,api-pinned-2026-07-06,synthetic_jump_tail_c0_v0_3,C0,41,1,E0,24,24,sha256:a4e5f63d8926907cccd3ec98c324eaa339ecf6051fa24256c447ebc394b8156c,sha256:b915b8a20a88a2ee34e4706354936ece9796e1464bc7cea958f699457dbca4df,sha256:d09f8b246d550ef113f1824a4695fdd8c275a45b0e02ec618181e92ae1b111f5,sha256:73848cab9d11e844c45792d5d3bc60c9c24d4dfa0ce3d6e031b4073911e0579d,1.0,ok
trellm-v0.3-iclr-protocol,sha256:b52aec73dba7c9320e7da745e69fc0f828b50094b0ce1bd7c9917efc63fb4a2d,glm__glm_5_2__synthetic_jump_tail_c0_v0_3__c0__e0__seed_41__sample_2,glm,glm-5.2,api-pinned-2026-07-06,synthetic_jump_tail_c0_v0_3,C0,41,2,E0,24,24,sha256:12e3caae8f05113f95edbe243c9e4ad0abf916529dd33af8d21a38bd6484c847,sha256:c721ab6514ba048f5281a145ccfff2b4f71b972a3468e0bfa777194c9633bf35,sha256:3fdb882148fd8f1e94f779339a8e463bf6bdf27406598ff989313728084286aa,sha256:783dcb5a2b5252e16848ae03109ab5c57fc3cd796bca0519cd74bc076cd4bdb9,1.0,ok
trellm-v0.3-iclr-protocol,sha256:f1e03495672bd26540f9387839f49f5432ccb2d62cd19c90a0f5a28e6d0e8c2b,glm__glm_5_2__synthetic_jump_tail_c0_v0_3__c0__e0__seed_43__sample_0,glm,glm-5.2,api-pinned-2026-07-06,synthetic_jump_tail_c0_v0_3,C0,43,0,E0,24,24,sha256:8fac7220ba0aa072c9f6fe77e29239e894d43261991dc8d24e2e6ed92a941efe,sha256:37205cadbf69b6975a18ef79c777f31a9d7893f4fce7ddd7b9949b0e3dece13b,sha256:b4e8bd38a7de23f04773ba22ea21988c4bd068c048b5e8ec3aecc97ce2a20b24,sha256:a0a58c19fbebf70f582844bf9ad04aefb0dc63fb08ea4b872d1489f623c31438,1.0,ok
trellm-v0.3-iclr-protocol,sha256:6945b2bbeb71b982638b4771574f99a84c195536308959bdc5e7d606e92f118c,glm__glm_5_2__synthetic_jump_tail_c0_v0_3__c0__e0__seed_43__sample_1,glm,glm-5.2,api-pinned-2026-07-06,synthetic_jump_tail_c0_v0_3,C0,43,1,E0,24,24,sha256:a88202a58af155205163a4d73965a817a49ec2a76f1b2639ecb7fba5c8487dec,sha256:3bf6fcb9c98d498acbf63abd51424777912daf3dd83a40177f9f153c8b59d43f,sha256:298a92370a6eb1e2ed74c7e6a90151ea7dfef57a342e915443ad60bbe365f700,sha256:62e8a588534e7ed892950f0fbfc12d9ccbc5fb16d3761b66d486f9dfb0b02d53,1.0,ok
trellm-v0.3-iclr-protocol,sha256:2047b24ea61d816db28b62e1f71e0c1a0732b720a25b21e876b83b9b5fda581b,glm__glm_5_2__synthetic_jump_tail_c0_v0_3__c0__e0__seed_43__sample_2,glm,glm-5.2,api-pinned-2026-07-06,synthetic_jump_tail_c0_v0_3,C0,43,2,E0,24,24,sha256:7d4a9baa0b1fab8a7586da333d39b3319a5d88684405ab990df86325fe8725ad,sha256:b3b43320ff711a4c245f33f9540bde79f3bbf8f627d32a775592e7258d583ee5,sha256:08814bc0a689b33af639575d9dd93975f1ca33281a365ebdc650d0bdd19149ce,sha256:9a7aa128050479ffc3abda838d695875723b3d6a8e4f99860766556717b4ba49,1.0,ok
trellm-v0.3-iclr-protocol,sha256:f34da62b3d2b5131a58e1fd2f1a444f805c98f126a0facb30cbac346368df564,glm__glm_5_2__synthetic_jump_tail_c0_v0_3__c0__e0__seed_47__sample_0,glm,glm-5.2,api-pinned-2026-07-06,synthetic_jump_tail_c0_v0_3,C0,47,0,E0,24,24,sha256:b464c0bf51f7f9cefcbc45cdeedb6ef46ab9344e985cce3afcc6e50c7940f95e,sha256:3785e5a72fb16488e73a0eaacde06e32ccfb42cfb603a589a909afb9a9c2a146,sha256:e0eab7de4208d5d9ac5c838702cadf2424978cf1fe0936eb29d5827233ce3177,sha256:9a27f3f0dd06d995572bab4e4db7b0bebda6fc39e3ee69e54f2b63aca095217d,1.0,ok
trellm-v0.3-iclr-protocol,sha256:61350f13ba1ab58be14aeadee3b9161ff80603fb00bfdc374302846a89bec7d6,glm__glm_5_2__synthetic_jump_tail_c0_v0_3__c0__e0__seed_47__sample_1,glm,glm-5.2,api-pinned-2026-07-06,synthetic_jump_tail_c0_v0_3,C0,47,1,E0,24,24,sha256:bbef84d8b6c7472c3a423eff70ab7d43cf41d6501642a9e06012b8f728d6895e,sha256:3e8fbbcce8db4bf9204b7c747186c07d7d9afe2d6949a66f813e4a55653cf19f,sha256:d37143961c5c6ca991a0fed42bfe92d6bfb9275c48d209d761e5b482182d0118,sha256:53fd2ad8d0ee321b7ba26f98bca5fb1c88430f8979148fc7a37e3e5a02139eb7,1.0,ok
trellm-v0.3-iclr-protocol,sha256:ccb0e7aa48b9695c2b81e3c55efceff70dbe18e4f1853b02332b5887ae60b440,glm__glm_5_2__synthetic_jump_tail_c0_v0_3__c0__e0__seed_47__sample_2,glm,glm-5.2,api-pinned-2026-07-06,synthetic_jump_tail_c0_v0_3,C0,47,2,E0,24,24,sha256:7c99aaf167085776bcf95f698cea02e14cfe6c2ef846c10e4d6f6038a0787e34,sha256:dbc4d77bb1442612f0d9405cb440b73d0a3813c93209ae9b000c32e87c4add68,sha256:7963ef637fcd538ccf8329c4c86b43e70ab7687316aa7df89b4fd8e4a1f9999c,sha256:7ec0f235676ceb8946ab01f7479e55993c6f35d62f6fb3aca0b3627398b0dbe2,1.0,ok
trellm-v0.3-iclr-protocol,sha256:f6353ad82b56c7bdfcb3a4470bb29b95a82bf7c3c6fe83780829fe2c08ed0e8e,glm__glm_5_2__synthetic_jump_tail_c0_v0_3__c0__e0__seed_53__sample_0,glm,glm-5.2,api-pinned-2026-07-06,synthetic_jump_tail_c0_v0_3,C0,53,0,E0,24,24,sha256:ffcfca9f78860ae42d4885ccefdf0f05f98017001e405ebed16238ae4bad3ebf,sha256:49e3d1636ad3dbe660f672bc3ab5a2076a2bf1a01d06a68bb9cca01f0ff8498f,sha256:17b9bc809ba18637b5a3642225ab90fccc42896d66fe6ab70e39695029b1b918,sha256:83dfa72e884e02b2533919dd3de1a08e5656098d0b6cf0c6305dc784396ee693,1.0,ok
trellm-v0.3-iclr-protocol,sha256:5902cd3c247e2a54e646bf6f2846aeaeca2f2c04cabf5acb7963bf93b49bd769,glm__glm_5_2__synthetic_jump_tail_c0_v0_3__c0__e0__seed_53__sample_1,glm,glm-5.2,api-pinned-2026-07-06,synthetic_jump_tail_c0_v0_3,C0,53,1,E0,24,24,sha256:2cd09c2b03ee58b30bce6d1e176e34e54b4645050138a130b2e7aee5ffbc2180,sha256:5b72eb5047aa74e6a0bcdc4d192716fababd18e8db1236022f343c42f0b28722,sha256:b2fe6427bcc3d8a87738142fb60d359cd086b2b387b548a4208ccedde20d00b0,sha256:4456c5dd3b2b59a0e929ec22e2eacca48d0a778aabb72ab7f30cf7053453eaba,1.0,ok
trellm-v0.3-iclr-protocol,sha256:6accc953504a9333ce460a59ced260f9299f9ba4cf2014116db7ab10937d6927,glm__glm_5_2__synthetic_jump_tail_c0_v0_3__c0__e0__seed_53__sample_2,glm,glm-5.2,api-pinned-2026-07-06,synthetic_jump_tail_c0_v0_3,C0,53,2,E0,24,24,sha256:c96968bf4213db9dfb950d31d1d5c5d473d47ce43ee4d292753056cb7e647250,sha256:39bc83346f950547ac92de91730f6b235cc93340df4a490fdc21b21a2d984f2b,sha256:2c0c7d6ab66fa081edace0e9856ac3384089c34a9fcefb150de2c961e6ee80c2,sha256:592ca847c0d966cacce164d754ee6409c41609e386dc1d0f13d4e3b12a08c31b,1.0,ok
trellm-v0.3-iclr-protocol,sha256:9748a27ee229aacc315c2478472f1acc0e09a0716dead5023cc9b8d795d65879,glm__glm_5_2__synthetic_jump_tail_c0_v0_3__c0__e0__seed_7__sample_0,glm,glm-5.2,api-pinned-2026-07-06,synthetic_jump_tail_c0_v0_3,C0,7,0,E0,24,24,sha256:73d914ba9d0411e2bc3e6967c24109e2227cb9aea164168f57bf56067bc6d52c,sha256:ee19f656157e8586412f646430a72d1802bfa4a27eb7c9e75156a14ec1d8bb64,sha256:bb0b5fd639eeaf74326bed778c444e3de7b559a1a67e7665eb7fd4be0890b521,sha256:f436db1497773b0ea8f36adc553cb94a79287b0317704260858322d21f9cec1f,1.0,ok
trellm-v0.3-iclr-protocol,sha256:a35c7000a23110bc754ce16406929af0228496a0e415c2d090963c108b92e2e8,glm__glm_5_2__synthetic_jump_tail_c0_v0_3__c0__e0__seed_7__sample_1,glm,glm-5.2,api-pinned-2026-07-06,synthetic_jump_tail_c0_v0_3,C0,7,1,E0,24,24,sha256:c18df882044470428c20fe34e3e8f477391c9fee3ba993783fe0b955fc85951c,sha256:ebddb7a11a96a1ea333c4b057fd835d47930c8cf3ebb41ecf289fca9a755594f,sha256:a106229f8fe056a5102ba16bd8e5d13b1435f920f8e97cee125c8d22725586c1,sha256:6b9a27000a70e5be0d8b02cdec97129f2a7887ea73e21d665be34c8490b224c0,1.0,ok
trellm-v0.3-iclr-protocol,sha256:fa8c9ea931600690e01016ef9117531f859fcb4482aad764d6de95658f7103cc,glm__glm_5_2__synthetic_jump_tail_c0_v0_3__c0__e0__seed_7__sample_2,glm,glm-5.2,api-pinned-2026-07-06,synthetic_jump_tail_c0_v0_3,C0,7,2,E0,24,24,sha256:8e7730642efc91ac68b52e7a88f3ec9a0a1dbe9b6b7ec77b3b2fa6f525cbf597,sha256:73a5812499b72abaab8378ad2e3fe6be53af569592e1239d256fe6da363e46ad,sha256:b1f2d41de6e5128934808f40b16946fd4cbc156b1a0cb38aad91fae39a331540,sha256:79f4ccd869302fd71085eb1d571510e052651e51d157357931dbc1fbc412a01d,1.0,ok
trellm-v0.3-iclr-protocol,sha256:dadd55b70880c5f0af2b2d7293756ff8591915429529c3bdba98918c98760f5b,glm__glm_5_2__synthetic_jump_tail_c0_v0_3__c0__e1__seed_11__sample_0,glm,glm-5.2,api-pinned-2026-07-06,synthetic_jump_tail_c0_v0_3,C0,11,0,E1,24,24,sha256:01d95809bfd7d7f331093b51febb9f64310b193454657fbfa98d66ccb433d72e,sha256:c839c21b7c7cbe533c9152b38bf57679a98286c736bb1c5a6e1884cb345a3bfc,sha256:8876ad01126972e6178c17f1c2e38e3f83f59f7b3f1f8145d1e20442e4f6864a,sha256:d41223fea550d8298051e0e5a257993a92d490eb69831be38e5a32ffd0e2a328,1.0,ok
trellm-v0.3-iclr-protocol,sha256:473116611bc51a0b32cae74c94e61a9f6a9be57f5aa1194da3c4fd295087c52c,glm__glm_5_2__synthetic_jump_tail_c0_v0_3__c0__e1__seed_11__sample_1,glm,glm-5.2,api-pinned-2026-07-06,synthetic_jump_tail_c0_v0_3,C0,11,1,E1,24,24,sha256:7aa1c368c1786060a1e3926aa44dcfd78bc4c0b50f28538880d41fa1afbeb9f1,sha256:0a2805d6993d46502dd7c40f1bf85a66ca2587129e967040fb4e2021c683316b,sha256:4d77071cdbc5f26f53a4a08027eaabf61dbba58d420a1ad91fb4edc02ea37460,sha256:f4d88fdb6d71931cdec8529589dc31f1759872e1f1fc4eb832a2f93464060167,1.0,ok
trellm-v0.3-iclr-protocol,sha256:07c4ca8cd6b43bd5cab0996fb5883d9aa7317cf41cab0ab6da430d64d56c5608,glm__glm_5_2__synthetic_jump_tail_c0_v0_3__c0__e1__seed_11__sample_2,glm,glm-5.2,api-pinned-2026-07-06,synthetic_jump_tail_c0_v0_3,C0,11,2,E1,24,24,sha256:3d431c94c618ef1f384117bb99f9d4d76e6e44e02263eededa89f2189e6847b6,sha256:b9e9b470d53539435a3c6b9536bc3bab42637168786db25f96e03ee3f8256139,sha256:eac3e72c77d18a5c907f56351507861732f86dfe98a94f2a75449b8214ad15b2,sha256:67c8577738289a65b220219422461170a31a8592e365436b49b00c421dc7703f,1.0,ok
trellm-v0.3-iclr-protocol,sha256:5cf7d7c38d96958b1aeb5d11372d36ebfc52d3d18267f6fe25fcec5aaea06aa8,glm__glm_5_2__synthetic_jump_tail_c0_v0_3__c0__e1__seed_17__sample_0,glm,glm-5.2,api-pinned-2026-07-06,synthetic_jump_tail_c0_v0_3,C0,17,0,E1,24,24,sha256:1c6b23f67b7332eb9fb64b52ce2e9ae7d4e24a569eb452ad210a6adfb853f3f0,sha256:89e8176ca5336cc7a518e0ac007f46288890c8d8af9cdf8ab0abd60879dc9f97,sha256:8faeae9eda334fe467d7cf266b1191637d2ffeb621dd7effee871b6a2d9025d4,sha256:e8cb2c6f803c0e39df1da6f14db64170534571961de3e7b16781b77708d41ecf,1.0,ok
trellm-v0.3-iclr-protocol,sha256:43eedebcdde9a5db35a712338bda6685da4fc4ed122e8e5477b5779c4e5f87ef,glm__glm_5_2__synthetic_jump_tail_c0_v0_3__c0__e1__seed_17__sample_1,glm,glm-5.2,api-pinned-2026-07-06,synthetic_jump_tail_c0_v0_3,C0,17,1,E1,24,24,sha256:2a90608e6c051c385fdb68704ca9b0b79604f3ee39140f8bef08c2c75ccf335f,sha256:d19591abb8b611a1dc3f79e50abdb70188b7e3836328a25d085fa25e298000ea,sha256:26fbb9afe9960a9df1943ee0448e5121dc5f41612ad594b50c9edd725bc55dee,sha256:d7384c0021441acdacde02dcca3a09c4dae4d5bd2eca3f21de0a0181ebf52973,1.0,ok
trellm-v0.3-iclr-protocol,sha256:19826fd6038bf8fc49626c354a39014456e33a6fcc15901ee344356e8f06e34e,glm__glm_5_2__synthetic_jump_tail_c0_v0_3__c0__e1__seed_17__sample_2,glm,glm-5.2,api-pinned-2026-07-06,synthetic_jump_tail_c0_v0_3,C0,17,2,E1,24,24,sha256:2afef529384e7925b7e035db70b49e45ee0d8b8fe6cfb8a64fc424a85e839ade,sha256:1a6068ef9e5495b7ad8a0d40f05ffff16d2aca17dedafb3ac193be28af60b48b,sha256:5d692d3b7840d5a2586aa78299611078abadda9ef1f21a6ded0a2ed33b526932,sha256:30110f5985dbd9797bd35c49b101aa0e13ca8948c1f7c9eb41603b72c516270a,1.0,ok
trellm-v0.3-iclr-protocol,sha256:57ed662e1c29133a8118750ea73fcfb851b06fd72129a30496ade4391f79f0e3,glm__glm_5_2__synthetic_jump_tail_c0_v0_3__c0__e1__seed_23__sample_0,glm,glm-5.2,api-pinned-2026-07-06,synthetic_jump_tail_c0_v0_3,C0,23,0,E1,24,24,sha256:e22cd7be433dac1af8ca490abf26544c0075fc585801596cfd58e3827a8f832e,sha256:d67d1cdabbec3e504b4cd942bee45b16c44c1742a7b3985cc8bb139dfc438f8d,sha256:52d352f7d0b6235b94364311b98711bedd4d17cc349b779b65401bdbbcab0d9b,sha256:2a58e8cb339ddf348aacb51b7bf1efa50981e8a81a828a18175b9d4a347ede58,1.0,ok
trellm-v0.3-iclr-protocol,sha256:3c52b9e7cda9a819057c9c6fdedb76fb6b04fd290627bfe79e05b8c2e2c39fca,glm__glm_5_2__synthetic_jump_tail_c0_v0_3__c0__e1__seed_23__sample_1,glm,glm-5.2,api-pinned-2026-07-06,synthetic_jump_tail_c0_v0_3,C0,23,1,E1,24,24,sha256:96d424149fd05d2489a5edf7f713daaa207948d8a0c333baeb3310aa36d627d5,sha256:79ad487fa953e4ed577d0f14b5607e185036bd162fd27987f52608dd6844915e,sha256:2c68d995098200dbba007605756f3e0824c1b6d89972515dad0e393e468ba594,sha256:624ec0db6e828d6e6e87fdfa9731703d7e20eedd467e5a64e4f5eb3178234543,1.0,ok
trellm-v0.3-iclr-protocol,sha256:c44167fc24a004de5c41c99e3bc1c6a5100f829c81fc48ffe5d6c506355218c3,glm__glm_5_2__synthetic_jump_tail_c0_v0_3__c0__e1__seed_23__sample_2,glm,glm-5.2,api-pinned-2026-07-06,synthetic_jump_tail_c0_v0_3,C0,23,2,E1,24,24,sha256:5dfebbff081a79ab62db45611bb16c9b8d3450c96cbc87c3810a5f4992203e55,sha256:084e11a33668b8653ab3cc481c99fa4cb58e88d7ec716957f0a2866d33221c4a,sha256:9a9cb1cfafff5fff20255aa785e95dd75d00daf1f20393cf77679a32a83dc751,sha256:f618696d031da78c527803cfef8f82fb94316313b115bc6bac56de9110ff502f,1.0,ok
trellm-v0.3-iclr-protocol,sha256:2a83e8ffffbf83be8861a140b4cdea5cfb5c0c114d4366a56a5fa0caf80e795e,glm__glm_5_2__synthetic_jump_tail_c0_v0_3__c0__e1__seed_31__sample_0,glm,glm-5.2,api-pinned-2026-07-06,synthetic_jump_tail_c0_v0_3,C0,31,0,E1,24,24,sha256:8286fb447fa72a14d44684376188521b06fa337315ee9f12d2894d67b72078f8,sha256:4b871e9c3abd9dc0d57632c85bae61809829c4d8a23b314733dc31d2d4b86400,sha256:71ab89db83936aed01cc74afd913a0d37634e1ae35b133a04d113ca442c8a5b9,sha256:ade11ec6215b3c4bcdd738a3723ec2614cd873ede64c3235f7a00a5d5a5efa32,1.0,ok
trellm-v0.3-iclr-protocol,sha256:e34ab7911791119373b1d0f409a0431a68f4d3e68ea206f4dbbf07416303c456,glm__glm_5_2__synthetic_jump_tail_c0_v0_3__c0__e1__seed_31__sample_1,glm,glm-5.2,api-pinned-2026-07-06,synthetic_jump_tail_c0_v0_3,C0,31,1,E1,24,24,sha256:288aad27571512df9b381bcfa06cb2170096acdf46174573a181edba62ac684b,sha256:37dc65630be5349d7ebea1c8d7313874d7eec3dcf58579396feb427bc7646782,sha256:b22e9658c9e88029dee2f37fa9fa0d0253031a14979265e2ae80048d618597bb,sha256:8e783e30497fd572c8113633da51e114ab3c0480f1099030d999182e860f5206,1.0,ok
trellm-v0.3-iclr-protocol,sha256:4f7605b16a28fad896957e481409925370caff32af14fed42c8a4a12023a51b8,glm__glm_5_2__synthetic_jump_tail_c0_v0_3__c0__e1__seed_31__sample_2,glm,glm-5.2,api-pinned-2026-07-06,synthetic_jump_tail_c0_v0_3,C0,31,2,E1,24,24,sha256:f33bb89f53bee132276079972d60945bd970832970a0dbc861c7f037293cd44e,sha256:ed7317d479d4014fe500cc35abc765c21124608eeea6ee57757f6b90fe5104c2,sha256:45569985e39fa8abc84745eb39925d84a957f8308b43d61a0910fb6a468b23e1,sha256:fedb6b1e98f5e63eef451b5d1f57b4d39e79a5b827263a26e3237db2ae949d1c,1.0,ok
trellm-v0.3-iclr-protocol,sha256:d43f9e80655359ff5df6166ea5d656248eae9dbf812cce57444c88a4826c35cf,glm__glm_5_2__synthetic_jump_tail_c0_v0_3__c0__e1__seed_37__sample_0,glm,glm-5.2,api-pinned-2026-07-06,synthetic_jump_tail_c0_v0_3,C0,37,0,E1,24,24,sha256:0021a2b7029702d4c346fd67cf92dd0180fcd494b515f79bb5fdd97292e26515,sha256:e040e6655a4e4a4ea4d973941539d5fdc7e5ea6f72a7c046938fc6015a0e9baf,sha256:a28a391ca68d3cdd95fd210936f9f66a544cb5208475cd7b8fc56a1d51c4c573,sha256:af63ec7ed213e2a12a1ec2c9914d316cb8ec1e4f5557ed12bb1b070328685b24,1.0,ok
trellm-v0.3-iclr-protocol,sha256:fff4a54f36a7dc4735f1e36ee55587fa90cb32b5d0ad329a05db67338f6d9fda,glm__glm_5_2__synthetic_jump_tail_c0_v0_3__c0__e1__seed_37__sample_1,glm,glm-5.2,api-pinned-2026-07-06,synthetic_jump_tail_c0_v0_3,C0,37,1,E1,24,24,sha256:b38e8f61ca296a0ae79869093858e1749d071de128be8e571b60ecc2268a0e1a,sha256:26f4a98005d911a770f98b974c92daab2ed4a41ff04acfb0175d7753e56045d4,sha256:52dd059714c8b014f19694de4c062584219dd6e5eb149357a84c12903a804ce7,sha256:ca2db5a854af3077a578219d0c2df5ec11ab6a20fe19005461a1b6ae93b55785,1.0,ok
trellm-v0.3-iclr-protocol,sha256:7178988a5d4ad3b80b233e9dda54ae35325896a5a6a79534b0a4ff9485f9ab7e,glm__glm_5_2__synthetic_jump_tail_c0_v0_3__c0__e1__seed_37__sample_2,glm,glm-5.2,api-pinned-2026-07-06,synthetic_jump_tail_c0_v0_3,C0,37,2,E1,24,24,sha256:fd00d93570da27c3475a9e7a39cce071c0d0bea91dacc445f37aed90dc336df1,sha256:a18572edc5be6dc90218bcdbace628c65bdaaf44fe922838ee93fbf224aefc5a,sha256:4d08497cffc4038f52d4a4c2d0a4dfd96f4c55b4002025112bcd723bd8f4e4f7,sha256:47f17053a26ca101bba0fc15bfec67cb69ebe2ef04afcbe4a2781915a69f4c61,1.0,ok
trellm-v0.3-iclr-protocol,sha256:263ccbe8326d4d8e4a618b9f9f1ebbdee62f674cff3461512985a7caefa86cd6,glm__glm_5_2__synthetic_jump_tail_c0_v0_3__c0__e1__seed_41__sample_0,glm,glm-5.2,api-pinned-2026-07-06,synthetic_jump_tail_c0_v0_3,C0,41,0,E1,24,24,sha256:f01b852a336b96771e22e98b31513aadbd0fa1299367d269c35dc24b14401409,sha256:9ccf9c1e857d377a245a702f158655c2c6d4caf1d385152a7412138dbbb4fe00,sha256:245586a255dcb880bbddcdb5f961518287ed79ece4baed39a6879c9c1ab0e508,sha256:c8c6e901bb312c127fefdd9e5aa097aee0f8b393baf89702cca505b06587d38f,1.0,ok
trellm-v0.3-iclr-protocol,sha256:8507d4329f809c1f2630ab33e7c5e8f62424a5da147f28b73eb80f2af235c021,glm__glm_5_2__synthetic_jump_tail_c0_v0_3__c0__e1__seed_41__sample_1,glm,glm-5.2,api-pinned-2026-07-06,synthetic_jump_tail_c0_v0_3,C0,41,1,E1,24,24,sha256:fffeeaa829906358e62213486bf2a1efd5e7ea6b32e50c0e2cb024494a8715f0,sha256:eda15fcc9555e7414e5b0dad5dc3ff20416df3dd6fadf1cc8b88398e4948c3f4,sha256:bce6fa46fcd47fc7f2a48bfc7ac6ebaf19784abc6fe8b70bc65dae4a07356571,sha256:6f61a07607dc4842c8c97632292d8e17f863890da1410ee7750de7a02702cfdf,1.0,ok
trellm-v0.3-iclr-protocol,sha256:b52aec73dba7c9320e7da745e69fc0f828b50094b0ce1bd7c9917efc63fb4a2d,glm__glm_5_2__synthetic_jump_tail_c0_v0_3__c0__e1__seed_41__sample_2,glm,glm-5.2,api-pinned-2026-07-06,synthetic_jump_tail_c0_v0_3,C0,41,2,E1,24,24,sha256:47cdeaf855f0dc00640ccbe30074385800aab78f6ea99e35ef38e1d7fa35e831,sha256:374e22afd9994a188714df328af6c9a6514a6fe5d8ab69125361cadaea2b609f,sha256:faa68c4aca764f8763903d3f7c927715caa735d117146c222203a0973dd003f9,sha256:87624004097e416efd37613ab209b45d54af6d8ce6e62778dbb6e8987598fe4b,1.0,ok
trellm-v0.3-iclr-protocol,sha256:f1e03495672bd26540f9387839f49f5432ccb2d62cd19c90a0f5a28e6d0e8c2b,glm__glm_5_2__synthetic_jump_tail_c0_v0_3__c0__e1__seed_43__sample_0,glm,glm-5.2,api-pinned-2026-07-06,synthetic_jump_tail_c0_v0_3,C0,43,0,E1,24,24,sha256:ffb1d0de4c45a86ab77949ea30d9bffbc6d9bf87d7d19b0ebd1fb33a67f4de52,sha256:ca3d3cdda3558de964e51c5ed3007acf500e8d20bc75caae54543317e2c8af73,sha256:ade8fc24b6a6fa048f7151c1e9f2ef7bc5536739851c4008166e156eb0ce17a8,sha256:5e42bda3e62c3bea394814cb988d900cddd77b7d898de87ad819b2987c7128dc,1.0,ok
trellm-v0.3-iclr-protocol,sha256:6945b2bbeb71b982638b4771574f99a84c195536308959bdc5e7d606e92f118c,glm__glm_5_2__synthetic_jump_tail_c0_v0_3__c0__e1__seed_43__sample_1,glm,glm-5.2,api-pinned-2026-07-06,synthetic_jump_tail_c0_v0_3,C0,43,1,E1,24,24,sha256:e586dad06e200a17fd5686f3e72a997da76c4ad6d19ebebcc8d95c012bb34f48,sha256:d94e117bb8ee0d030c520f6ea5ea965fbd3417de3d09822869819c1d11a213cc,sha256:c4300144ade2c37445e44df7acf3525344457259050c7916186a6f2668a3e308,sha256:b61c2ae9a431ec986a46dbef4a0a70f07e644330dd55cd11af9363877520c715,1.0,ok
trellm-v0.3-iclr-protocol,sha256:2047b24ea61d816db28b62e1f71e0c1a0732b720a25b21e876b83b9b5fda581b,glm__glm_5_2__synthetic_jump_tail_c0_v0_3__c0__e1__seed_43__sample_2,glm,glm-5.2,api-pinned-2026-07-06,synthetic_jump_tail_c0_v0_3,C0,43,2,E1,24,24,sha256:de7de39f60c5b593b5c1cdfeffb0040b62c921bab3310cadd30482584b029eab,sha256:f76f3482bce83db7311cf32caf0844492c1bc7ef055395218e582d718959bf4b,sha256:225f3bf2aa7fcf7f3097f79d4f7502c5fa4fa4f766e19061709d401bbb086920,sha256:12adf93a7af7240b997b289cfe2289336cc1c5d280abb2c3071d9f1b8dd33cdf,1.0,ok
trellm-v0.3-iclr-protocol,sha256:f34da62b3d2b5131a58e1fd2f1a444f805c98f126a0facb30cbac346368df564,glm__glm_5_2__synthetic_jump_tail_c0_v0_3__c0__e1__seed_47__sample_0,glm,glm-5.2,api-pinned-2026-07-06,synthetic_jump_tail_c0_v0_3,C0,47,0,E1,24,24,sha256:62a164f1000536c1489ada275d2421a786d7dcbd36717ef4b2de3b1a89f54bd8,sha256:e4bc0d1bffc1c2376795c80448cc526ab977bb82140c45e0e36af2c0679be6ec,sha256:f0fa4a618f84ea6a63b0226e2c99d372da70324b034b2859ebd90f7ec4678695,sha256:476963afadde803af918cc4139ac2bd8d080d119014cb5ae1d73e674c9eb28d7,1.0,ok
trellm-v0.3-iclr-protocol,sha256:61350f13ba1ab58be14aeadee3b9161ff80603fb00bfdc374302846a89bec7d6,glm__glm_5_2__synthetic_jump_tail_c0_v0_3__c0__e1__seed_47__sample_1,glm,glm-5.2,api-pinned-2026-07-06,synthetic_jump_tail_c0_v0_3,C0,47,1,E1,24,24,sha256:1ddab96776c99e65a310462cf00b417a6285b26c355e79efc9e2b8ef95369a02,sha256:fcafa3f2dfc077b5573592ed9a463e8cb60946a9bcdd9ca9c349cbad7a1ea0a3,sha256:a05f938fea473f19a2651d6c5e780e95b8911c662ebe85a4bf5ac03caae5dc89,sha256:a88469706b4be6056370eed5bd81c265146170cce040ff3166f37d86552936fe,1.0,ok
trellm-v0.3-iclr-protocol,sha256:ccb0e7aa48b9695c2b81e3c55efceff70dbe18e4f1853b02332b5887ae60b440,glm__glm_5_2__synthetic_jump_tail_c0_v0_3__c0__e1__seed_47__sample_2,glm,glm-5.2,api-pinned-2026-07-06,synthetic_jump_tail_c0_v0_3,C0,47,2,E1,24,24,sha256:318fdc5704177103dc0564d7f8a3a80d8b342d80c4c44faaeeabbd999ccb712b,sha256:095bdbe4b4ce1d4a88f9fc3ad0d496cadd4fa07a0c14fb935c226e1087889e49,sha256:5e7c5d52bdbfeac45fbf298482a3a2ef97d329f7062a5aedcd351933a61c5704,sha256:70425c4b9a001a4c9185cae78b8693fd80743cf5a9595773c07c82eed774126e,1.0,ok
trellm-v0.3-iclr-protocol,sha256:f6353ad82b56c7bdfcb3a4470bb29b95a82bf7c3c6fe83780829fe2c08ed0e8e,glm__glm_5_2__synthetic_jump_tail_c0_v0_3__c0__e1__seed_53__sample_0,glm,glm-5.2,api-pinned-2026-07-06,synthetic_jump_tail_c0_v0_3,C0,53,0,E1,24,24,sha256:b5d2217bbf09b6f79c1a3297666c52e5a32278587ab8eef290889b377af6cc26,sha256:51fec89c9d8bd1e6368fb7fac239bb8957275cc2e327d2fc610bd65b79ccf15b,sha256:85f741db7e411f7c903d55774063a7b7c003dc4d7452ae9d1a835ffb91d71706,sha256:4778d01922fd88b0be3e0e123e49dcb50f25292203d1c4ff35fd2ac3b82bfe79,1.0,ok
trellm-v0.3-iclr-protocol,sha256:5902cd3c247e2a54e646bf6f2846aeaeca2f2c04cabf5acb7963bf93b49bd769,glm__glm_5_2__synthetic_jump_tail_c0_v0_3__c0__e1__seed_53__sample_1,glm,glm-5.2,api-pinned-2026-07-06,synthetic_jump_tail_c0_v0_3,C0,53,1,E1,24,24,sha256:92895f39704405282a175e51ab9bda4dbe2b3254545f46b7befabde85173a251,sha256:4c951677a5abc1a095077a3eb6eec7a90026defdc54e05ffcc609d4ab75e94e9,sha256:f61fb79fa9168d25d92525861e95e1fcfe6e3dea391db2360d5db6b4a5470c07,sha256:13a29dd2f3e35bc1ec79c6260fadc376fea0454728ac4a872ac21400fcc7135e,1.0,ok
trellm-v0.3-iclr-protocol,sha256:6accc953504a9333ce460a59ced260f9299f9ba4cf2014116db7ab10937d6927,glm__glm_5_2__synthetic_jump_tail_c0_v0_3__c0__e1__seed_53__sample_2,glm,glm-5.2,api-pinned-2026-07-06,synthetic_jump_tail_c0_v0_3,C0,53,2,E1,24,24,sha256:1a8c88e48277080d7efb668caaa480c95109a8d74a7c78ff3cce067a9df6a082,sha256:3e5463c117b74270533d91ec607aacbfb886d577c316426244e4868bee9a5471,sha256:85dbf291813498a61549e3f1c6c235d3b9a72b27eeee0ef0f80affb71001da85,sha256:7b3b557807fa3ceb49799b6e7bd438e5b18f08c44ce677338d0f7e22d61e0b08,1.0,ok
trellm-v0.3-iclr-protocol,sha256:9748a27ee229aacc315c2478472f1acc0e09a0716dead5023cc9b8d795d65879,glm__glm_5_2__synthetic_jump_tail_c0_v0_3__c0__e1__seed_7__sample_0,glm,glm-5.2,api-pinned-2026-07-06,synthetic_jump_tail_c0_v0_3,C0,7,0,E1,24,24,sha256:5b6b1a6e06749ef8814c13b5013a216eaaec35fc314f8477a70e6934f7dec9fe,sha256:92a5fdac97646fb0713be5ef02af5a619d8db1a8c5dd84cc72df806bba7e2dc7,sha256:310a69ea28d9540d6755ec6e9e1e75a3612a2a4d18b6ab804cc8c904b774e85b,sha256:978c66c893054e5f6b1d7a7ffaeca4e72ba22d08638441d74284a228bcdf447a,1.0,ok
trellm-v0.3-iclr-protocol,sha256:a35c7000a23110bc754ce16406929af0228496a0e415c2d090963c108b92e2e8,glm__glm_5_2__synthetic_jump_tail_c0_v0_3__c0__e1__seed_7__sample_1,glm,glm-5.2,api-pinned-2026-07-06,synthetic_jump_tail_c0_v0_3,C0,7,1,E1,24,24,sha256:ec8857022f70f9385d00ef16a878eeabb35daea0bf263279ba2f203402df2778,sha256:4a1e60374cb083d41a25cb2dd179b7207eea31ee5feb01307dd515816aeda4d0,sha256:68dc96b9403b26077df2dc0b70b17c68d4ede4272a6cd6e311f3f624ba66593a,sha256:44eaa1e80fe29b421a8f94621ea8c163058fa7e04263680988ec0bb9e453670a,1.0,ok
trellm-v0.3-iclr-protocol,sha256:fa8c9ea931600690e01016ef9117531f859fcb4482aad764d6de95658f7103cc,glm__glm_5_2__synthetic_jump_tail_c0_v0_3__c0__e1__seed_7__sample_2,glm,glm-5.2,api-pinned-2026-07-06,synthetic_jump_tail_c0_v0_3,C0,7,2,E1,24,24,sha256:3cd60e664a5aac9b9d29b0ab9dc70bc06e889b36182ac11da3102e86453b330f,sha256:a127f8d0ae3491048c3bf4918da8cea4eb8ec104af666425dd4469edc539c237,sha256:d67a58a490f42fda71ed0c207cd1709dbc4a2b401d57ed786d71404ff5f4c594,sha256:ec7eb0298c49cbd90b6f46343b751e100fca5944d119113f588f8a06b24e57de,1.0,ok
trellm-v0.3-iclr-protocol,sha256:4daaa96b0e445ffe7bceb4e7bfd9ba71342851880af18f906cdb0317402ed6b2,glm__glm_5__synthetic_calm_trend_c0_v0_3__c0__e0__seed_11__sample_0,glm,glm-5,api-pinned-2026-07-02,synthetic_calm_trend_c0_v0_3,C0,11,0,E0,24,24,sha256:43b47560a9b5dd594c77d26b38d40e0529aec744246fc32322ac128ffa564c35,sha256:9f13046673efe9040c6e63932a5dda167ccce56a28fd830d93fc1f530bc464a3,sha256:b32b08a87cfc5e6a2867522fd31ce1367acfb330f95630ce5ab7aa32a38bbbbe,sha256:307e459cc4c26063339f870a412367c8d177381a5d6b2e6aa3bc953534a573bf,1.0,ok
trellm-v0.3-iclr-protocol,sha256:d31e2e7d06f0bcbf17e4c4aab0eeeb582bbddfc128faf916741983f6af51718c,glm__glm_5__synthetic_calm_trend_c0_v0_3__c0__e0__seed_11__sample_1,glm,glm-5,api-pinned-2026-07-02,synthetic_calm_trend_c0_v0_3,C0,11,1,E0,24,24,sha256:1341c16602c390ebabf33fa2a1e65f2e903c3cb0836230ea60b7f3ca7f92627d,sha256:4aa850fb8eb66cbd110ac2318f1cf86dbf741b8e51c24d49ebc42e992e5ab384,sha256:7b637812309187babbb84cae04fd922328262e298b30f19419c8126e3f74eac0,sha256:f620534cddee5ace4c49d90b3a4a03300269affdacadd64a2f3233085666ec8c,1.0,ok
trellm-v0.3-iclr-protocol,sha256:c650e108244a2ae5a03d7383d9f5258083a8147b1e002e183ae5d777655170df,glm__glm_5__synthetic_calm_trend_c0_v0_3__c0__e0__seed_11__sample_2,glm,glm-5,api-pinned-2026-07-02,synthetic_calm_trend_c0_v0_3,C0,11,2,E0,24,24,sha256:a1e54bc3626067440a03cb6e166405382c53b26af00ce11400938e2d3fb0b4a1,sha256:a09780eb5eaba5c9d7b5ef7ca459f75290216c270218976643901fb6d3963d8e,sha256:c979fe6df746867ee0e2bac7cbec887b3b268412769c9bd6b9ff7bafadd20a75,sha256:fd4cd19b91ef4f79b77dbd610fd34110ae39725885c67acedbe4a63e2122cb74,1.0,ok
trellm-v0.3-iclr-protocol,sha256:89b25be33c77797971bad32e601c29acc1ccd11d6dfe4c9c25ad2bb2dd990904,glm__glm_5__synthetic_calm_trend_c0_v0_3__c0__e0__seed_17__sample_0,glm,glm-5,api-pinned-2026-07-02,synthetic_calm_trend_c0_v0_3,C0,17,0,E0,24,24,sha256:1a5ec96fcad00f4cff35cbf8402f8faa912fb2c04a3a8f45ee858e56953405db,sha256:4031ec1b7a93d983dd22e1c07caeaeb7409d41a605d6e3ad9398a4f747da7cee,sha256:baa0eeee8ec9cf00ebb18f7270a8f057271189af60d2464c031a65992a15a2f0,sha256:82e75eda934d5b5324d770a463ff07711f37f4f330d891282a8061f15e191bb0,1.0,ok
trellm-v0.3-iclr-protocol,sha256:7a02bd7af56788755f7d880732d8e3060b24da43d23caa6d3dea92b3000d68d5,glm__glm_5__synthetic_calm_trend_c0_v0_3__c0__e0__seed_17__sample_1,glm,glm-5,api-pinned-2026-07-02,synthetic_calm_trend_c0_v0_3,C0,17,1,E0,24,24,sha256:4636740ff279b5c7577b33f0160f811e78e397865b10e5b2efabf311572c869b,sha256:835335e07861484df0504ce9bcefef45faa612d441e2bac6121d47a6ebd21d1f,sha256:ce9fd2ff2f897e5d7bf94add103d22f2624f8acbd780e7ea19f3d3b977b73796,sha256:a67438a1cc91bfb276d385f4d0a147c62b3c48954b44d8afd0a553fcccadeb04,1.0,ok
trellm-v0.3-iclr-protocol,sha256:a5555411eb0e34db265789f8f7deb17173bb79d589235aefaf00f55aa247b95c,glm__glm_5__synthetic_calm_trend_c0_v0_3__c0__e0__seed_17__sample_2,glm,glm-5,api-pinned-2026-07-02,synthetic_calm_trend_c0_v0_3,C0,17,2,E0,24,24,sha256:c38729fce422a91946d9f8caea9e4017b5aa1ed887a57c128de20ce45890cdd0,sha256:b06ffad52f170cb4130430a8760161697bb3641aaecd2747f8de842f01cff700,sha256:b0738332a4c30879a7f9f4b94f43aa98c9adadd76590e0e87e01b3df435cd742,sha256:a5e78994c0fea012760f9099dbe9f3be9f31b7bd5d865852065328410072b972,1.0,ok
trellm-v0.3-iclr-protocol,sha256:8eaef32e17a60c3fa29c42453bc8c97197c4af92aae3cb2611cc06d0668dbdcc,glm__glm_5__synthetic_calm_trend_c0_v0_3__c0__e0__seed_23__sample_0,glm,glm-5,api-pinned-2026-07-02,synthetic_calm_trend_c0_v0_3,C0,23,0,E0,24,24,sha256:eb84d089865f8f669b370e6ee1321798a6ea573c403a035212f875bf35368bd0,sha256:537f52f4672692c06eeec3f1a088f31eeb58bd70c2bfa4ccb62035d3cfaf634c,sha256:42b9c80469a5fa280442911f4226cf5cb6e485a01fa331f451780782b80bca0c,sha256:c1871ca5faae64deb62c181e2bfd22b8d5f081bad2376e7b06716e151b58f039,1.0,ok
trellm-v0.3-iclr-protocol,sha256:37de57da313c27ddb919eb04eb5273655d62951f5009e527acb0bcd756baac61,glm__glm_5__synthetic_calm_trend_c0_v0_3__c0__e0__seed_23__sample_1,glm,glm-5,api-pinned-2026-07-02,synthetic_calm_trend_c0_v0_3,C0,23,1,E0,24,24,sha256:b1a5d9e36f83cc6f79383bf96f2cc7c2f69dff2b316e9656e8cfcba32c102be6,sha256:29751dc755a27bf75aeb090a98b53429d07315c11180883be3fbdf2787b84a21,sha256:c65c7fbaa53dc239a7d1ee5bdf944b976f581ad9fc23039983063762348ea2e1,sha256:de808f3fc1263708362aaea1c1cb29d10efcdec7272cd3259e7e7b94d399fd3e,1.0,ok
trellm-v0.3-iclr-protocol,sha256:a2d2f56ee8760f38d078ecc45feb7770b88343f75ff1b73697712f360fd93861,glm__glm_5__synthetic_calm_trend_c0_v0_3__c0__e0__seed_23__sample_2,glm,glm-5,api-pinned-2026-07-02,synthetic_calm_trend_c0_v0_3,C0,23,2,E0,24,24,sha256:6737d15dfbbc9cb2cdc8fe9d5949390f6a2564481994472374f638ea1de5da9d,sha256:c0a81dd488be387868a547b074e1651b74db79957f488c5dac5d5ba19383d823,sha256:44d3c4a546a1d7dda227e9c2d0e7c8e6f2dd3a86eeb027e00b9e1142ffc18345,sha256:63e47ae979810e41d10c84e1f433ce9d13457151783848bd0511669705c9092a,1.0,ok
trellm-v0.3-iclr-protocol,sha256:fcfa98ddc133a61059a33b4724cc68ca8513f8d8cc334f0256edc38b5d591275,glm__glm_5__synthetic_calm_trend_c0_v0_3__c0__e0__seed_31__sample_0,glm,glm-5,api-pinned-2026-07-02,synthetic_calm_trend_c0_v0_3,C0,31,0,E0,24,24,sha256:9e1d23581fe8ab9fecb39c6fae3759b313f016a059b754a40191379bbabc502c,sha256:3db9c80ed43f92e52b065fa7b899a66b5cedeb1e832bbaba6834f78360871255,sha256:ae25d4d6fb3a992c096fc607058dde125f5c60a731f330cd4026405657e6c475,sha256:0f450e423febaac0219e483dde3133d64a71426eab4af8c31b02442f5c153582,1.0,ok
trellm-v0.3-iclr-protocol,sha256:72f9a70ef526713b9bc6e89e4ae4590b0284d99ea8c6f7a8723a4dc7d9043596,glm__glm_5__synthetic_calm_trend_c0_v0_3__c0__e0__seed_31__sample_1,glm,glm-5,api-pinned-2026-07-02,synthetic_calm_trend_c0_v0_3,C0,31,1,E0,24,24,sha256:9d54130246a860bd5892c4a6421393f146b03d3fdc654f981551db31ba5a64b5,sha256:49006721fdd1e5d1ab1b34d323ea3b4e338882ff29a7a9a12557621d72b72326,sha256:7ad7c4f4f9b41dd3a9e70af50e47b7a0773fbe01fe778cedcd351aa60a7163f7,sha256:f476b05d504a0ddbd0e78f0eefc9eb04277b6732a631b7d86098ab1e224c5931,1.0,ok
trellm-v0.3-iclr-protocol,sha256:0ae7ceff44ce88b7402bf6ac5b1962dd613093752bfdf693f1ccccfc24e0fb3f,glm__glm_5__synthetic_calm_trend_c0_v0_3__c0__e0__seed_31__sample_2,glm,glm-5,api-pinned-2026-07-02,synthetic_calm_trend_c0_v0_3,C0,31,2,E0,24,24,sha256:bb9eaf08adf5bb4140a2e242f6d625f802304849d13c0832e7d7889e9a0d531a,sha256:4b591fb9aee2ba789bca7ad75d99a5c3ed239459644e20e39852fbaae2feb1e2,sha256:955de4747083bf34e4ea1525e7e6d76bfb575f0cf5b4c6747efe721d0fbdd864,sha256:25980762445ded5509aa0226490454eca07fa06af1fbce27f8b2212c49f65dcd,1.0,ok
trellm-v0.3-iclr-protocol,sha256:daa321d00b2abdfb8ca74246223f297413ddad543cf02c056064188a6ae2ff2c,glm__glm_5__synthetic_calm_trend_c0_v0_3__c0__e0__seed_37__sample_0,glm,glm-5,api-pinned-2026-07-02,synthetic_calm_trend_c0_v0_3,C0,37,0,E0,24,24,sha256:568e8c6509ad804a07f57423f54a63a5d0f86e29a9a198c7ddf4a56f317438ec,sha256:5f52ecb246105224808c987864638f4594abcd0f6236777761a385116e0d8e37,sha256:22d7c0066b6e98ed4edaa7f01c567ba46cde3641828eb025948c27fc949477fd,sha256:5b7f551afa1e0f8cf7e91a072d2b19ce9783822c9628d300cf85795d27ac7073,1.0,ok
trellm-v0.3-iclr-protocol,sha256:92af8d47cf729dbb2893ad0e1b7cb711a8cf4a1e452679d84a73a5f835ebf612,glm__glm_5__synthetic_calm_trend_c0_v0_3__c0__e0__seed_37__sample_1,glm,glm-5,api-pinned-2026-07-02,synthetic_calm_trend_c0_v0_3,C0,37,1,E0,24,24,sha256:6f2bcda1c987c678b6e6e16fe53e957948ec1bec21bbd32f7cbb078351bc7ef3,sha256:9a33303a0345b392b6d031328183dc908228bdd68b6768b3823ca61e4d3f7eaa,sha256:66db5c2670d809d6b55037660a2cfd313548e133116a27f315588b063f7754ea,sha256:a29513620cd506b6e773a46bb60da941b0d6baee8484d591fc28089a09ef06e6,1.0,ok
trellm-v0.3-iclr-protocol,sha256:fd28cbb0da98670ba9dd348b268401986bd382c11d8d97774364b505835e0984,glm__glm_5__synthetic_calm_trend_c0_v0_3__c0__e0__seed_37__sample_2,glm,glm-5,api-pinned-2026-07-02,synthetic_calm_trend_c0_v0_3,C0,37,2,E0,24,24,sha256:e8b35fa3146db8110232f07f1f549308ce3198746678d8aa832da534f374b76d,sha256:718b01f6f2c4d711c2d1524c1ad4b371e0f5c8cb6a929c05abbab6734362007e,sha256:f83414b60c7ea3789393556b00405c5e3becc56343954d912edc041e8b1162e8,sha256:91dceac3cbb18600d4412bb22c1430ccbff35dfba10971c758256fe4809d9928,1.0,ok
trellm-v0.3-iclr-protocol,sha256:eba6cd3bb81830c6138cc3db87e4a0f2c0ecafa8c79a5712dbb5082433f8a3c2,glm__glm_5__synthetic_calm_trend_c0_v0_3__c0__e0__seed_41__sample_0,glm,glm-5,api-pinned-2026-07-02,synthetic_calm_trend_c0_v0_3,C0,41,0,E0,24,24,sha256:6822d18f073bbfa7302c525e395dd88087f7c45a6d1648bfc72e410ac1d769be,sha256:46a26fd4269996b6147cbf3eff48a9e07864304427c3066ec9524ea6406b47a5,sha256:69d2953a7711889433509328481f30c410d551991acafcfc97d2975988147cbe,sha256:c8f756b67c1613ecb82c3b748e18ad0920b1adc0cd8d1eb062c7269de7e51f71,1.0,ok
trellm-v0.3-iclr-protocol,sha256:e4d1bd49b941c0ee28cf4fac78488ee45829487784d7bb7137fc266a5a30b93a,glm__glm_5__synthetic_calm_trend_c0_v0_3__c0__e0__seed_41__sample_1,glm,glm-5,api-pinned-2026-07-02,synthetic_calm_trend_c0_v0_3,C0,41,1,E0,24,24,sha256:d9d80444719f54cf29ac9e655bbd0045519e6711321e985d4d31ba77b88a7836,sha256:a00bf8fcfe7889785647f89815e52d610516e5c581ecc8bed2971b026cd1aee0,sha256:ae49a296f2cb6f4b76adf6edfbb21211d52842a4481abb412dafa007874278b6,sha256:683cb01ddfdc6144b68bd72a65bda9a2c7fc4c1703566a801edfa2675bc5ea47,1.0,ok
trellm-v0.3-iclr-protocol,sha256:5f2730f1c4b219df39865bbe7780907396829b4b26eb1a2c889cd77b0c7d7a21,glm__glm_5__synthetic_calm_trend_c0_v0_3__c0__e0__seed_41__sample_2,glm,glm-5,api-pinned-2026-07-02,synthetic_calm_trend_c0_v0_3,C0,41,2,E0,24,24,sha256:6e2fbc937632f10251b5fb405eafc0172ae6c356d6af3c06ff88a857a1b54e61,sha256:8482658cf6a78a340a0a019d9de05c8f4ffda69c679b28caa91630040389f08d,sha256:a8ab3b28efc03c3df792d81b9008567da5cd7bfd4bb9010073b61aade0472da6,sha256:f40a13e1a06bb192e8ca0b427f3996f734ccbc8d63cb21002b6cbdaf459be4ad,1.0,ok
trellm-v0.3-iclr-protocol,sha256:a18e95adfddc61b67c495a180243dff8f26454a1a5bda84017147737ff4997e6,glm__glm_5__synthetic_calm_trend_c0_v0_3__c0__e0__seed_43__sample_0,glm,glm-5,api-pinned-2026-07-02,synthetic_calm_trend_c0_v0_3,C0,43,0,E0,24,24,sha256:2f9c2c49a7da8b7f8e87dd94e4d9038355412061b2857d5c6393549b00e55cfb,sha256:981334b579099964448e65d23099df31975dfaf6f88387b0c5f6e87e8aa52a01,sha256:dcc648fd48a8457bbed93cb90d4166f4d0f0aad8deb8e0749cbc4c179fb79ca8,sha256:2048032a4886a29f790cc1658975f078385ba10266ebc5f96a88ec0916563014,1.0,ok
trellm-v0.3-iclr-protocol,sha256:13683907c5081a0663b8088334c90f588ea683993df56b562e732afc2df56900,glm__glm_5__synthetic_calm_trend_c0_v0_3__c0__e0__seed_43__sample_1,glm,glm-5,api-pinned-2026-07-02,synthetic_calm_trend_c0_v0_3,C0,43,1,E0,24,24,sha256:38906a2c018403ec48255d37c1f0b525360ec08baecd60eb6f8d44f37919dcc3,sha256:d5bc452321db4224cf7a20174c9b9c54e6c37398799eeebeebe27890b231f53d,sha256:00d5d7abf4b369e9ad25802e29e8bb122a05d508ccfeebc609903afd2c99f1b5,sha256:07a93bdc6e0be4fd6e58decf9f31af8c53475fd12553634847320e5ca343c8a3,1.0,ok
trellm-v0.3-iclr-protocol,sha256:14efe3ca78c6706c83c62e63657b1894f71ba0ed9ee7eee57a42bcb0088354ed,glm__glm_5__synthetic_calm_trend_c0_v0_3__c0__e0__seed_43__sample_2,glm,glm-5,api-pinned-2026-07-02,synthetic_calm_trend_c0_v0_3,C0,43,2,E0,24,24,sha256:896be911b0be8727986003572cc4721a44eb4aae985266e08929b66ad9963e03,sha256:7ba93c41a167e502710337414c8fcd7c6f3033a821d0eaedc177704c0ac1f30b,sha256:9e7c341af9e21fff56812014f510338b6f854bba66e4841951e5096e54406083,sha256:53c21a38e7ce18143f62f9e0e8146f277dc8a57a6c554b9614715db15f8d286d,1.0,ok
trellm-v0.3-iclr-protocol,sha256:8bb023122ef65dc4e7398b1a79560bb104078b61ab629710fd6e6d35ee31d3ee,glm__glm_5__synthetic_calm_trend_c0_v0_3__c0__e0__seed_47__sample_0,glm,glm-5,api-pinned-2026-07-02,synthetic_calm_trend_c0_v0_3,C0,47,0,E0,24,24,sha256:6c50b96cb0140908b322d76424c722c59236a0b2d8bdde488b9a726153fdf025,sha256:1fea7ecbaedd8bc1a771489543ab2e24090094795a56f3c2d80e644b1b1b4c60,sha256:0fc50e0133b05ee0c747887e0e70c6a2688a0b8c4654b3f5f55d1ec26d9967b6,sha256:cba727777a00585398a621827f5c13d2e2917c9f826e66de8c77c049ea223f5d,1.0,ok
trellm-v0.3-iclr-protocol,sha256:2f2c847fd4ef9800c472f9e31a4be27b7ff31bf71e991966f6022ac7807dc55a,glm__glm_5__synthetic_calm_trend_c0_v0_3__c0__e0__seed_47__sample_1,glm,glm-5,api-pinned-2026-07-02,synthetic_calm_trend_c0_v0_3,C0,47,1,E0,24,24,sha256:64546fa9785115c56a904123e7a768c54485ec9519271af112f958e8e89175e9,sha256:7b828d397c8f9eba8116c08988af3e94976e7520f317b123c24fae5223c65a6d,sha256:86260faf355a68f0e29fed5956ca99c318a53c456d970837f1b49fee94220e23,sha256:f7bb0c3a64cf2451020631830393839a82b6bf3275a9c361e42e23a510b283b9,1.0,ok
trellm-v0.3-iclr-protocol,sha256:3a88aed8bb00ff1b44fd6d37273162886417e4ca2a4225f87ee20633ec558d09,glm__glm_5__synthetic_calm_trend_c0_v0_3__c0__e0__seed_47__sample_2,glm,glm-5,api-pinned-2026-07-02,synthetic_calm_trend_c0_v0_3,C0,47,2,E0,24,24,sha256:30de613897214b5f7d638d328926c4aa5a51e33d55298f8bcb1113d000b1426c,sha256:db5fc11543c19546ea5264dade5fe6714a35e3e5c481a360cb33969bf41c526b,sha256:c5380e2791c9e9f4e42a7906de431d7e12203a3f6fc40c365ca688443722344b,sha256:1148b68be4ccd9f29a04c03c1b4da5185409eb16bc3232a262def550ea14f150,1.0,ok
trellm-v0.3-iclr-protocol,sha256:f00022b5ad70b7c8d065bdf33676fddaad1e8000d41fb0782544a00dabc81920,glm__glm_5__synthetic_calm_trend_c0_v0_3__c0__e0__seed_53__sample_0,glm,glm-5,api-pinned-2026-07-02,synthetic_calm_trend_c0_v0_3,C0,53,0,E0,24,24,sha256:a074a063c8eda728188ef2ce2ab2be0e80a0b30264418296d7d1ad16a18a62ad,sha256:c8bc8f89349618c0e3e9f4720aa44a3f49c969f7860c3cee645af83f510e49b3,sha256:bed4ddb2ea577cb8aed69004ddbcf422537266e64515a9e265fae214e937f2f2,sha256:7aa87c008305fb9482b8f73ff617b571ea1e77459afb34dd49387b9eb38fe367,1.0,ok
trellm-v0.3-iclr-protocol,sha256:8ee0940ff19d430b318472f141b62063f966e2365ab02f1834516561692e527f,glm__glm_5__synthetic_calm_trend_c0_v0_3__c0__e0__seed_53__sample_1,glm,glm-5,api-pinned-2026-07-02,synthetic_calm_trend_c0_v0_3,C0,53,1,E0,24,24,sha256:78754bb7c14583d50febd302a2d6cbc028c566223dc4f12f1836e27f23c30a29,sha256:0486cff19254e5b43875957aa15e837f988e320bc2c9f5d1371fdb369e4b14df,sha256:14e8643b9db0b10a5adc914c2b8154db56ed87a44580f472181d057cd6f4307d,sha256:fdb702a5f8026d219a90c92b97453024d41efa5d67bbc6fe8af1a1b09fef7926,1.0,ok
trellm-v0.3-iclr-protocol,sha256:e4bafc032d60b6fa8c7741a2268c13ca902dcfee980cad31a80c0a8d420560a6,glm__glm_5__synthetic_calm_trend_c0_v0_3__c0__e0__seed_53__sample_2,glm,glm-5,api-pinned-2026-07-02,synthetic_calm_trend_c0_v0_3,C0,53,2,E0,24,24,sha256:1f79d30113190b600ea48f2480412d7aa7e8d00c44d60fc818e89cd30a66a60e,sha256:9b202f5a3984f9a9e2a673b419321d21ce4742fa4692605c3107228fdf95474e,sha256:6cfc25d5f3d58e289fc6444f99bc6a19577e2cdd439dfd78e4b2bb0e8f7d3d98,sha256:ff172cca10e295a3b3e3a936017682962d319a2622f0093323c3a189a4ebb02a,1.0,ok
trellm-v0.3-iclr-protocol,sha256:50966e95c44ee190a4fd4889f58da88329985b81d174b1aca126ab5eefb0060b,glm__glm_5__synthetic_calm_trend_c0_v0_3__c0__e0__seed_7__sample_0,glm,glm-5,api-pinned-2026-07-02,synthetic_calm_trend_c0_v0_3,C0,7,0,E0,24,24,sha256:7432bd8da43433b190acded014efd6019b7386e57e489ad50ba73777fcbe8b35,sha256:f37bb4c054772563a7f4ac6a43801f2c56a932c3fc5f57cc437d609c6154bbe3,sha256:441b4e6c09c45b9df61a367c8b0abca3f1a9783302c73827cc789bcdf0053967,sha256:a71051781377e23e2847e93013d79d2b56be0ab0fe94f500f9136c19cfa1c5fc,1.0,ok
trellm-v0.3-iclr-protocol,sha256:6f138470ea53430e48a588844a3c3595132b9f83840728504c194e4d7e9dfd10,glm__glm_5__synthetic_calm_trend_c0_v0_3__c0__e0__seed_7__sample_1,glm,glm-5,api-pinned-2026-07-02,synthetic_calm_trend_c0_v0_3,C0,7,1,E0,24,24,sha256:4b22855fd81093d19a1297cd1e0ba0367665b85bedcbee310d185562916d28a4,sha256:a931d609d97e572f16cd483efecd177e3d7143bd9927e3222b6e90d36618208c,sha256:4f2986bba2422f6fca847e8a58cfcd39b7955bd6bac16bb119acd91b7d68c3bf,sha256:02fe6056236c0fe4e18bc9030e5ceb67390cea2d5a68190992787fc1270f570f,1.0,ok
trellm-v0.3-iclr-protocol,sha256:d7670924a12f5b917976f435f2fe91e0307266caffcf0677ecb8ff4746cd5258,glm__glm_5__synthetic_calm_trend_c0_v0_3__c0__e0__seed_7__sample_2,glm,glm-5,api-pinned-2026-07-02,synthetic_calm_trend_c0_v0_3,C0,7,2,E0,24,24,sha256:5347805a7f250214b6b6e6a78302af5b6736245ee685d7c1650f5e8c9e5ebd94,sha256:ecea528efed9b5814b78521e2c09d279021978b445ac8bc99ef0417cf721b7ee,sha256:81d2db5043239b67dc94519c5862a0abf10304137b1dd155cd9070e46b6f493b,sha256:9ee2498a01cb41888063ce124a6c433d1eaf0f603212d467454ee48a8637f7c7,1.0,ok
trellm-v0.3-iclr-protocol,sha256:4daaa96b0e445ffe7bceb4e7bfd9ba71342851880af18f906cdb0317402ed6b2,glm__glm_5__synthetic_calm_trend_c0_v0_3__c0__e1__seed_11__sample_0,glm,glm-5,api-pinned-2026-07-02,synthetic_calm_trend_c0_v0_3,C0,11,0,E1,24,24,sha256:c2e7c4cf8c1cf75091bf79ed9b16629e0e8955b6b22f234ea25117c4bc4ebc33,sha256:59d0871491ed7c650d09f031e026ad24413c3ff18b3069b8099929ef5b905fb8,sha256:e972f1cc26aeb96dfb4637bba142431cb42359d44724c762c58f92bf76a23915,sha256:5ef2e172fd55be011936e5bab0ca3fd6f9cf8cdac0cdff8551bfef65724edd0e,1.0,ok
trellm-v0.3-iclr-protocol,sha256:d31e2e7d06f0bcbf17e4c4aab0eeeb582bbddfc128faf916741983f6af51718c,glm__glm_5__synthetic_calm_trend_c0_v0_3__c0__e1__seed_11__sample_1,glm,glm-5,api-pinned-2026-07-02,synthetic_calm_trend_c0_v0_3,C0,11,1,E1,24,24,sha256:e6f60a2d00b624ae0bdd0533dcb8b67bb4375eb301bb64bf2eec5a5ec263f107,sha256:ad79e69be22b47d2139c2ba02a4f278e62dad8c91b8645d634d82d2c2dc452be,sha256:58f11bbbe93c35c73968cefae30f1a7967d51f2bae013e818d1746ad0ae401f7,sha256:9e2a05ee2a4f9d1c11bbb8773b7c4f7e0d4b02981edca723665e6f0441813574,1.0,ok
trellm-v0.3-iclr-protocol,sha256:c650e108244a2ae5a03d7383d9f5258083a8147b1e002e183ae5d777655170df,glm__glm_5__synthetic_calm_trend_c0_v0_3__c0__e1__seed_11__sample_2,glm,glm-5,api-pinned-2026-07-02,synthetic_calm_trend_c0_v0_3,C0,11,2,E1,24,24,sha256:1d4b62342876614e28d96ac4f84bbcf808d67add454ffd581e864f7ef05e75a3,sha256:ef6c510ba97a61992fd9c0110523b0cbd73fb72747cec8e7391c546a185859f7,sha256:23ae1bc7c7c4e31fce9f93b370ab33b99916655de3f452fbc1efa56f4f0fa185,sha256:85bb4980061113a949be82f7e06e066055c8572d7b6a35b1c131b7f644644fb4,1.0,ok
trellm-v0.3-iclr-protocol,sha256:89b25be33c77797971bad32e601c29acc1ccd11d6dfe4c9c25ad2bb2dd990904,glm__glm_5__synthetic_calm_trend_c0_v0_3__c0__e1__seed_17__sample_0,glm,glm-5,api-pinned-2026-07-02,synthetic_calm_trend_c0_v0_3,C0,17,0,E1,24,24,sha256:0a75628aa0a5a220102eeb2533953a8e41a6ef8fef3297b05b1bc5971b45907a,sha256:f66ac65d0e4e56ba0ca102a49e67b63836279eaf70c35dd93ce8cb1f7f8830ea,sha256:3d46ef8efdc8647223781bdfca3b594d581a5c6e9675c483640643ecafaab8f0,sha256:8c52c8746a65cef912667954b28206097ef4a8ff026adf30abf9805ea9201671,1.0,ok
trellm-v0.3-iclr-protocol,sha256:7a02bd7af56788755f7d880732d8e3060b24da43d23caa6d3dea92b3000d68d5,glm__glm_5__synthetic_calm_trend_c0_v0_3__c0__e1__seed_17__sample_1,glm,glm-5,api-pinned-2026-07-02,synthetic_calm_trend_c0_v0_3,C0,17,1,E1,24,24,sha256:8276b27b9fbf78550563d9897e9745f8b3c114ea49a884fd355212f478f5646b,sha256:9558adc4c9b3cabf851a94319f9d53c6e068e81afb7a4833abab1b10e3065e18,sha256:57f293dec8702530d04f3704286e61fca8c3745eab10baf94bcfde31c81c19c2,sha256:cad3ed2737354c202dc713ff4d91bea8a30b759a3870bc98f502327974867f9f,1.0,ok
trellm-v0.3-iclr-protocol,sha256:a5555411eb0e34db265789f8f7deb17173bb79d589235aefaf00f55aa247b95c,glm__glm_5__synthetic_calm_trend_c0_v0_3__c0__e1__seed_17__sample_2,glm,glm-5,api-pinned-2026-07-02,synthetic_calm_trend_c0_v0_3,C0,17,2,E1,24,24,sha256:a55923758e03ff9890b48bb75434dc0de9e09238cefbb8af4b193767cfa13b4b,sha256:6b6f34534699c8c31f29f6d6556e21ebf275d70d2dc82ca619847e18d36a0fb1,sha256:f037cc82bf9dcf2c81aba94203c9699c107b9122d36db6def8b9c1cf9b5fa7fe,sha256:bc0ce258f16662ef1fb7a22daaefcee536ba957d54ae7fb922f44112d65fdfa1,1.0,ok
trellm-v0.3-iclr-protocol,sha256:8eaef32e17a60c3fa29c42453bc8c97197c4af92aae3cb2611cc06d0668dbdcc,glm__glm_5__synthetic_calm_trend_c0_v0_3__c0__e1__seed_23__sample_0,glm,glm-5,api-pinned-2026-07-02,synthetic_calm_trend_c0_v0_3,C0,23,0,E1,24,24,sha256:d410666f93e432b81d7494d7ee82bcc2c4c307e4e8344d84038d718aa25f66a5,sha256:16aef430ff67ba7635b948ef72d2234fc439f97f68ec0825a55df7478c21c54a,sha256:9fb3156eaa14eff810142b9c5ba74fb4e6740d787c642ae284c3a39dbb59c59c,sha256:bad37445e1b6391cb3efdf58707344a38d8c927b166447fbdffe1b2487bb8c0e,1.0,ok
trellm-v0.3-iclr-protocol,sha256:37de57da313c27ddb919eb04eb5273655d62951f5009e527acb0bcd756baac61,glm__glm_5__synthetic_calm_trend_c0_v0_3__c0__e1__seed_23__sample_1,glm,glm-5,api-pinned-2026-07-02,synthetic_calm_trend_c0_v0_3,C0,23,1,E1,24,24,sha256:ee48ef3121110a6ad6a1f21873e096b6bbb83ff8315eaddf321a7dcaaf4c4470,sha256:1bcccae5613f20355aee4d7150eaeea310561c74766fcfdd43be6e0821dca9b5,sha256:db807e9969a874eac97b981f40dd9a845450c673a75a01b674db1c75eb20c388,sha256:2b87ca97db4206eb0b85167d8ae5aba18e76eb23e214752e50f8473bea751733,1.0,ok
trellm-v0.3-iclr-protocol,sha256:a2d2f56ee8760f38d078ecc45feb7770b88343f75ff1b73697712f360fd93861,glm__glm_5__synthetic_calm_trend_c0_v0_3__c0__e1__seed_23__sample_2,glm,glm-5,api-pinned-2026-07-02,synthetic_calm_trend_c0_v0_3,C0,23,2,E1,24,24,sha256:a41f67e33c401561e81865995629658b29c28df553f6ee9c0a497b668e5a562d,sha256:6220a8220dbcac2bca0a5b7f271791a387c8ee769ca08732c5f4aeadb6d7574f,sha256:08c246412b2bf9f9c108a159234193f336a1ff129e61144eeef84354b923d54d,sha256:b7701c3bf4613418faefa713d573bd4cc4eac087153d0774535897adb4a0f571,1.0,ok
trellm-v0.3-iclr-protocol,sha256:fcfa98ddc133a61059a33b4724cc68ca8513f8d8cc334f0256edc38b5d591275,glm__glm_5__synthetic_calm_trend_c0_v0_3__c0__e1__seed_31__sample_0,glm,glm-5,api-pinned-2026-07-02,synthetic_calm_trend_c0_v0_3,C0,31,0,E1,24,24,sha256:c153d1c94e33599342ca053a19bf3f1cbb2cccd0dbe24bb5876f1e69d7ea2a42,sha256:0101263113f203665cfba9b39e36cb0afa50dc59252a73b1892691110c0692a0,sha256:f0749c373e48da62f631d1865a20a920d2802b1055b0ceb2e2da5dad326d3810,sha256:b796f126d2d7a54e2c1fe64d675d7b266f546c8a9110ade68d9bdc6966fdad95,1.0,ok
trellm-v0.3-iclr-protocol,sha256:72f9a70ef526713b9bc6e89e4ae4590b0284d99ea8c6f7a8723a4dc7d9043596,glm__glm_5__synthetic_calm_trend_c0_v0_3__c0__e1__seed_31__sample_1,glm,glm-5,api-pinned-2026-07-02,synthetic_calm_trend_c0_v0_3,C0,31,1,E1,24,24,sha256:47b1ad5837cb5c46f927cd6b3eaee36f09a621385cfbbbab9f6b6d87323bb50c,sha256:d4e68a9b2eaf67497b5127776164e9d807a01318c3098ba0bd1dc205d0a49f2e,sha256:3d8bbd5ff168cf3014f76d7bbbde15dc3af39755bfca85fca0eac6483d37fbbd,sha256:b34532d551eb3127e475a9d16b0d35a6184637db4e6ce9649bc14211414f98e2,1.0,ok
trellm-v0.3-iclr-protocol,sha256:0ae7ceff44ce88b7402bf6ac5b1962dd613093752bfdf693f1ccccfc24e0fb3f,glm__glm_5__synthetic_calm_trend_c0_v0_3__c0__e1__seed_31__sample_2,glm,glm-5,api-pinned-2026-07-02,synthetic_calm_trend_c0_v0_3,C0,31,2,E1,24,24,sha256:f23433050e4c2a67c22282de83810274fc56bc7508c33e73c9dd5740c80b79d8,sha256:470f0bd575ffb96371bd4117137263b84dcd03099694a23c2640ab7a5eeeb308,sha256:f9b0e481d2a45ae3f401a8cd14d0e709782238fefdbcb923a4303d87f94b026c,sha256:3e9d318fe82878116947de540ed0b1709fb0a0b560f11edd12cefd12e73c917f,1.0,ok
trellm-v0.3-iclr-protocol,sha256:daa321d00b2abdfb8ca74246223f297413ddad543cf02c056064188a6ae2ff2c,glm__glm_5__synthetic_calm_trend_c0_v0_3__c0__e1__seed_37__sample_0,glm,glm-5,api-pinned-2026-07-02,synthetic_calm_trend_c0_v0_3,C0,37,0,E1,24,24,sha256:2de620a31d7667391f46c43082f1f47c7534979181527c1997c2432fa3d0849c,sha256:f3e4f237d4e5327c2276c1255fc3a05fcaabbf044c97e6b2f3d3829a5ad3479a,sha256:f6e5cdaa48624940d5d152da805be99ef0378e7ddbf1ed72c28fc59d7e66d23f,sha256:0c2bca563050f38b0da630876d7fa505590ca4556b299dcaae6c3b144830d28d,1.0,ok
trellm-v0.3-iclr-protocol,sha256:92af8d47cf729dbb2893ad0e1b7cb711a8cf4a1e452679d84a73a5f835ebf612,glm__glm_5__synthetic_calm_trend_c0_v0_3__c0__e1__seed_37__sample_1,glm,glm-5,api-pinned-2026-07-02,synthetic_calm_trend_c0_v0_3,C0,37,1,E1,24,24,sha256:aa807858d365914013a2189fd6cd34e581e2a90b695c2dfbc651680bb21cc43c,sha256:65c949f57d4963bc5f99c19bf6e9ac9006d6410e0a1729b14523d003c310b159,sha256:bdf188b84a68a2457a3f0234a7fc944d9f5a22d3747e93d24110550e7b410bc3,sha256:5f3c147f64e2255fc8dffe06a560ea8526b219f332fa6deb382936443a4bfd25,1.0,ok
trellm-v0.3-iclr-protocol,sha256:fd28cbb0da98670ba9dd348b268401986bd382c11d8d97774364b505835e0984,glm__glm_5__synthetic_calm_trend_c0_v0_3__c0__e1__seed_37__sample_2,glm,glm-5,api-pinned-2026-07-02,synthetic_calm_trend_c0_v0_3,C0,37,2,E1,24,24,sha256:fc2a218a7935dbbf470e08ccdcb9c2b328559c47d43b3aefd4ec63701d4640c3,sha256:80f58ae5b2eebf66755a398d58eb4220b2db1631e9578613715136dca7fc7053,sha256:a63ea6ae920418c419152dda313a46cee8f78dc0eb56dbb2944a39173c662f69,sha256:75d59b7b87c00e96a4e6c436077eb60cb35a4b8e2834958775a3f81d28435dbc,1.0,ok
trellm-v0.3-iclr-protocol,sha256:eba6cd3bb81830c6138cc3db87e4a0f2c0ecafa8c79a5712dbb5082433f8a3c2,glm__glm_5__synthetic_calm_trend_c0_v0_3__c0__e1__seed_41__sample_0,glm,glm-5,api-pinned-2026-07-02,synthetic_calm_trend_c0_v0_3,C0,41,0,E1,24,24,sha256:e00aad4775b053e884af2756841292332e8ed4483e83b678c0a9c06d5e4eeddc,sha256:25e5f5705029add12dcf7f94f3b14d8f563d04210b3fa03e8430ffafed67e973,sha256:3f473cc5b93214a0e6e82fb8ef57f772c0ed30ebbe885f053a43ffaeaf65a061,sha256:ff287315e4c1f78e2c06f32bdadf74a5840886058c263f44530169a57ba4e6c0,1.0,ok
trellm-v0.3-iclr-protocol,sha256:e4d1bd49b941c0ee28cf4fac78488ee45829487784d7bb7137fc266a5a30b93a,glm__glm_5__synthetic_calm_trend_c0_v0_3__c0__e1__seed_41__sample_1,glm,glm-5,api-pinned-2026-07-02,synthetic_calm_trend_c0_v0_3,C0,41,1,E1,24,24,sha256:cc3eb03be6108e5c7c726bfc756ff045639c4a2565da9e2f7776686a96c93fe9,sha256:ff7219b35da4535722cc4789ea43a0501ad84f3046f8126ecd244e8144666256,sha256:e80f4b46c307dc3a833738b941694b560803733c42dbbe813e03e24324f41eae,sha256:7b3dcfe1f6d73b9ca051138be4bb901b685c75b5c936ae8463462126bbce5286,1.0,ok
trellm-v0.3-iclr-protocol,sha256:5f2730f1c4b219df39865bbe7780907396829b4b26eb1a2c889cd77b0c7d7a21,glm__glm_5__synthetic_calm_trend_c0_v0_3__c0__e1__seed_41__sample_2,glm,glm-5,api-pinned-2026-07-02,synthetic_calm_trend_c0_v0_3,C0,41,2,E1,24,24,sha256:87bbf8cbfb163da09cf29c141b6af386a1f6fbf263ba7285464587b5450d0620,sha256:fc63f5098d1c1b9448a0de694e4ec8a3f15d97856dc90074681953f20289eeca,sha256:b12affb7d7d95af1249235f67650aa6dc28c21c8386a8c843bd49eccfdd93c37,sha256:58c41d080a1c6ba57594d022d2f032b6241369ad44df968765550946052ac0f4,1.0,ok
trellm-v0.3-iclr-protocol,sha256:a18e95adfddc61b67c495a180243dff8f26454a1a5bda84017147737ff4997e6,glm__glm_5__synthetic_calm_trend_c0_v0_3__c0__e1__seed_43__sample_0,glm,glm-5,api-pinned-2026-07-02,synthetic_calm_trend_c0_v0_3,C0,43,0,E1,24,24,sha256:afc40e97990ea6af66b7e9f6f843208c3031753a27adf45bd7dea096df306827,sha256:d25779b4a61aacb6a25ddebb006f501417d4d9fe1b255e73709e4a762e2086c1,sha256:365e7a5a5f910741959b49f9ccf9acb9c7eabfb723e80a8f5fda356ab0584330,sha256:2bfd45d7c0663286435341c93ed09eeeb3ca3ef546798afc8c0bbbf389fb4f04,1.0,ok
trellm-v0.3-iclr-protocol,sha256:13683907c5081a0663b8088334c90f588ea683993df56b562e732afc2df56900,glm__glm_5__synthetic_calm_trend_c0_v0_3__c0__e1__seed_43__sample_1,glm,glm-5,api-pinned-2026-07-02,synthetic_calm_trend_c0_v0_3,C0,43,1,E1,24,24,sha256:98c60030c96d0a9f1932b633111f3d55041fff4416b49f903d44467a889e503b,sha256:e303825d344d52a9b0ee6a1458c4cad88b1b1772dc73e3b9d82a79d7cc358b85,sha256:12fe00ff145807574178da7610fee50e1787b340b39ab6fdae0d897f8d396c45,sha256:18964e4e89c8926ded9f547efc973faba17bc2a0caf9d9849f8432a419a4217f,1.0,ok
trellm-v0.3-iclr-protocol,sha256:14efe3ca78c6706c83c62e63657b1894f71ba0ed9ee7eee57a42bcb0088354ed,glm__glm_5__synthetic_calm_trend_c0_v0_3__c0__e1__seed_43__sample_2,glm,glm-5,api-pinned-2026-07-02,synthetic_calm_trend_c0_v0_3,C0,43,2,E1,24,24,sha256:07c8a189a4173de5c5f6543e7a8685969b981087573960825d91c8bb106860a0,sha256:4c83a44feef02c57f9bab783865edf12d89c9170d5446652b321dc59d01e9022,sha256:75e6d00b5cf115db755e495341854982a83667c6383d3d2e794883f7d3422c40,sha256:3296a1b1a278e6667e41fef263e0fa638c3861b9fef65f45ae843aa5883e1ad6,1.0,ok
trellm-v0.3-iclr-protocol,sha256:8bb023122ef65dc4e7398b1a79560bb104078b61ab629710fd6e6d35ee31d3ee,glm__glm_5__synthetic_calm_trend_c0_v0_3__c0__e1__seed_47__sample_0,glm,glm-5,api-pinned-2026-07-02,synthetic_calm_trend_c0_v0_3,C0,47,0,E1,24,24,sha256:d3c20c2e45c787a4a6e2a5a7178e446d1dde16bc8b3d581e57bd98fc89143ffd,sha256:d62ff05b601f6af9f847e49c01d170988ab6e6f19094d40c0539043f7f143842,sha256:9012e305c2e0df48551607c842f6a4be2525587d934a473cf8b76c777b1590d8,sha256:6742462f564c366277c0402748d76d7c2853d4c093089095156611ef7239835a,1.0,ok
trellm-v0.3-iclr-protocol,sha256:2f2c847fd4ef9800c472f9e31a4be27b7ff31bf71e991966f6022ac7807dc55a,glm__glm_5__synthetic_calm_trend_c0_v0_3__c0__e1__seed_47__sample_1,glm,glm-5,api-pinned-2026-07-02,synthetic_calm_trend_c0_v0_3,C0,47,1,E1,24,24,sha256:5b6204f577d088c902b96b26e0b83cbebe5ac77acd7abd3d1885bb0dc63ac959,sha256:f31db3501b1e3577ae27d9835abf4a8d464d6a1fd7c6f5d110ac6402def3798e,sha256:51b0954d3bfc35b238b617e36a03b25debc6970afdaaa3e6a3e662cdd530ec57,sha256:9793a365274363729801c1ed66adf77f9336cb8a11b4fae088361f3773ca06bb,1.0,ok
trellm-v0.3-iclr-protocol,sha256:3a88aed8bb00ff1b44fd6d37273162886417e4ca2a4225f87ee20633ec558d09,glm__glm_5__synthetic_calm_trend_c0_v0_3__c0__e1__seed_47__sample_2,glm,glm-5,api-pinned-2026-07-02,synthetic_calm_trend_c0_v0_3,C0,47,2,E1,24,24,sha256:12e819735d6a7f228b7990db9e5f84b2fc8a418c01838635fc3c9d7de6a9dc46,sha256:5861e228c269bb6613282adf609550ee61699b8312fb3e209add2ff0eb847dcc,sha256:c56e673910b145655b20f91013eb174be819e3120aad68d80025f969d9ff8720,sha256:ff767e7f04602565d96de0c014848961a1fdef687ff58185ba5de54bda6d3be7,1.0,ok
trellm-v0.3-iclr-protocol,sha256:f00022b5ad70b7c8d065bdf33676fddaad1e8000d41fb0782544a00dabc81920,glm__glm_5__synthetic_calm_trend_c0_v0_3__c0__e1__seed_53__sample_0,glm,glm-5,api-pinned-2026-07-02,synthetic_calm_trend_c0_v0_3,C0,53,0,E1,24,24,sha256:5fbe95ff94240d0de20278ed0b4ee0a90263c727b05dd70571e4d039817a056f,sha256:0e40ffded03a9d5c752dab69f8c8d2f4e14632a01fcccbdfdfd0dfbbc398208a,sha256:123a2f66139ea512a1ef9bf3866ac98942119a1b4c8e6b6a91d63f1f40c4e10f,sha256:c9f9048805a5f73ee6b449bc1a8610d45c608f72cd205930142485c2158a3934,1.0,ok
trellm-v0.3-iclr-protocol,sha256:8ee0940ff19d430b318472f141b62063f966e2365ab02f1834516561692e527f,glm__glm_5__synthetic_calm_trend_c0_v0_3__c0__e1__seed_53__sample_1,glm,glm-5,api-pinned-2026-07-02,synthetic_calm_trend_c0_v0_3,C0,53,1,E1,24,24,sha256:a5f666331d6ea6d03735a337eea2b93116f8f83ef0f80bf375476549d357274c,sha256:dbd1d085f349a266516071c64ae0f3240d9dceff6bbf62a109d60341b86d1c35,sha256:bc74e363dd100651a50185f6798102b401b3b50a1e0b4e5c727c9cfdd46a6a63,sha256:2a934098908537d05da453d01bce22f13a80996d73704b5472b146f25c6d0f37,1.0,ok
trellm-v0.3-iclr-protocol,sha256:e4bafc032d60b6fa8c7741a2268c13ca902dcfee980cad31a80c0a8d420560a6,glm__glm_5__synthetic_calm_trend_c0_v0_3__c0__e1__seed_53__sample_2,glm,glm-5,api-pinned-2026-07-02,synthetic_calm_trend_c0_v0_3,C0,53,2,E1,24,24,sha256:4c330355479f89c6bfa790d11640b427dfb612aeb4a038b4c742d4c80f02570f,sha256:1efb0fad0961a8cb389ad9f732b63295fd09e9f1fc0d39efc510440d1ea54595,sha256:a7138b33b5db09a7005729a2aa2e4a5034f633805fba1ff2b82d98a0dbea47d4,sha256:65a846c6b15810a8285e6ac0e75f33f6733d1c7571199d886361f86a19bfaa87,1.0,ok
trellm-v0.3-iclr-protocol,sha256:50966e95c44ee190a4fd4889f58da88329985b81d174b1aca126ab5eefb0060b,glm__glm_5__synthetic_calm_trend_c0_v0_3__c0__e1__seed_7__sample_0,glm,glm-5,api-pinned-2026-07-02,synthetic_calm_trend_c0_v0_3,C0,7,0,E1,24,24,sha256:8d454899c844edb7c56cfbdf59587d80be630205daeec149ab3169df95076666,sha256:3d4345a2afe8552c522fe9c18f9adf9feb2307ba8f1430dc640b8e201c285c76,sha256:a61e1fc50b5301e49589b284da9a1f684399a920e8694f14b8bac9b83b02813e,sha256:578d621776509752e87d2d19350af63217bfa013b4dd4156b7a6af11b198c9ea,1.0,ok
trellm-v0.3-iclr-protocol,sha256:6f138470ea53430e48a588844a3c3595132b9f83840728504c194e4d7e9dfd10,glm__glm_5__synthetic_calm_trend_c0_v0_3__c0__e1__seed_7__sample_1,glm,glm-5,api-pinned-2026-07-02,synthetic_calm_trend_c0_v0_3,C0,7,1,E1,24,24,sha256:3ccfe6f7554e5d2cecc244497bbed72351d72b872d1d4c32e8037da1213b5e88,sha256:43a38df0ac7881a5451c768c4a0a9c2ba7964ce3327ab841ab815fcbfc8e2e8c,sha256:e1e40ceaf5f078f137b2b862d247800ebb925472496e995158740a037de36ca8,sha256:5a3fbd537a7386cb991fb59634c8083dce46e5bd4d67935d371d6e9efd2edc28,1.0,ok
trellm-v0.3-iclr-protocol,sha256:d7670924a12f5b917976f435f2fe91e0307266caffcf0677ecb8ff4746cd5258,glm__glm_5__synthetic_calm_trend_c0_v0_3__c0__e1__seed_7__sample_2,glm,glm-5,api-pinned-2026-07-02,synthetic_calm_trend_c0_v0_3,C0,7,2,E1,24,24,sha256:1dc1013aefb85a663c451c4fa72cc08f546c185f6983d13679e769b65ca9aa04,sha256:904d872757072f0942e833513d8d68d00e50c71f5f64442f1111a3b6e0b285b3,sha256:87050d51aed5d597f5bf37667a51e1fa64015b28b3500e57e9bba0a3d031c7a0,sha256:dbddd8c8ff51714e3334470d1bebfdfd69335607bf105637085acde5f3f02aa8,1.0,ok
trellm-v0.3-iclr-protocol,sha256:1e4b780e1be0b1ff2590e79945b4db2336c9b469c08a1c74c208f1bdf642baf3,glm__glm_5__synthetic_high_volatility_c0_v0_3__c0__e0__seed_11__sample_0,glm,glm-5,api-pinned-2026-07-02,synthetic_high_volatility_c0_v0_3,C0,11,0,E0,24,24,sha256:1803847dcf59656e9f85af79b54da344a6d5ac89d089fbf7811a2ff58a100d66,sha256:5899dfc1aedbe0bae779188588cb78488b75287d6e8f00dca4fb32f641b322cb,sha256:a3500dd0a30c1c133036482aabf502ef6062957d0130cc25104456eb823967da,sha256:6b655664007de15952c41b68c482dc0da63e6f8f61863500c01fbaf828476dcb,1.0,ok
trellm-v0.3-iclr-protocol,sha256:dbc38816cb32134e1f0e754d5b1537ad258eac2ebb6d14f3dc2f25d91c1ea6c7,glm__glm_5__synthetic_high_volatility_c0_v0_3__c0__e0__seed_11__sample_1,glm,glm-5,api-pinned-2026-07-02,synthetic_high_volatility_c0_v0_3,C0,11,1,E0,24,24,sha256:885d905079838847e5b28583d1d2b021adbc343803b82793f2e0ae4562ce9f2b,sha256:b248eb91e018e61b3982f7e85c8297c19e198945af0b9303341a00210e8a01b4,sha256:6f7b02724b430b905d1e821dfcc750f3fa9728ba9a1a848c3ad924c70562265d,sha256:35ac64147eb7262c869a2705534ffd2122e216b8bf46b8fa9f28b5b6a0c6b1f8,1.0,ok
trellm-v0.3-iclr-protocol,sha256:671063337e5504254a3b40ee72750a7dd14f09cb27973ad445fa5b9d36f88af1,glm__glm_5__synthetic_high_volatility_c0_v0_3__c0__e0__seed_11__sample_2,glm,glm-5,api-pinned-2026-07-02,synthetic_high_volatility_c0_v0_3,C0,11,2,E0,24,24,sha256:effd553571645953a02fe24deaba14d2eb6bfd0f7b96d6fe8df5a5f7227c2731,sha256:2264158b2663b116e17dcbd79bc9750435dfa189cf12976f1923cbe976ce65b9,sha256:941002c68876b67a8f7b84fb8484fa2e01678dec4cb3708bee8589fb73e6a3b2,sha256:452968a2aae3fe4ab2567368228d3fb2504f2ba7b4cb4cb1f5a3574faaaa81fc,1.0,ok
trellm-v0.3-iclr-protocol,sha256:02d79268acbc00d8a562c0f192e299a0e7b49656aaf66f2f80223f7aad90f531,glm__glm_5__synthetic_high_volatility_c0_v0_3__c0__e0__seed_17__sample_0,glm,glm-5,api-pinned-2026-07-02,synthetic_high_volatility_c0_v0_3,C0,17,0,E0,24,24,sha256:3b6766ade62384a8aa4809b9bb47eff12d30655fd279b6a61bdb2da7717d2217,sha256:bcc8d80e89c8118d6a06736e236fe88f4e9484fcac59bab635ebe509a69153f0,sha256:d193913c18f649023857aa3bdf030b08cd5188a16d24c169f5dcefc08bbead59,sha256:55e47be198fb1c362da40487792025225501eec45d3855452cce3ef5b9b4c417,1.0,ok
trellm-v0.3-iclr-protocol,sha256:5d37ede6800e7f1c3ad559030dfdb34fbb18d2185b3f063f7ca2ed129987ad5b,glm__glm_5__synthetic_high_volatility_c0_v0_3__c0__e0__seed_17__sample_1,glm,glm-5,api-pinned-2026-07-02,synthetic_high_volatility_c0_v0_3,C0,17,1,E0,24,24,sha256:00aae048bb1b843ea33253fa0c471bd602009840cff53e9c7e79c7a4b0d5228d,sha256:f54f9f0098489f95704b27e594f84524344f8a0215cffde8272f9b182e6207e5,sha256:43c4bbcd068cd960243872be7b3187e853ae4ca0960e431ad4469876ef83cb9b,sha256:d2a134f9c502ef4d6c3ff0daec9fd81715d815b9c9781c06f6da8d95704f3ccd,1.0,ok
trellm-v0.3-iclr-protocol,sha256:e0051738480cfdfe0ad8ed586d7a988a3b1f4b9121e77e1f8543c6523555bc2d,glm__glm_5__synthetic_high_volatility_c0_v0_3__c0__e0__seed_17__sample_2,glm,glm-5,api-pinned-2026-07-02,synthetic_high_volatility_c0_v0_3,C0,17,2,E0,24,24,sha256:da94a7c71fa901adbe8015b9d4be937b70c2a16ff1b930f8d98ee037538d03e7,sha256:83711583cae32dc227dfd82087ed9287249434a5d167e74e8b98beef3e686eb9,sha256:4d61430b004fe9df3df2fa2f960431267e11430816d3738b61338ddce22218c8,sha256:4093ea3faa2ba5413dd1be9c26f85fc215843d1f134676dcce3c2a065f932770,1.0,ok
trellm-v0.3-iclr-protocol,sha256:bdb6813c4c257ba6ece6a92ef0e288ee15e3d8bc37ea986a7929b7a24baab698,glm__glm_5__synthetic_high_volatility_c0_v0_3__c0__e0__seed_23__sample_0,glm,glm-5,api-pinned-2026-07-02,synthetic_high_volatility_c0_v0_3,C0,23,0,E0,24,24,sha256:66dae7840279263d479cd071d36282158b6d09ae4e0f3ad4ea4ab8eb37376ad0,sha256:5525fdace10e6824d7bb359471c8d04dc9b209ec9315f90f0ea152c70631b7c6,sha256:585a65cbb3c63cd2b4e24c658798d1a29a5c32e6389a62e3770c241fded94311,sha256:56f366561cae94a3b44a8a751910df6a88f9b79deae86b662481c139cb8f3001,1.0,ok
trellm-v0.3-iclr-protocol,sha256:0687ae944c7963af06b46ba3a8ee02fe5f8df97d3cfa56f6107f3ec90a79c4ec,glm__glm_5__synthetic_high_volatility_c0_v0_3__c0__e0__seed_23__sample_1,glm,glm-5,api-pinned-2026-07-02,synthetic_high_volatility_c0_v0_3,C0,23,1,E0,24,24,sha256:1a248afb4a7eab19f6795e7ea2407e203f52610d758f7d3cdbb018e30152cf86,sha256:51583b78abed84d7431718c8a07650aa204a2402bbefa360467b55f52ce5baab,sha256:04f994ddc54a81634f620795d7eb8ed56fa4c9ec892d95e200c8284861fa17e1,sha256:6b6196cdc1781cbbc6603c0957a52c4bfaab843e6c1f46a60e22719132bd0f48,1.0,ok
trellm-v0.3-iclr-protocol,sha256:3506057b576c1422cb712be798dfcb1cd58c09b79e7489ddbd28996875414691,glm__glm_5__synthetic_high_volatility_c0_v0_3__c0__e0__seed_23__sample_2,glm,glm-5,api-pinned-2026-07-02,synthetic_high_volatility_c0_v0_3,C0,23,2,E0,24,24,sha256:2ce122f1ddc3c94301f61e6bcdd20f956f9da8e154a90204336ce6556f221e49,sha256:35d28a15e153b717d21518ae561a7d41e2a54af9540f2547b5d1be68e7012414,sha256:1598079fc2b00eb2dd58a2a54ce76675b6d46795cc4aad0a14d463577dfc2932,sha256:c8556f45652a5cc3bf427d38f8bab9ef6f8aab30d44808a10f8c1c7bdddf876c,1.0,ok
trellm-v0.3-iclr-protocol,sha256:3fd837b587e8f31adf414ae33221d735be7f07231fdf0749d6791313036ab008,glm__glm_5__synthetic_high_volatility_c0_v0_3__c0__e0__seed_31__sample_0,glm,glm-5,api-pinned-2026-07-02,synthetic_high_volatility_c0_v0_3,C0,31,0,E0,24,24,sha256:a596a47d8c88b81595835cf0f7bbd5d7898dcc665436773e250de962eba943eb,sha256:83ffd2606568709027f525e08dfc642776235ee916a817a177a69c79d41a1ed0,sha256:f5dca22a1cc77cc99703ecc651c1c317a3d46955872b65f34d75c7b2df98c154,sha256:86ae0c33b61f50ed439e7492c7daf87e5f74bbed9565274ac40d5b14a922f05a,1.0,ok
trellm-v0.3-iclr-protocol,sha256:91d49bad2018037418703d570f7b85f81d3998dfc010d7f481eba96b2012b076,glm__glm_5__synthetic_high_volatility_c0_v0_3__c0__e0__seed_31__sample_1,glm,glm-5,api-pinned-2026-07-02,synthetic_high_volatility_c0_v0_3,C0,31,1,E0,24,24,sha256:134d49ea115f3291f46da6163894874eaf02be3a6547585a2946dfdd888a6221,sha256:2bf78096895665963394f263cbf6b8b928eb9ae5670bb8caea3f067bdd36e478,sha256:4eb98d6d95b143d9dd256014ee371fa36c3f8e3eccd7ab31ecf4d36b97cd2bc3,sha256:dbc2d09358b19378c3cfca343f37abaa0e7cda75d5423dc824949eae5eb536ba,1.0,ok
trellm-v0.3-iclr-protocol,sha256:dcb42c8065cee96c91d7bd59d7de408e9c03642654b3375aef95467e3d43d0df,glm__glm_5__synthetic_high_volatility_c0_v0_3__c0__e0__seed_31__sample_2,glm,glm-5,api-pinned-2026-07-02,synthetic_high_volatility_c0_v0_3,C0,31,2,E0,24,24,sha256:ac5df91c483a99231ecb65dc21e2e5ae414825eb53b5eb04684b0cad211aeba7,sha256:413f4952dce5ce43664da5ea6d911eb9ceb1ac584908a3262c93346f4e6b7f8e,sha256:7a36fff1732621be5955c2fcfdfa1d09923ad63974002f83aeef0db1d58ab658,sha256:7cf7c4e39cc2c3143c2ad33e8ff38149d4f547337c3460c525d80ccdf302f9ef,1.0,ok
trellm-v0.3-iclr-protocol,sha256:828ea7ac6045235cc6b83c9c09195025b02d2b8ad1d89fc20bfa3c22e1b1c23a,glm__glm_5__synthetic_high_volatility_c0_v0_3__c0__e0__seed_37__sample_0,glm,glm-5,api-pinned-2026-07-02,synthetic_high_volatility_c0_v0_3,C0,37,0,E0,24,24,sha256:0fa65e173948c00e6f974f392cdfeee007ef8734d0ada2ee2e6055938a89b759,sha256:0a32c20e86be1b058e9de8707d01ad70e701e08afda8afc244c66129b4560f15,sha256:d554f815a31871f977cc4b3bc9644b7e82d740e31cc95dc64e4bfc00993d0160,sha256:cca8f07dd80db00ff4382184841732e0cce70f26e114c681a77a41133e4e26ed,1.0,ok
trellm-v0.3-iclr-protocol,sha256:e032705d12b1688387b3f3c9c42b313603d8b24b8e7d710cc30982deb8bad17c,glm__glm_5__synthetic_high_volatility_c0_v0_3__c0__e0__seed_37__sample_1,glm,glm-5,api-pinned-2026-07-02,synthetic_high_volatility_c0_v0_3,C0,37,1,E0,24,24,sha256:39ad63012e05f26b130d73eb6b51dae0884e2f3b5b72bd4095f6e5de8bbb6d4d,sha256:86e08d5fa85210cf1f938fe670530bdabfca6d5f232219770882ca1c48457b46,sha256:77b66934c40e717919e659fb42ac44291975bd4365b05056b16ba063b75368b4,sha256:7c8a875727ac4c1dfa3f0a5a947cdbde60c32233e7d0cd52f0269ddc61aa7db6,1.0,ok
trellm-v0.3-iclr-protocol,sha256:d28c71397e0818e65e5194d1e036ad3c398a1442f2a3c44cd7dc8df12f58bf44,glm__glm_5__synthetic_high_volatility_c0_v0_3__c0__e0__seed_37__sample_2,glm,glm-5,api-pinned-2026-07-02,synthetic_high_volatility_c0_v0_3,C0,37,2,E0,24,24,sha256:6b31fb25fe41853ef5b9cea4b979e2c1a335abbb8d1dd610056dd2537f86c832,sha256:fd40895e93b82188600d15c05312793af94065a8f9d22276f48cef57f938aadb,sha256:db0bb511c0cf464c10687dd7c0357c6662d174af62c99bf5349ddb6396579ea4,sha256:60ea800277c44cfa1e331077161bb154f128940e9de048bbfaa234e989f112b5,1.0,ok
trellm-v0.3-iclr-protocol,sha256:f3ca04f2dc04f3c657a577386e071aa1c83de065f48bf8315628453191be184f,glm__glm_5__synthetic_high_volatility_c0_v0_3__c0__e0__seed_41__sample_0,glm,glm-5,api-pinned-2026-07-02,synthetic_high_volatility_c0_v0_3,C0,41,0,E0,24,24,sha256:91dee589f9836577f2d28a40316a10130d31c6284b222ea8e06a848a8b2d3d11,sha256:e1d396bb324a10f78eece2189d8aed0d5c4e5441991f9fed35e447799b29b64d,sha256:1417398a4a4e52dd9f3e6eda2422a7f4c071094fce8745296a17f2f4b0fba895,sha256:cad396f577db5ade53d57ce8edfc1a3e83294d5423c13943015c4e97230dbbb7,1.0,ok
trellm-v0.3-iclr-protocol,sha256:780a14edc2cd9ce3d9354c296e5c4ff078bb20e5f3564bc60f17ecaeb81db686,glm__glm_5__synthetic_high_volatility_c0_v0_3__c0__e0__seed_41__sample_1,glm,glm-5,api-pinned-2026-07-02,synthetic_high_volatility_c0_v0_3,C0,41,1,E0,24,24,sha256:fc8cec22121e6268c0c0b7f024be2569feb8a6cf0518d4b01284a9a128647e0a,sha256:77f763eff9c0c549557ffe5615647e510586f1f42f655399af6ef105d0fd2e1c,sha256:fcf2aa1331ee37e9c5e1f26ddf07cfd4686cc803f41ece173c6d11a1230e0b9d,sha256:be8c71d627d4aa117ab453b3d2da258bc353d326a7ff4b9bc7bf4630fa09d96e,1.0,ok
trellm-v0.3-iclr-protocol,sha256:b717b0e6e7b19b9e612746fd3fdc28910756e46104139d7b149dd620d054f2a6,glm__glm_5__synthetic_high_volatility_c0_v0_3__c0__e0__seed_41__sample_2,glm,glm-5,api-pinned-2026-07-02,synthetic_high_volatility_c0_v0_3,C0,41,2,E0,24,24,sha256:d2bbaef73a1e3dc4cbe1ae51e5c52b7a9c3511cd5187a1122147e7aa0be04a08,sha256:434d9400811b00b349afea15b740e65b00271db5c7d00c4a2b851d0c6f673fe8,sha256:575ae5c6d6d16fb7873c044c5b8be3fb319bf7ba27f601c669737195d7adcf01,sha256:0640b49a7ec93706f8027e2eec75c06b3827c2972114f59e6d11ac3bd8d9a05e,1.0,ok
trellm-v0.3-iclr-protocol,sha256:68823a125f277fd40603caea8fb266231d032c09062e58e9a97cf06c65793bd6,glm__glm_5__synthetic_high_volatility_c0_v0_3__c0__e0__seed_43__sample_0,glm,glm-5,api-pinned-2026-07-02,synthetic_high_volatility_c0_v0_3,C0,43,0,E0,24,24,sha256:6a969385a76cfc9701aa3909eaacc032739de72f05a805bdf4c1ab210448796c,sha256:039dc988bc9cbc68dad91f372083f903323c63ac6dd6007d285a6bcde4047ed5,sha256:ce31d5a32dd50be6ea7e77099ff1d2bcea5ccb4abe601c1b689ffcaf8f703638,sha256:532efd2a113156a65f35a594ef3852fb2cc6fa7139e2b299e94c45ebefbf3820,1.0,ok
trellm-v0.3-iclr-protocol,sha256:f84cb8e49db64b7a38d05e5df5f4cb8bd5183e7c8f0b227b01cdfa8d98359b39,glm__glm_5__synthetic_high_volatility_c0_v0_3__c0__e0__seed_43__sample_1,glm,glm-5,api-pinned-2026-07-02,synthetic_high_volatility_c0_v0_3,C0,43,1,E0,24,24,sha256:43e3f2693bc0857e713832471d4b23b49851c5bda86b2e0c5d2aeea4da609375,sha256:717dc058cec91b069bd80daca8af4b8fa9daa123cfdde5a4d2c0270427bcb830,sha256:0f55b0e86e1b57e4a209dc3fe2f72ffc7784cd20ca15b08648242e0fcc0f6832,sha256:7e0e4faddd7c24f897063e473e7d68377c10be18702c74f57b198368bab8a68f,1.0,ok
trellm-v0.3-iclr-protocol,sha256:bc2835a8af25bd904f101fbf34e23174ee2d91112eafff0c1a0545f863561c57,glm__glm_5__synthetic_high_volatility_c0_v0_3__c0__e0__seed_43__sample_2,glm,glm-5,api-pinned-2026-07-02,synthetic_high_volatility_c0_v0_3,C0,43,2,E0,24,24,sha256:29d6afb4dce7b041f716dccbb2a68cf334f26fadb63ce95982159b19a6fc245d,sha256:0327533900b84469f77dbf80882ddebbb34618f08221a481ddba32ac3a264e97,sha256:0d0400d4ac7f4bc601a68eaa2b83f8b5e072b1060479760622aacce89fb9445a,sha256:c11e2054b03bd7d203af2d41349f740fb70ffb132e1083366cc8f6c051aef00a,1.0,ok
trellm-v0.3-iclr-protocol,sha256:a42f25ce7caf97245c2176aad1663d579a0ed92c71c3928b50240f790c395b43,glm__glm_5__synthetic_high_volatility_c0_v0_3__c0__e0__seed_47__sample_0,glm,glm-5,api-pinned-2026-07-02,synthetic_high_volatility_c0_v0_3,C0,47,0,E0,24,24,sha256:be24e07ff9a4969ab0af7308362d7711d63b44c48ad27f7f9fdbd881934c3ff3,sha256:2083ba65475435aa8bf5b18db8b5f0e791e19f7f56a40d79321ac646ee6088bb,sha256:18c5cbd441cddb4f983bd3d45621db08e330da5c97e163d47fc850addecb125d,sha256:e53517836e807e07b7518121ee97231b29ccaa7b00f5a5d244fadfeaebe5ddce,1.0,ok
trellm-v0.3-iclr-protocol,sha256:55505a76dccfd3a76cbabcfc8b3039203b4534a7b269a7a534268affae1c1c37,glm__glm_5__synthetic_high_volatility_c0_v0_3__c0__e0__seed_47__sample_1,glm,glm-5,api-pinned-2026-07-02,synthetic_high_volatility_c0_v0_3,C0,47,1,E0,24,24,sha256:ff441bdafc026d0bf25368d17727b03bbd1f4c76625567bc20d895f0488c0f38,sha256:22dd963372ff9c41401540ee51d2cbbb554cbad3530c84c99385db3e547f4dff,sha256:60ac6e5482ae9d707b0db44439c22f18407008e0bf422a22f047da3598970cd9,sha256:6c3e98e4045640d869978b24c9b96f31259ec382458b7cc009a1affcf2d829a2,1.0,ok
trellm-v0.3-iclr-protocol,sha256:e61619b2983c2da614c6071ad734b5aeb04524d6ea23d319f6fc8e90eb293124,glm__glm_5__synthetic_high_volatility_c0_v0_3__c0__e0__seed_47__sample_2,glm,glm-5,api-pinned-2026-07-02,synthetic_high_volatility_c0_v0_3,C0,47,2,E0,24,24,sha256:8e4383061e1d74ecde32cccac1e287cd69fe053174963dfc3c69bae02d900b16,sha256:68461aa9eb19160ad4108c44f4078a1823ed5c8cdd15ad5364aeb2adfca78d03,sha256:a424fbef55222795e9d8d8c48a7ccde68e6b813a0dd293f6cba80d10a3196404,sha256:6791352f98035f8d58bbd4c96be446ad6ddd2c442eee777cb6b57863d2d06d3b,1.0,ok
trellm-v0.3-iclr-protocol,sha256:0be7b9dff61be9020e05a4f601d7221682af62ce4df7071302776fcaed285a36,glm__glm_5__synthetic_high_volatility_c0_v0_3__c0__e0__seed_53__sample_0,glm,glm-5,api-pinned-2026-07-02,synthetic_high_volatility_c0_v0_3,C0,53,0,E0,24,24,sha256:50d97b3cb29782f329abe9106f1ca648a62c92a8cf55ff315c7ad0633422e36e,sha256:8302e9825c6049997486f87f9f1432c676728f9f7b5fb1b53f6a533b0d3de24f,sha256:e994193c63553c49140a2a574876efd2ab509589ac1879191194d6955caf91d0,sha256:f0883052b716a18e4ada4b0f5cea8ab9b641de1c49d0672c2a65a789bec1c6c4,1.0,ok
trellm-v0.3-iclr-protocol,sha256:07e196e513c11baacc47e14c07ece07b756fd668040275b7180d6508a7c6dcb6,glm__glm_5__synthetic_high_volatility_c0_v0_3__c0__e0__seed_53__sample_1,glm,glm-5,api-pinned-2026-07-02,synthetic_high_volatility_c0_v0_3,C0,53,1,E0,24,24,sha256:64774b30718bbf689ecb4277ee71862354b771d68162bffb450cefe75db58493,sha256:6fdb18e82e8a526c636cfd98fbf13b0b4e64704211e359538e72320c6b88b737,sha256:3380e77520a406bec3ca1312c6452d5edd96955775443437a79e811c866a0ec2,sha256:14c4cb93b4f9a80c32fbbb4e0d5f68b7501f4bcec3d3194d0ff1308dba25db15,1.0,ok
trellm-v0.3-iclr-protocol,sha256:f86d09711b7c0de2c36209a7b35b83e94dba78ef683eb47385c6114ad6bb1816,glm__glm_5__synthetic_high_volatility_c0_v0_3__c0__e0__seed_53__sample_2,glm,glm-5,api-pinned-2026-07-02,synthetic_high_volatility_c0_v0_3,C0,53,2,E0,24,24,sha256:3f51038ecbda5f9bd7ca5da3d7c8147e22972c53cd7525819cc4f21090cf092b,sha256:fd681c25b47a33781310b86ed613a0638d551081e7d6735af9173a6a4d8fdbeb,sha256:4d6a8b2460da70c2a508705a9ae3207fd5f4e746228e74d85cd55c7c62ab462e,sha256:d929cc07afc0a17f3e10d1e50d3447b7769b36d98aba5cf29fd7e86b30620e1c,1.0,ok
trellm-v0.3-iclr-protocol,sha256:5b5c9073a99bcbf7463a8a2c1d612ba231d0c444d9d97ffbb22261dcc9c77b4d,glm__glm_5__synthetic_high_volatility_c0_v0_3__c0__e0__seed_7__sample_0,glm,glm-5,api-pinned-2026-07-02,synthetic_high_volatility_c0_v0_3,C0,7,0,E0,24,24,sha256:5280a93cd83f49a453a132b4688f1e97b3105fcec666f47b07f403320dfe364d,sha256:be067f8fda7bc999bb6b2f6d7d3d1ac8e93446b115517e7c5d9fa2f529b99afb,sha256:ddb7555c88b2719ce1c457bd06c526b2b6083a5643096b6cee1318c40d0c341f,sha256:1b30851023cc36aed5e4aefe80f6d26b51d631e7fddccab04f265b97b6a047eb,1.0,ok
trellm-v0.3-iclr-protocol,sha256:5944b4deca843128a9c20cb0a5cb2f612c950f5912a0eb7126b12f864cddfbfd,glm__glm_5__synthetic_high_volatility_c0_v0_3__c0__e0__seed_7__sample_1,glm,glm-5,api-pinned-2026-07-02,synthetic_high_volatility_c0_v0_3,C0,7,1,E0,24,24,sha256:7633c04bbbf7ef3fb986b9fb39477c883ac234ef8566cda8401bc30a99ea3c49,sha256:3fec1a5a8eb5099d3d4ae3fbd5563e1d09275f5b16ee9e8085e9a1552b9b9229,sha256:41f6f6704c27c4d86946a818c6a1b1db49250afa90c1922826e064790144f797,sha256:33370ec6a7feb2a4ce6f5c4a219e4c1e64198ce746d95a2591b7897d87f3dd5c,1.0,ok
trellm-v0.3-iclr-protocol,sha256:fabde7b04a99a6880f73cd4386bf096e1bf183c916ecc04854c76faaff3e009d,glm__glm_5__synthetic_high_volatility_c0_v0_3__c0__e0__seed_7__sample_2,glm,glm-5,api-pinned-2026-07-02,synthetic_high_volatility_c0_v0_3,C0,7,2,E0,24,24,sha256:996cb4cce8ec002518415874ee9115db31274ee00d9a4e32cdb152be55292a3e,sha256:6b81c0856c4ce2b156182a7ecf88e1a5ea59e9aa4303de66bf50d7af4288b066,sha256:cf38ca96aff6fb743daf29b1d676534d993ff15b071d3c81e4c78796aa50a7e0,sha256:4eac7400cf5fc825243ff173df0d8c0d82896096172bf5589e58131f30723217,1.0,ok
trellm-v0.3-iclr-protocol,sha256:1e4b780e1be0b1ff2590e79945b4db2336c9b469c08a1c74c208f1bdf642baf3,glm__glm_5__synthetic_high_volatility_c0_v0_3__c0__e1__seed_11__sample_0,glm,glm-5,api-pinned-2026-07-02,synthetic_high_volatility_c0_v0_3,C0,11,0,E1,24,24,sha256:bf589c7cd1af216c48156d52f0caf754c9188b06e44e98713d4cd6bd6ab24341,sha256:8aa962b13b0191df85afedb8d43fb4a891dd46e5d6a66f0ca0204f518316ca29,sha256:bc605b97e31889a5d7c644f9feee6347100b5a15d9123b693ae1cc002900a9c5,sha256:f3ca6b8573e95d6bb5ea7ac5962dee3da75a63394a059b6698fe096764e7645f,1.0,ok
trellm-v0.3-iclr-protocol,sha256:dbc38816cb32134e1f0e754d5b1537ad258eac2ebb6d14f3dc2f25d91c1ea6c7,glm__glm_5__synthetic_high_volatility_c0_v0_3__c0__e1__seed_11__sample_1,glm,glm-5,api-pinned-2026-07-02,synthetic_high_volatility_c0_v0_3,C0,11,1,E1,24,24,sha256:98d3602ae7d729c82e51599db6e2babdf37bc9c9cdaf57b6c6202d0489997470,sha256:21bce1cd27bdfba56fc56664535aebb8f78c67da5b8d56f8df2f7f31eddbde7a,sha256:dbf5c946d3d8e3f70bee0d0a61ba734b09807a9eccfe89439000b7b56bf6ea42,sha256:e1a1e6ac81a0a7e3a6f8679a4491afc8689803c0b36287bb52cffc7354b21429,1.0,ok
trellm-v0.3-iclr-protocol,sha256:671063337e5504254a3b40ee72750a7dd14f09cb27973ad445fa5b9d36f88af1,glm__glm_5__synthetic_high_volatility_c0_v0_3__c0__e1__seed_11__sample_2,glm,glm-5,api-pinned-2026-07-02,synthetic_high_volatility_c0_v0_3,C0,11,2,E1,24,24,sha256:1a557ef910646cd1e54dc080f740d210a7ac6a4faa2b206a5ee9329973593529,sha256:3421d81d3fe9f902e4bd028a1cfbda59a689fbd0d0b3c521456bd2085515e9c3,sha256:ea0b118e46a1cd01f75580a858886b047d3dabf51c732a3cceed82996c186d88,sha256:1f09dbf70475cbb2804822c831d299d464b1b133fa4e67ff46de7ae46a423af4,1.0,ok
trellm-v0.3-iclr-protocol,sha256:02d79268acbc00d8a562c0f192e299a0e7b49656aaf66f2f80223f7aad90f531,glm__glm_5__synthetic_high_volatility_c0_v0_3__c0__e1__seed_17__sample_0,glm,glm-5,api-pinned-2026-07-02,synthetic_high_volatility_c0_v0_3,C0,17,0,E1,24,24,sha256:51d749778cfe8d3cf4d30b314b72aaa8868c446c3e0a3b432ece67f507526679,sha256:7bcaa4fa08df2e3a901aea3303e9dd214472d8ae8dd891fb547829c0b3d5b949,sha256:2ddf9e57242b4ef4fe74f019c4f9f38e9dc4c1afe360acc5276f48c92a9d8be6,sha256:0f599de547dcc7d4bae53eef7b8dffd933676bdfc9795d09f43153d00eedd4fd,1.0,ok
trellm-v0.3-iclr-protocol,sha256:5d37ede6800e7f1c3ad559030dfdb34fbb18d2185b3f063f7ca2ed129987ad5b,glm__glm_5__synthetic_high_volatility_c0_v0_3__c0__e1__seed_17__sample_1,glm,glm-5,api-pinned-2026-07-02,synthetic_high_volatility_c0_v0_3,C0,17,1,E1,24,24,sha256:ef3488520cdc58da4d34c716905f8a7f19ed29285a9b41cbc9c69cdcbfb1cc90,sha256:1530af862469645e89693dd10b3a60d49f99d5fd769bbfa137916a8439e32988,sha256:3a9955a8af0a873bb488eb1d1fbd81317b4a81c370c7d5a9edaa0eacc3231890,sha256:a1e810585687272c64bf1915193a7e495cc2e976781e5c5af4f7f1b05a4d838c,1.0,ok
trellm-v0.3-iclr-protocol,sha256:e0051738480cfdfe0ad8ed586d7a988a3b1f4b9121e77e1f8543c6523555bc2d,glm__glm_5__synthetic_high_volatility_c0_v0_3__c0__e1__seed_17__sample_2,glm,glm-5,api-pinned-2026-07-02,synthetic_high_volatility_c0_v0_3,C0,17,2,E1,24,24,sha256:538798245fd0e6e4d89a67d51fc767fdf14cb6ed28daa1c470d80850f37073c3,sha256:31309a427fca68b5d7737104b2a0726f30d63c616998fae0d05fd3f5c9c5f3ed,sha256:02b13b8f36ead58ba0e76275a9b8d7f48684f8fa07ca5dc74272c4b8b1827c77,sha256:675cfd74a7c07c72f5f529838a22c7d1bdba2c69ded95c729d240049a941f6be,1.0,ok
trellm-v0.3-iclr-protocol,sha256:bdb6813c4c257ba6ece6a92ef0e288ee15e3d8bc37ea986a7929b7a24baab698,glm__glm_5__synthetic_high_volatility_c0_v0_3__c0__e1__seed_23__sample_0,glm,glm-5,api-pinned-2026-07-02,synthetic_high_volatility_c0_v0_3,C0,23,0,E1,24,24,sha256:2560f1182878c6859b1b5a6450856984028e7aa784b8a03c6b332387be64aa38,sha256:d84e2082d6923ca229ca38b8686c534e104f3491fe5deabf590b888fca7a02f3,sha256:7891b6e845662b4bacb09655eead87dbda3562ea9df45ac6f72a2ea9675f558f,sha256:ae8ee37fae40c1f0cfcedcc98ef16dd4c4fe28dd8715ea6e75ee96a0d3f62696,1.0,ok
trellm-v0.3-iclr-protocol,sha256:0687ae944c7963af06b46ba3a8ee02fe5f8df97d3cfa56f6107f3ec90a79c4ec,glm__glm_5__synthetic_high_volatility_c0_v0_3__c0__e1__seed_23__sample_1,glm,glm-5,api-pinned-2026-07-02,synthetic_high_volatility_c0_v0_3,C0,23,1,E1,24,24,sha256:108100dcf5f74c524295cec239b492a387db4748eda331824a9831d7016e5d8f,sha256:022fee0ddd8d576834d3b958b454ebe4980640b13b3cea1584fb161dbb899ad1,sha256:0a674df8e395bc49e65669aeb3636eaeeb419124ce859527dc955e3649aac969,sha256:741b30fcb98d5ac684951be42124f2a0a0c10124498b2905375dadb6ac74f84a,1.0,ok
trellm-v0.3-iclr-protocol,sha256:3506057b576c1422cb712be798dfcb1cd58c09b79e7489ddbd28996875414691,glm__glm_5__synthetic_high_volatility_c0_v0_3__c0__e1__seed_23__sample_2,glm,glm-5,api-pinned-2026-07-02,synthetic_high_volatility_c0_v0_3,C0,23,2,E1,24,24,sha256:ff2196da758eeb202fc7a8d31c8a423876257856df47fd772c6caa2c1816a554,sha256:97852c55cc70898f53f6a981075b59b878f7ab9f97290bc82166515d883ddf63,sha256:e79f10e4f59e83600f21226a1b3bed2aa2116589c44d12a8f334b283f43b77ab,sha256:457cd61a38755e16bce9b9778ae004ffa25078455a6ad09f8eb4b02418247eaa,1.0,ok
trellm-v0.3-iclr-protocol,sha256:3fd837b587e8f31adf414ae33221d735be7f07231fdf0749d6791313036ab008,glm__glm_5__synthetic_high_volatility_c0_v0_3__c0__e1__seed_31__sample_0,glm,glm-5,api-pinned-2026-07-02,synthetic_high_volatility_c0_v0_3,C0,31,0,E1,24,24,sha256:0a3b8212ec3e47f2cacccebfe2b66cb8b1ea3c25d03e1c02148eb2f3795f5970,sha256:f148ebba168b6295c1a9094a222fce4309874b7fcd614bdc54c38425e8581f55,sha256:fc2ecf41731dd741bc74fd08305504114d48ae7c13f06e33d926dda149ab9ff1,sha256:fcab3da1cc0725b7e48bcff29e152e7d79fc36063320a9da3b6acb2beee1ed38,1.0,ok
trellm-v0.3-iclr-protocol,sha256:91d49bad2018037418703d570f7b85f81d3998dfc010d7f481eba96b2012b076,glm__glm_5__synthetic_high_volatility_c0_v0_3__c0__e1__seed_31__sample_1,glm,glm-5,api-pinned-2026-07-02,synthetic_high_volatility_c0_v0_3,C0,31,1,E1,24,24,sha256:7d8ca0e210863ca0696880e6c1d367931eea83e99ac992775717325fb5670cfd,sha256:690d9a4770714d70d730744d7d906b2d97ce0aec4623cfe2b6527f9249b7417a,sha256:99c236cf65f2f64b237bcad3e8b53e684928382f471afa763b0dd6c713a2d83a,sha256:017a5cd72c6042a58611ff99687879dfb77e6982110ce1277ac8a000a7b8a46f,1.0,ok
trellm-v0.3-iclr-protocol,sha256:dcb42c8065cee96c91d7bd59d7de408e9c03642654b3375aef95467e3d43d0df,glm__glm_5__synthetic_high_volatility_c0_v0_3__c0__e1__seed_31__sample_2,glm,glm-5,api-pinned-2026-07-02,synthetic_high_volatility_c0_v0_3,C0,31,2,E1,24,24,sha256:d52b54b5fd3bfbf1add262e47665b603be181c32bac4a538d6c66d581eb1e269,sha256:47876ac07885dfaa9b54fdf63ab1e745903bd0382d4c43dc6ce610195b92688e,sha256:031448e61cfb3b9468fcafb00e06ec6e515d0f0b1c23cf0a1c0b5756f422cdbe,sha256:1d3a3ed04ba25620b03bb224697fb88759623cf2195d16b37d6ef26c371e3a3e,1.0,ok
trellm-v0.3-iclr-protocol,sha256:828ea7ac6045235cc6b83c9c09195025b02d2b8ad1d89fc20bfa3c22e1b1c23a,glm__glm_5__synthetic_high_volatility_c0_v0_3__c0__e1__seed_37__sample_0,glm,glm-5,api-pinned-2026-07-02,synthetic_high_volatility_c0_v0_3,C0,37,0,E1,24,24,sha256:dc5de24665e633316b80b10688b05107499b8fb2ed5be4a07ec63bd1f64e4e6c,sha256:f40a7166416d80672d7c905fff3ec6615be4fb318a8c08a4692135b7807bb36b,sha256:505f3737d87206049ef87e6174c1f278ec90115583ff3a0a940ad8eb5a65aa7a,sha256:c434c68e0e4db8cc7a2d9331d11e074093cdeb6fb8e1de26e38a64cf6f9e8a0b,1.0,ok
trellm-v0.3-iclr-protocol,sha256:e032705d12b1688387b3f3c9c42b313603d8b24b8e7d710cc30982deb8bad17c,glm__glm_5__synthetic_high_volatility_c0_v0_3__c0__e1__seed_37__sample_1,glm,glm-5,api-pinned-2026-07-02,synthetic_high_volatility_c0_v0_3,C0,37,1,E1,24,24,sha256:29887c07e31837e234294368b416fb774c74b96cb0ae4ce12ed6b3dc9405b604,sha256:3cbf5352ab3155cf80140c5024cad4d1ca7e539b57c251e0990f2d6dd6f7b590,sha256:4bb1afab54e55d3f22172fe9efc4fa96585a2a0b28eeb90950f03e05120cd75b,sha256:481990d3113c7927181ee5215210bf83d5a2141441dd6c2d61dca24dedd6369e,1.0,ok
trellm-v0.3-iclr-protocol,sha256:d28c71397e0818e65e5194d1e036ad3c398a1442f2a3c44cd7dc8df12f58bf44,glm__glm_5__synthetic_high_volatility_c0_v0_3__c0__e1__seed_37__sample_2,glm,glm-5,api-pinned-2026-07-02,synthetic_high_volatility_c0_v0_3,C0,37,2,E1,24,24,sha256:fef2007b116f12bdcb67c4e2e67be042a998eed9ceb451a9b1a0b1ac6e6990af,sha256:47473003385232c8a92da2ab1542eb08babd280c21ff8f4a643d2d734ef08c6e,sha256:0c184f60457c6dd88f536a829e3e7eb101fb766ba9d194878588860a7c948521,sha256:53711794968356283613aa740e146828d65ec5a702f16131d6dcf526e80c4e16,1.0,ok
trellm-v0.3-iclr-protocol,sha256:f3ca04f2dc04f3c657a577386e071aa1c83de065f48bf8315628453191be184f,glm__glm_5__synthetic_high_volatility_c0_v0_3__c0__e1__seed_41__sample_0,glm,glm-5,api-pinned-2026-07-02,synthetic_high_volatility_c0_v0_3,C0,41,0,E1,24,24,sha256:862a326fa8a243a262a60bda90bfb2e60c1fb5aa6d7aab8d054aa9ae771ccda2,sha256:2937d1756bf678e1c80e8b1472ed8c7846748382f42f65ffc84f04b9b06518ba,sha256:d7a9fd5e1f0cd3447870fa2b9a063d7ef57ec9e1435b7328f5a36a188d3b91c2,sha256:ffa4435f3c8c568570986ec8cc689c015ee6790e8bae89e170b8cefdaed02aa8,1.0,ok
trellm-v0.3-iclr-protocol,sha256:780a14edc2cd9ce3d9354c296e5c4ff078bb20e5f3564bc60f17ecaeb81db686,glm__glm_5__synthetic_high_volatility_c0_v0_3__c0__e1__seed_41__sample_1,glm,glm-5,api-pinned-2026-07-02,synthetic_high_volatility_c0_v0_3,C0,41,1,E1,24,24,sha256:41922d52e00c8af3c60befc19cbcb42146b988986baa3d383ee812c6819b8b61,sha256:06921066294e0c62dbfc80f350b436afd36915ceafd75b20a55d9e8255ae587e,sha256:011d0b0d113b7cad831efeb6c1ac6401e991d182afa32be8ae84233b8c918ace,sha256:a2da945d5f1f013a05d274ef61736397b87acb08d4b9311017313170b700e2bf,1.0,ok
trellm-v0.3-iclr-protocol,sha256:b717b0e6e7b19b9e612746fd3fdc28910756e46104139d7b149dd620d054f2a6,glm__glm_5__synthetic_high_volatility_c0_v0_3__c0__e1__seed_41__sample_2,glm,glm-5,api-pinned-2026-07-02,synthetic_high_volatility_c0_v0_3,C0,41,2,E1,24,24,sha256:41f5a8da9e7c26ba9f044275e20dbd5e7db818cc08e39e64556c085885ce709d,sha256:2f240b4ca35fc13127a2d8731aa8270ea015d14aeb4bf2ed30ee399305089ec3,sha256:003a7d005b67604dd8e35e77866266c5bcbaadc94234592ebb75ec7837588fe3,sha256:69d96b807bcd3e8cba54381a1883d424cfb5d13e88995239be2b54d6adc0f88f,1.0,ok
trellm-v0.3-iclr-protocol,sha256:68823a125f277fd40603caea8fb266231d032c09062e58e9a97cf06c65793bd6,glm__glm_5__synthetic_high_volatility_c0_v0_3__c0__e1__seed_43__sample_0,glm,glm-5,api-pinned-2026-07-02,synthetic_high_volatility_c0_v0_3,C0,43,0,E1,24,24,sha256:24bf0bf73df5443e921bbeca23c79406567c0184c67306a9fe2fb885c82058b5,sha256:6f0d6702b2e746fe1a258273cc4b03b691dd94c10c559eb92e7938c3bef32ecb,sha256:927adc8983c12076002ad1e5dabf77f77c2eb073eab03dfeee0a759b61102432,sha256:76d41ae5df4ed96bcc07a2ee5d676ec912df54ab25a735ff1d50256c69741d35,1.0,ok
trellm-v0.3-iclr-protocol,sha256:f84cb8e49db64b7a38d05e5df5f4cb8bd5183e7c8f0b227b01cdfa8d98359b39,glm__glm_5__synthetic_high_volatility_c0_v0_3__c0__e1__seed_43__sample_1,glm,glm-5,api-pinned-2026-07-02,synthetic_high_volatility_c0_v0_3,C0,43,1,E1,24,24,sha256:ca41447ecbce6607955f87e8c730f8fd84ddf7506ad261cb71fb3ac5a2c46106,sha256:4006f6e5c50a4c71c060a0fe2b30951963aa10737f91c4fd42956d8cb6e0219b,sha256:baf4059774f273c5987ca442ce56edf08727945b5ba952353df5ad8d4dc45cde,sha256:4682f206fadc4dcaaedd4504db5022cef1bb8c645cf8f13acce647885e8b2f64,1.0,ok
trellm-v0.3-iclr-protocol,sha256:bc2835a8af25bd904f101fbf34e23174ee2d91112eafff0c1a0545f863561c57,glm__glm_5__synthetic_high_volatility_c0_v0_3__c0__e1__seed_43__sample_2,glm,glm-5,api-pinned-2026-07-02,synthetic_high_volatility_c0_v0_3,C0,43,2,E1,24,24,sha256:f4c6b46fae70ba1202640098ef92e870391927ad2f904d24befcd3e60c6e72a0,sha256:ba0c39924c1ed7a79dd70ce3c6a098ab3111cb361f772972d9b53082dddf1cc8,sha256:6610994413e5b1cc1a6cfe0dfe5f842ee7cf6fade6531197f13fb360ca00448e,sha256:dd9a45c2e4b8636c41dd2a3e73dd2b42a457de1b5f4b5f7f98ecfa2d2a93df17,1.0,ok
trellm-v0.3-iclr-protocol,sha256:a42f25ce7caf97245c2176aad1663d579a0ed92c71c3928b50240f790c395b43,glm__glm_5__synthetic_high_volatility_c0_v0_3__c0__e1__seed_47__sample_0,glm,glm-5,api-pinned-2026-07-02,synthetic_high_volatility_c0_v0_3,C0,47,0,E1,24,24,sha256:01f405ad08a457d3a167ba3247e3252d5ea5873c4aee7bb282280baba146c3f8,sha256:763c4a64ba3a32a7e72468f58106cc691a49e509b701a18e15ad6183be016f28,sha256:3cb5a248cf2d65fe9ca5f8741019c5a65e11ccecd929e4797de45b6f09adabd6,sha256:6e156e2c3777050ae1589d65dc8bd83a324c14c8ee6ba49ab3040fb9cf603b98,1.0,ok
trellm-v0.3-iclr-protocol,sha256:55505a76dccfd3a76cbabcfc8b3039203b4534a7b269a7a534268affae1c1c37,glm__glm_5__synthetic_high_volatility_c0_v0_3__c0__e1__seed_47__sample_1,glm,glm-5,api-pinned-2026-07-02,synthetic_high_volatility_c0_v0_3,C0,47,1,E1,24,24,sha256:374dc74125dd79f0c4dace194248fe23cacf4d108a95b741f7a3ea56e209522b,sha256:f54e54151de19ff8ffc85c038cd7ac5145c99bf8fc05753b0f7854839bd18e7e,sha256:9e1562f3c455efa0bf12da0387c1b9ccb53fd2091019911b8a2334e210b58cf8,sha256:a1bf9b4a1945b05fd157971f01d1fff662030a0832bd9cf8f71a8b00ac9756c9,1.0,ok
trellm-v0.3-iclr-protocol,sha256:e61619b2983c2da614c6071ad734b5aeb04524d6ea23d319f6fc8e90eb293124,glm__glm_5__synthetic_high_volatility_c0_v0_3__c0__e1__seed_47__sample_2,glm,glm-5,api-pinned-2026-07-02,synthetic_high_volatility_c0_v0_3,C0,47,2,E1,24,24,sha256:eb72d5da69b59c65a33c903ae3cd9c7b1f06180db818e41e6b12bb44eb4d773d,sha256:0c621eb1500a434a36553781f3c71163a4840e0130217ca3b69f26d8f5e89c51,sha256:8204b232cc3f6dc394136135b3b4f77f2752b2afe1050424e1c9a0e5a6ad2d8d,sha256:bd9edc092dcaa9c33645987c6920f7e19826be59ec52b9056c969859c0936fd1,1.0,ok
trellm-v0.3-iclr-protocol,sha256:0be7b9dff61be9020e05a4f601d7221682af62ce4df7071302776fcaed285a36,glm__glm_5__synthetic_high_volatility_c0_v0_3__c0__e1__seed_53__sample_0,glm,glm-5,api-pinned-2026-07-02,synthetic_high_volatility_c0_v0_3,C0,53,0,E1,24,24,sha256:b3b1186ce337318ba4aca52ff6457e099ed2283b89ca98fe8d044fc7200d0649,sha256:cfe5cab3c1cddf50c77c78ef894b506fa4556f9e796f43186803627b69be3c1a,sha256:a475395ce78c87ce3a124158caeecc2d02477121cfae70d230bbcdfb82b908f4,sha256:dfa8b069ac7a8d4048eb334008906eca30121684370fbf05aaa40ab87f19a0bf,1.0,ok
trellm-v0.3-iclr-protocol,sha256:07e196e513c11baacc47e14c07ece07b756fd668040275b7180d6508a7c6dcb6,glm__glm_5__synthetic_high_volatility_c0_v0_3__c0__e1__seed_53__sample_1,glm,glm-5,api-pinned-2026-07-02,synthetic_high_volatility_c0_v0_3,C0,53,1,E1,24,24,sha256:9d0c58effb1b1d78a490bb0c68d9e3b94d6d37562bf50da82c662cf369dcf982,sha256:92edb7c0821d2a43911d3bc60af0592a75a44be87a3874ad3c41acfae6d7a572,sha256:e0e9bfb579963aad5f1a93bc74fca2f767c756d63be74dc198235283d316ade7,sha256:93cd137f5c61b85b07e0c683014600689f07302a7bb1eeba9497867b95f72f0e,1.0,ok
trellm-v0.3-iclr-protocol,sha256:f86d09711b7c0de2c36209a7b35b83e94dba78ef683eb47385c6114ad6bb1816,glm__glm_5__synthetic_high_volatility_c0_v0_3__c0__e1__seed_53__sample_2,glm,glm-5,api-pinned-2026-07-02,synthetic_high_volatility_c0_v0_3,C0,53,2,E1,24,24,sha256:87357828c33999fc419fd588041f14c8d271663302faede58dfea8ebae91da3a,sha256:f2e5f561c16923b366ae7473a5ea65d97226e6a290a7fe4982e665b1b9046b08,sha256:5bb3a77422aa0a9a51f2f889eb4242da13b64724e57b08fbe8f39cbd4cd5b7b7,sha256:4217b011dfd7c6952c040a31501bc6b0c19fd86618264c49ef1ee39c9232a300,1.0,ok
trellm-v0.3-iclr-protocol,sha256:5b5c9073a99bcbf7463a8a2c1d612ba231d0c444d9d97ffbb22261dcc9c77b4d,glm__glm_5__synthetic_high_volatility_c0_v0_3__c0__e1__seed_7__sample_0,glm,glm-5,api-pinned-2026-07-02,synthetic_high_volatility_c0_v0_3,C0,7,0,E1,24,24,sha256:ea2244ff7d3577e1a97946eaaec38cf865c59e32196b24bed35939546cdee302,sha256:b6788227f5336ac4ddffc3b7192b8c661900c0dc168a8de0cdc472a9c58ccca9,sha256:ada645f052c9f58b374ea3c89218b9e5f28c09387c6cb1ba214a1fa6d279f28d,sha256:cedc99b185e7cfc04e0ac567420d15c9198bdade9f3a24ad3038859bb5dcfae3,1.0,ok
trellm-v0.3-iclr-protocol,sha256:5944b4deca843128a9c20cb0a5cb2f612c950f5912a0eb7126b12f864cddfbfd,glm__glm_5__synthetic_high_volatility_c0_v0_3__c0__e1__seed_7__sample_1,glm,glm-5,api-pinned-2026-07-02,synthetic_high_volatility_c0_v0_3,C0,7,1,E1,24,24,sha256:8e04318e2e14ed63d0c030098a80a18971b840752a3b8715660046fb569e2709,sha256:57fa9b7ae201a4b2efb1e20525ac7c49f50b739156a3731e66e61c3e6edd5fda,sha256:6a8849f5b0f050561525208819bb68ef199b5a225ee483fa620981895bb8cd49,sha256:0b1f0cdca25b93835cd8773bdcc1c353871284c933b29103ce4fce3d3a7edf7d,1.0,ok
trellm-v0.3-iclr-protocol,sha256:fabde7b04a99a6880f73cd4386bf096e1bf183c916ecc04854c76faaff3e009d,glm__glm_5__synthetic_high_volatility_c0_v0_3__c0__e1__seed_7__sample_2,glm,glm-5,api-pinned-2026-07-02,synthetic_high_volatility_c0_v0_3,C0,7,2,E1,24,24,sha256:3477f5e8227e23ed74f21504ea2390adbacc49bac9f6ea0886da09313e5952f0,sha256:ec299c0a22fe0ba6a705610f36ab15ed16980594b56fc4d7fc74eac58c1aca13,sha256:177c65fc207f0270cb34e552ebbdd8e37ed76bc380ac7051dedcbeb9c5b9aa87,sha256:6d680c86c2de1eaf2b66d896f206596da96fbc53f2e576ed73ffbed1b498430d,1.0,ok
trellm-v0.3-iclr-protocol,sha256:0f6ca401fff040754c7845e8dafda3f904f1061d26395f00c5f1224dfc8da330,glm__glm_5__synthetic_jump_tail_c0_v0_3__c0__e0__seed_11__sample_0,glm,glm-5,api-pinned-2026-07-02,synthetic_jump_tail_c0_v0_3,C0,11,0,E0,24,24,sha256:8ad97dd40818347bdd2d67aac769c4e23e455fae968b937cfa222975d14236c4,sha256:abb256f23f5c9e636d04c962c355c342f21951be934312d06fcf91a44ff30bd5,sha256:7b49c15fced6d71877bcc633729a473af3acaf94b7da82e06a91fdf8990b2ded,sha256:1519da982148dc200f9152c2492de4bfdd09ff131183fc3c0c0edf06279cce05,1.0,ok
trellm-v0.3-iclr-protocol,sha256:44cade884bf22e6f894e6cafd24b84260e1e6612e50a19ee95aef294c2e7d298,glm__glm_5__synthetic_jump_tail_c0_v0_3__c0__e0__seed_11__sample_1,glm,glm-5,api-pinned-2026-07-02,synthetic_jump_tail_c0_v0_3,C0,11,1,E0,24,24,sha256:7c6eb6f1f2a14a797eea4baf3fa164ced037a6729a91cb5561ae7f0b898f8eff,sha256:3b5af21b65975959a791c1a4b815ece37f31db4016c1a910dbd2a8352ee976b5,sha256:a7eb90eab85114fd17b2a3311e18925d17670695ea8395fbf7ffb85cf84c9d0d,sha256:4f496a63843dfaecec2d5d20a17a285211ee88ef8098473b7f41e31fa94214c2,1.0,ok
trellm-v0.3-iclr-protocol,sha256:538c9c5945e9570cf940876c0c4d892e00ffe8ba1c6524e7705c8324015c6eaa,glm__glm_5__synthetic_jump_tail_c0_v0_3__c0__e0__seed_11__sample_2,glm,glm-5,api-pinned-2026-07-02,synthetic_jump_tail_c0_v0_3,C0,11,2,E0,24,24,sha256:1a90b50d460cbc050739db486222e63e03e28610e387c27942bcbf9d0e2c4775,sha256:ab860850c5c67bbdb112674704f1fff031709fb7d81a38c27f2e6d0b09a1e1a9,sha256:e8b98b242330eb5d98750662e4c5b00ce65f90060d278449187458db97a3f5e4,sha256:b261a117c6bc056982ff7672fbe01084771367293a5e720f26c754f8486921e0,1.0,ok
trellm-v0.3-iclr-protocol,sha256:69fab1c54ab312fce65fe9bef58e16fc243cf45a52d57d4b6a30b71204ced6ed,glm__glm_5__synthetic_jump_tail_c0_v0_3__c0__e0__seed_17__sample_0,glm,glm-5,api-pinned-2026-07-02,synthetic_jump_tail_c0_v0_3,C0,17,0,E0,24,24,sha256:b7808a47c413b614b1bd156e4ddab3155a8de47d8ebd3e1500f507c007965f1d,sha256:e031ad5bffc764ceaac70aa1dac46505780dca77af3984f735497df29afc282e,sha256:94a553d61f9ff914950efae5d55081a99540327ba9aacc31702a9f95a8689df5,sha256:5c00575d4ecd13d59847f0f42f346a9a7014979f1695be2969565b6d62d03881,1.0,ok
trellm-v0.3-iclr-protocol,sha256:ca638b5388f0fbf144fd24a124a55857642a3b086252be374544fe2e1d6a76e3,glm__glm_5__synthetic_jump_tail_c0_v0_3__c0__e0__seed_17__sample_1,glm,glm-5,api-pinned-2026-07-02,synthetic_jump_tail_c0_v0_3,C0,17,1,E0,24,24,sha256:fb7909830c27fd26fb7334b649f375cf73203749ea6046d689aee400765af002,sha256:b13d9d21d6af9f8cc2387cb968560c9a00e10b0014f04e4df4415f1c375eceef,sha256:c8dba417188ffe34244802e090104465aa78add513a34c12dda4f2b5347479df,sha256:2aae1f346cc45053435153d96ef6dc2d311088883cc98b9d5493fa87decaaa88,1.0,ok
trellm-v0.3-iclr-protocol,sha256:0d324acacd9863cec352363683519a11c1e80020487ff7f54ef295102946b466,glm__glm_5__synthetic_jump_tail_c0_v0_3__c0__e0__seed_17__sample_2,glm,glm-5,api-pinned-2026-07-02,synthetic_jump_tail_c0_v0_3,C0,17,2,E0,24,24,sha256:9cd33d7ded2188ce227efbc82a32f50b909e1aab82f94efbd6eba8a07deaa841,sha256:b8dc711df6112289837b68029555ffdd9c66c2940d584b41ac3423928f5e72b3,sha256:619d2f7fe68f7f5949407c45093c6c9428cfc51c5521b5edc5387bbb3f39e5fe,sha256:01c645143171d5cb44842cb84b86a8129f00f3486677034d2dbb97753c9b7b56,1.0,ok
trellm-v0.3-iclr-protocol,sha256:02cda00cc11fbbb23f33c47719c168b0cf4a0e2182189e9bc4449fbaf57a47d4,glm__glm_5__synthetic_jump_tail_c0_v0_3__c0__e0__seed_23__sample_0,glm,glm-5,api-pinned-2026-07-02,synthetic_jump_tail_c0_v0_3,C0,23,0,E0,24,24,sha256:e78f7544b652ba6da68c492127d8ed6c30d35c69e32459f86cf4aa3aac53d647,sha256:d4a642dc34a27ff30f5da7f3b886f0c39731ce38222338ddb8b24c31c035581c,sha256:656fa341c38fe70cf851f8ee1fab5dc29f7307bf60bc47178dc9a05ece04e32a,sha256:10370e79578208d18c1ef627fbf0b021f749b0ef39d940dc5721a370079438e2,1.0,ok
trellm-v0.3-iclr-protocol,sha256:5119a1266f0719464ff5787b70c824c7e8f3c80680bb5883ae60d236d6916f54,glm__glm_5__synthetic_jump_tail_c0_v0_3__c0__e0__seed_23__sample_1,glm,glm-5,api-pinned-2026-07-02,synthetic_jump_tail_c0_v0_3,C0,23,1,E0,24,24,sha256:2704dfc5434ea18b62d3494171c37852f49d240c1cf9eb168795bd37f060efc4,sha256:193b610a949073663090cdc0643757e44020e11b23146742084ec93649f66727,sha256:dbaa3bbb51d986475f811695718c91a59742d80e11f136d421d03cb725564fd7,sha256:fa3f092c30f20447359645006c846c3508893c0463ab280cb8c7e6d012a92b2c,1.0,ok
trellm-v0.3-iclr-protocol,sha256:a4258499d6f3ed0798552b353152a4bc6c810c3f83a697a328fdf95d1dcfb1db,glm__glm_5__synthetic_jump_tail_c0_v0_3__c0__e0__seed_23__sample_2,glm,glm-5,api-pinned-2026-07-02,synthetic_jump_tail_c0_v0_3,C0,23,2,E0,24,24,sha256:f00642e1f9b21caa9b9249ab408ce81478d9dc4a11cea1a1598b4404e5680d53,sha256:4d211414ce4c8d9cf3aa033102499a6536432db241c2eb1ac831092c57ea98b2,sha256:e0e46b502d470ec588677b5bf990f3702617c2a7fab6de628c918e01c6e95285,sha256:afa37c191dfd84537a52574b580ade35a54c731b599bd7384e042a6317dc1bd0,1.0,ok
trellm-v0.3-iclr-protocol,sha256:b4e868eadb38cbc7cd02705c081314e2319e16ec884718c7bb9f05e3997d0be7,glm__glm_5__synthetic_jump_tail_c0_v0_3__c0__e0__seed_31__sample_0,glm,glm-5,api-pinned-2026-07-02,synthetic_jump_tail_c0_v0_3,C0,31,0,E0,24,24,sha256:10e854fa4cca77a86f79fff25587ee5e04454b13903373f8ea3d15f420c2bb70,sha256:d11db6c7c6385f3a01173f8e2d327c095eedc52cbc35805dabf813ba0d2f7fb0,sha256:f46e184d63d64a6c391a0a8f979b1164d2acd51677a3e3546d010c1221ae25a9,sha256:7ed934c40c0a129053dfe1084eb4e5e9bea3b3abacf726b809150ba38fa089a5,1.0,ok
trellm-v0.3-iclr-protocol,sha256:2d5ab505e4c6899a23526ca7d38ff312e5c1cb8d564ecb81b0607f00ed70ee77,glm__glm_5__synthetic_jump_tail_c0_v0_3__c0__e0__seed_31__sample_1,glm,glm-5,api-pinned-2026-07-02,synthetic_jump_tail_c0_v0_3,C0,31,1,E0,24,24,sha256:a7b671a5b8bf26a8695b9ee5627c0cba8bdff0e9c66795005da91206ab8864a8,sha256:63dbbf2ac253da0567b99df4b8bf66dfe904b89acb7eb76e16457a5aab67008d,sha256:aca9d5af633db9c39c361a7a0f87c8219bb98a1a3f9acd68a0a277779153e3af,sha256:42b073b0c4f09550266a30cc5d33fff3f01df349e17b1dbb654b0db81ac0c6a3,1.0,ok
trellm-v0.3-iclr-protocol,sha256:a586d99cd23022733baeff5629d44422166711abe4adf3451331e64998b2ab53,glm__glm_5__synthetic_jump_tail_c0_v0_3__c0__e0__seed_31__sample_2,glm,glm-5,api-pinned-2026-07-02,synthetic_jump_tail_c0_v0_3,C0,31,2,E0,24,24,sha256:172e93caa43bf593ca22bca520675de0a413c9c235846440f5731256e0df496e,sha256:6e56f6428e1113bdad928c188439e66ef2bd6cad9b2f668ba30565f7c23c32ea,sha256:1e1ff0934cea0d50c03145bc1f61d285a30cb33231fce51de0dcc6e8a90b8ba9,sha256:f9f24af0e09ed8ba9c9638b2002ff9499240988eacaabc492214974eb5e1f936,1.0,ok
trellm-v0.3-iclr-protocol,sha256:16c78e57ef9aa8946429100481973216016d6ae3868e954de196e14877ca4684,glm__glm_5__synthetic_jump_tail_c0_v0_3__c0__e0__seed_37__sample_0,glm,glm-5,api-pinned-2026-07-02,synthetic_jump_tail_c0_v0_3,C0,37,0,E0,24,24,sha256:65adfa5eb7956c96866be876d2cb01408d80a56abfc51b1f9b6570c374627d9f,sha256:e2b8e8585deaed6a8ce023899367bf82ee97978707d84d6a72be8512d8de6417,sha256:a1a0d335634bd957ac5b5579805e9f8526d9e51cd107e2f0e5755807c32f5a77,sha256:ac606b0be5f92430032866a98c65ceb7af3ca5b731e9be0fcc6238f60a595746,1.0,ok
trellm-v0.3-iclr-protocol,sha256:da2130075c0f6d5048d914b1a433ffc31b47625ea4f0697a1162c747e5d6b989,glm__glm_5__synthetic_jump_tail_c0_v0_3__c0__e0__seed_37__sample_1,glm,glm-5,api-pinned-2026-07-02,synthetic_jump_tail_c0_v0_3,C0,37,1,E0,24,24,sha256:b9fada343d4221f8b489404bed559bd8dba6dd0abaeb2f2d6959e0a7dc5bae23,sha256:e0715ca094ceb8889d1a0b7cab6095c6ead94bba5fbb301ff483f0d1c1fb8d57,sha256:5b798cc1e1dbfc86689838e1a1e93e9c10bf7cbcbb6a54fb9ffc2934b86c8a6f,sha256:92c0a31e0a8f7128615e5371699616248c32ae2e3ebfa2e202e626de4335c8fb,1.0,ok
trellm-v0.3-iclr-protocol,sha256:a0c78dfa79da01f05f7d4107ebe75c0a467ef64d7c69149f89de333e15188823,glm__glm_5__synthetic_jump_tail_c0_v0_3__c0__e0__seed_37__sample_2,glm,glm-5,api-pinned-2026-07-02,synthetic_jump_tail_c0_v0_3,C0,37,2,E0,24,24,sha256:689545ab8c37b1a2349d3e0b08fa5244b16a3fc09bbc9d40d7ab285c03aca77c,sha256:abeacc31c997ba4c7269cc9ea2c74501492c9d913e1f613b0d9c4c93a2f08e7d,sha256:22ba1d7e5442f906654a94e5e137f98cc08e5ab652c12cf57c17f98702dc1d0f,sha256:548891fd351b41f90b83d4ecb78f1e612f90b49100aab70989b1ae49b81b0e54,1.0,ok
trellm-v0.3-iclr-protocol,sha256:7f3bf7610b8738ce71c13dfb0edaab1f979f71dbcec1d157cfff93bf8e7eace7,glm__glm_5__synthetic_jump_tail_c0_v0_3__c0__e0__seed_41__sample_0,glm,glm-5,api-pinned-2026-07-02,synthetic_jump_tail_c0_v0_3,C0,41,0,E0,24,24,sha256:22ee1eb45eed238190dd86ee81d2e73acfcc6fdc07996a1aaf5e3334527bb782,sha256:9e4ff675134855e044ee5ef9f4e1491d7084b29f4bc60f579748a4c5d2e9f49a,sha256:75aa50312c0e0d2d556f17e36bca96f53d4e36038fc2042df26431e7cefdb817,sha256:218829d44404aa87a7e975ead6695a277cbbc361257b2ddd95ae4b1262cd4e59,1.0,ok
trellm-v0.3-iclr-protocol,sha256:ffe923ffd2d405008e812716b34d65c9078370f33f0a03a8f8515f90aefb582c,glm__glm_5__synthetic_jump_tail_c0_v0_3__c0__e0__seed_41__sample_1,glm,glm-5,api-pinned-2026-07-02,synthetic_jump_tail_c0_v0_3,C0,41,1,E0,24,24,sha256:07630ea035c0b5f9d279c1166bff603e82922cc8424a3cbe23199e81b3969886,sha256:a4dada29f2afa58709cd674904916b14950101643332e48fe326340001a3faf2,sha256:1e7348e88db3a81a24ab73014d35244b7359c96b5248d12af83b8bbac77ee8bf,sha256:cc86afe10b53554c7a22596b6834b44f67c2ce9d4a6387d7d72b6b9e2d0d7088,1.0,ok
trellm-v0.3-iclr-protocol,sha256:e3ff830b925bcf847554e89fd57c536eaddad82edec507e66266de1413094458,glm__glm_5__synthetic_jump_tail_c0_v0_3__c0__e0__seed_41__sample_2,glm,glm-5,api-pinned-2026-07-02,synthetic_jump_tail_c0_v0_3,C0,41,2,E0,24,24,sha256:844498b6d09eda02a4298b0679e8d9d9a2298a7559d7ff3beffe7306d9a8f185,sha256:bdb1056f03f4558db1992fbde011eb4d01639d27e4bdcd96fb358a4d1c538ca9,sha256:1dfab45898c5b951a8db35b42e5a93bf2403daf0fc0237df877ce274d1b3255e,sha256:8c284d0466c90763742f4919b11e6aac29daeaac69e96cc42ca405856db39b9a,1.0,ok
trellm-v0.3-iclr-protocol,sha256:098d347b8f4e7694bf194b0a2f01cc7c79287191129faa2464f4c2570b16bf64,glm__glm_5__synthetic_jump_tail_c0_v0_3__c0__e0__seed_43__sample_0,glm,glm-5,api-pinned-2026-07-02,synthetic_jump_tail_c0_v0_3,C0,43,0,E0,24,24,sha256:8fca4648195c9bf197bb41a9154d7739168d130bdf3cd749d6968a568cb1b7b7,sha256:5b1563931acc92c4db6949827dee6a3a903000b9f2abd4ced0bb0a696de53161,sha256:3b2f4ecd5c195f0971f46ff8c820b267732da3b04266d4015e46790ea3699753,sha256:413ec79a23ea1f62bbe1ac40227f15be2accd1b7883f4b6d26065805216f29af,1.0,ok
trellm-v0.3-iclr-protocol,sha256:8d650d1a749843a490a9851f09b5fb37cf23573c41311f04a29738c242e3a1aa,glm__glm_5__synthetic_jump_tail_c0_v0_3__c0__e0__seed_43__sample_1,glm,glm-5,api-pinned-2026-07-02,synthetic_jump_tail_c0_v0_3,C0,43,1,E0,24,24,sha256:4229383c13625922bc84ec5b6b685d88975fa670074bd01746a61ed0d79d2167,sha256:90275e3c94831df8ca9cfc7be9c202ae183bb2eab35612c1171a4dbe661e40e3,sha256:ef87c8b800e3fccff32a43aa3f1e0b0557ea9ead7549992d000ccff2543f7a74,sha256:c0b823a85924d1e730e6f1dc4d9c3319317d2b9ee5a891504498aab02b30a565,1.0,ok
trellm-v0.3-iclr-protocol,sha256:7bda4447a531582ef009cd4230cef20bda09af6c0104ed804123e03d07562fa7,glm__glm_5__synthetic_jump_tail_c0_v0_3__c0__e0__seed_43__sample_2,glm,glm-5,api-pinned-2026-07-02,synthetic_jump_tail_c0_v0_3,C0,43,2,E0,24,24,sha256:b1be4fee3b69f2c4c105f2b0319d13005b380a5647a7aeeaf33249448e3c3800,sha256:50aec497d84a56cadaed28e45d7cd8e9f446b20a7a280752c74f11a7527ab0bb,sha256:5b6308d8756a16bf66e38410433288b4f7422950b7283a220666903eaf120cc9,sha256:c7a198ca3bb1c9b0bf70caf28c4e24d56a0854ecf71097a3e295ca177ad819a2,1.0,ok
trellm-v0.3-iclr-protocol,sha256:29469e12c88de07eb7e17dddc76e74e420b22d5cf05fa3526e791bf93d36e75b,glm__glm_5__synthetic_jump_tail_c0_v0_3__c0__e0__seed_47__sample_0,glm,glm-5,api-pinned-2026-07-02,synthetic_jump_tail_c0_v0_3,C0,47,0,E0,24,24,sha256:64c4dc5580531f1b6ec5904a8549b1f9ded0d54bcbe6e28c97dead65c510c18a,sha256:beb2d41c435daae617268496e994e569db2638960d5a365e2493c45ec35e49e6,sha256:cb5f3ab37fefe4b105f2a4be7b86aab65c40117845ee24a34a2b778feab3b5ea,sha256:c4a037e89d01e3fd9ff1ddc6e827a1df3138cbf0749d6adabc6e183d742b9f29,1.0,ok
trellm-v0.3-iclr-protocol,sha256:a15e4db4d9265b1a431a6526235e7ba6a8230b4d5138a98480e03fa62afe2aa6,glm__glm_5__synthetic_jump_tail_c0_v0_3__c0__e0__seed_47__sample_1,glm,glm-5,api-pinned-2026-07-02,synthetic_jump_tail_c0_v0_3,C0,47,1,E0,24,24,sha256:e2730147333a548fb2ea85e23ba59f7768edf476bcaf7509cf66485815dba5c3,sha256:1322db968d046bfa4dcc876e5cea34074eabe8cab2a65d9c615e202883ff2aad,sha256:46290aefc93cbbfc9076f38e61e1adff6050c5ab531351645f140c1cc43cbc09,sha256:c87c3395271d9c0d882c8bbe10153e41444810a537eb67f57bc4a6b621d5f75d,1.0,ok
trellm-v0.3-iclr-protocol,sha256:51fad867708a2fb3addc971e143193779d3a50851897c1e295489d1fc46a0cec,glm__glm_5__synthetic_jump_tail_c0_v0_3__c0__e0__seed_47__sample_2,glm,glm-5,api-pinned-2026-07-02,synthetic_jump_tail_c0_v0_3,C0,47,2,E0,24,24,sha256:c2009d660302f7e28205e14f9b96232a6037950e00860d8b694ebe6bb1c03697,sha256:a174710fdcc21cd0a7891b3d1b2a4296b023fcdc2c42d6d736a4ce8eca532835,sha256:64e2c7b5d426203e48c03199c64380c2502750af8ad131dc91884593564960d2,sha256:c29a8a0b3ca4b7058b3e22d55f59f267387e19837816da002ef9e2ebb02f3113,1.0,ok
trellm-v0.3-iclr-protocol,sha256:d0a7642cbe7ace4c49b3b2df7e900fd936965f0fdceede42741cdc385b212cee,glm__glm_5__synthetic_jump_tail_c0_v0_3__c0__e0__seed_53__sample_0,glm,glm-5,api-pinned-2026-07-02,synthetic_jump_tail_c0_v0_3,C0,53,0,E0,24,24,sha256:d7adbcc50f71e072fd5e2cd7d23f3558fb21d53166cf2f502e39fe7e9469d256,sha256:6576df2f4ed48d6b165981a7a829d485732578e3cb5a1a3453026a754e25753c,sha256:8053a08d8ee83b9d579706577eae2cf161f71964352637aeccc04f60841cf558,sha256:534cb19a48a0b2fd793ab9418d097680781c18b718207f8cea3d29956e8a8bfe,1.0,ok
trellm-v0.3-iclr-protocol,sha256:de023303ecd7ab6c535843e411c92af05b3c5ca2ce9340ceb2c8e464605a28e2,glm__glm_5__synthetic_jump_tail_c0_v0_3__c0__e0__seed_53__sample_1,glm,glm-5,api-pinned-2026-07-02,synthetic_jump_tail_c0_v0_3,C0,53,1,E0,24,24,sha256:9e38056821f1f1c2c1e39396ca75d86698df310a4a8e7c8a7c95e1a01041daf2,sha256:7be6d54e1800beec6dee722e511f49156ac622eb24f8da461e91049fcc5cdb55,sha256:19b05a3691c1e38762491be9542bdc41463a016f175a2ab7b4e1f75e3da0c347,sha256:22d25e75a754bb491276ec8b6bee722a6840b834122ebee38e7829a4e6d86535,1.0,ok
trellm-v0.3-iclr-protocol,sha256:7b29e709b1b8033002718ef94daf14380b17ec0e68b564ba78d776a239e91597,glm__glm_5__synthetic_jump_tail_c0_v0_3__c0__e0__seed_53__sample_2,glm,glm-5,api-pinned-2026-07-02,synthetic_jump_tail_c0_v0_3,C0,53,2,E0,24,24,sha256:f2ead524ad0c092d561ab39c3321f8104da401aaf2676c4eeaf961be3333c55f,sha256:0d078d05c3b46ffb1ae69abe421dd99bc61a5be0efc51755cb8fde3ecfda0edd,sha256:070014b66214879c4b377a29b696b7a96dacabb15aa3ff6161f7618ad6f73457,sha256:f725692864fbba3d135f3ace2b59027c1abf07cbf0bb76088efae0e84ddc0c97,1.0,ok
trellm-v0.3-iclr-protocol,sha256:12d28966333f54b37c2e0a4601a451da124825ec8e54ff16d9ad73e6a2956355,glm__glm_5__synthetic_jump_tail_c0_v0_3__c0__e0__seed_7__sample_0,glm,glm-5,api-pinned-2026-07-02,synthetic_jump_tail_c0_v0_3,C0,7,0,E0,24,24,sha256:10f987fd76bd92b99f1d2d8a52ee93a87dab7ad6f702a57270d1ee4d152238a9,sha256:d49b1b208cb3d806deeeb4977d90359bef9d1c9f6ce50998cb4691f070719973,sha256:4325a77c45fe5ca82953096ab4f35c99eec0ece8edf5a1dcf36e68b16ee802d3,sha256:f932676aecce18b7cb46f6323384fa5590062d89d109fda016ab0e0eef113d08,1.0,ok
trellm-v0.3-iclr-protocol,sha256:c807ae5419c97671c2fde2ba43f0492a14dbdd52209e2e857cf9c29038c63de1,glm__glm_5__synthetic_jump_tail_c0_v0_3__c0__e0__seed_7__sample_1,glm,glm-5,api-pinned-2026-07-02,synthetic_jump_tail_c0_v0_3,C0,7,1,E0,24,24,sha256:ee07663d2fabcd312628556364610e8437724d8c771167308b87ec8e7e96e658,sha256:13484af97aa27b5a975b91c5534d36b52ddccbf119d8820a179592342a88f552,sha256:e17edca6dd567f1c2a6704f1ea566ae7b276ba998a37b545d2c94117810fb115,sha256:1200a779a08b2d158c76c281c9f658b1d4d8382872c9a9c8ae4ec5c57e2c5f1c,1.0,ok
trellm-v0.3-iclr-protocol,sha256:18ad16e21506df90a573c43daad7d891e081541ffdc6951a0218982a09a286af,glm__glm_5__synthetic_jump_tail_c0_v0_3__c0__e0__seed_7__sample_2,glm,glm-5,api-pinned-2026-07-02,synthetic_jump_tail_c0_v0_3,C0,7,2,E0,24,24,sha256:2a9f28c8d2f0523e220fbbb43e9a6fa873051205666de1bdf7a8e63626f8663d,sha256:d7a5bf7d5ac75441eb567003569a2143d57283a95e83445edbe6c325df365eda,sha256:1bb9a5c3cedc40f463162bfc6592e23a5846eaa69ccddf75ff844c989536c200,sha256:5fc9958d15e02ce7538aa6c0d937dfb69eb7d096a8f88bc8b4dbecb228ba77bf,1.0,ok
trellm-v0.3-iclr-protocol,sha256:0f6ca401fff040754c7845e8dafda3f904f1061d26395f00c5f1224dfc8da330,glm__glm_5__synthetic_jump_tail_c0_v0_3__c0__e1__seed_11__sample_0,glm,glm-5,api-pinned-2026-07-02,synthetic_jump_tail_c0_v0_3,C0,11,0,E1,24,24,sha256:99bdb7c71b36033e7856f8e9b83822f34bd7d6e16bcaa33176e46348c550ebf4,sha256:e34ad426856ca81a2b780e4562db5960d7ab417bfda7c1091fb6bd5cea1892c7,sha256:cff711acbf7e630345eb47c416a634ede45a13fd4fcb3d050c087ff33f9ce936,sha256:4de3c2ee44c183195a7a9b4d514060cdab374f4cdac6112d2d66de38f3af1cfe,1.0,ok
trellm-v0.3-iclr-protocol,sha256:44cade884bf22e6f894e6cafd24b84260e1e6612e50a19ee95aef294c2e7d298,glm__glm_5__synthetic_jump_tail_c0_v0_3__c0__e1__seed_11__sample_1,glm,glm-5,api-pinned-2026-07-02,synthetic_jump_tail_c0_v0_3,C0,11,1,E1,24,24,sha256:d6c765540fbce829178e9e48bb0baaff639784084b2fd98354dc18bdc7105797,sha256:27eb982eb04bc442ad38955d7be9e53bd68a87446689310eb87c8b52351f862b,sha256:92fe6b23120a696ff4253164a04d00b5ba35d90e0393c22484f0c4db87078c85,sha256:fcaad16c3a33874335e813120b2db87550ded9bfb53a8e21a6ebfe28c862fc2b,1.0,ok
trellm-v0.3-iclr-protocol,sha256:538c9c5945e9570cf940876c0c4d892e00ffe8ba1c6524e7705c8324015c6eaa,glm__glm_5__synthetic_jump_tail_c0_v0_3__c0__e1__seed_11__sample_2,glm,glm-5,api-pinned-2026-07-02,synthetic_jump_tail_c0_v0_3,C0,11,2,E1,24,24,sha256:de1185183830dbca1cf575d670362ec78867c3d53bb573c2ab7ea975ae703888,sha256:1bf68dac6a492fb2c45f6470782666dda5f0b4dc270456c70028f627ff1bd078,sha256:23fdc22c67415f7437856083598b1cc444b0bd6340a8f132094dc51b033007bf,sha256:fdfeafed7c46072c5274ec573d5610cb7f7fc03243b189f9800f3e6992d171bb,1.0,ok
trellm-v0.3-iclr-protocol,sha256:69fab1c54ab312fce65fe9bef58e16fc243cf45a52d57d4b6a30b71204ced6ed,glm__glm_5__synthetic_jump_tail_c0_v0_3__c0__e1__seed_17__sample_0,glm,glm-5,api-pinned-2026-07-02,synthetic_jump_tail_c0_v0_3,C0,17,0,E1,24,24,sha256:da3df517d5cb470779c76ba80d1b6ed777a5b5843c51eb205623cb7a3a7b5e07,sha256:296796d820e17e6c87a316145e2d423b7e470d43dce1a71fb7f86e1b246e4064,sha256:f5c8618a0781904f69e0f39b7ba5ad7dc68dcf9895640ec15786f9dfad16fa7b,sha256:f8be4db5b00349fa950f236f7d632849d613f63c241d3a314acdd8b9624fa05c,1.0,ok
trellm-v0.3-iclr-protocol,sha256:ca638b5388f0fbf144fd24a124a55857642a3b086252be374544fe2e1d6a76e3,glm__glm_5__synthetic_jump_tail_c0_v0_3__c0__e1__seed_17__sample_1,glm,glm-5,api-pinned-2026-07-02,synthetic_jump_tail_c0_v0_3,C0,17,1,E1,24,24,sha256:40f2d8248c1518b5586ef5f8f7c4f1232ecc0a0fb59edb65f91d7528c7ea7dcb,sha256:bcd8d8dda041018e3ef094a517efd9af468c9563d941fbeefb1f2ac284694bd1,sha256:97b45cadc18b30e491a19a9d6051b2c63f868a29fcff255e89d1cbbaa7ecf4b5,sha256:8aa1784074629c2da56a783634869c62669d8a1e205e77e73d4e4570f814239a,1.0,ok
trellm-v0.3-iclr-protocol,sha256:0d324acacd9863cec352363683519a11c1e80020487ff7f54ef295102946b466,glm__glm_5__synthetic_jump_tail_c0_v0_3__c0__e1__seed_17__sample_2,glm,glm-5,api-pinned-2026-07-02,synthetic_jump_tail_c0_v0_3,C0,17,2,E1,24,24,sha256:e997e87a97749641800f5050cd075d127a1caf27acbb47f884ee9d8918bc1664,sha256:b98f6d03529041c6027dfbacfe2e9d6728fd42796619968b70ec1adc5f54fa5c,sha256:e1bf319730c5c1685396364fff4f089ecb82fbaab10f81e48e6d6b322ba287a9,sha256:8bed6e3fd58566f07bf5f40ee911bc809e7261114a0baf001edb783a2bfa8bdb,1.0,ok
trellm-v0.3-iclr-protocol,sha256:02cda00cc11fbbb23f33c47719c168b0cf4a0e2182189e9bc4449fbaf57a47d4,glm__glm_5__synthetic_jump_tail_c0_v0_3__c0__e1__seed_23__sample_0,glm,glm-5,api-pinned-2026-07-02,synthetic_jump_tail_c0_v0_3,C0,23,0,E1,24,24,sha256:a45ae063aaabbc7c2c06cb4717fe4c1cbd1624775e8f4a64356e3e2cc3f32a89,sha256:6fae2b3ba2e9a0147ce8ece57db082f13863b552ebfe8fe2f3f17a8ecf5c0814,sha256:8c7a25231405b62ac750b43162ead1b5e652f1470922ce7f8f29e4f99e6ba170,sha256:2e0cd5ad49928a405478b476c06d6e7ecee8d2b90d4628ea073e182ed8e71793,1.0,ok
trellm-v0.3-iclr-protocol,sha256:5119a1266f0719464ff5787b70c824c7e8f3c80680bb5883ae60d236d6916f54,glm__glm_5__synthetic_jump_tail_c0_v0_3__c0__e1__seed_23__sample_1,glm,glm-5,api-pinned-2026-07-02,synthetic_jump_tail_c0_v0_3,C0,23,1,E1,24,24,sha256:b798dc37785d787ce36406b8ea382ef09491fddbd11d3a3d93b0c0681953a623,sha256:c91a53cd24c59cdd2604d39f4f50b3bd0ed3981dd0513ac696886d640daf76a6,sha256:a6808de6be0be2bd2cb71a65a5203e244b621f661e7719b1f50b7cb54dffd31e,sha256:79c59c4b5233e935ae19d7fb0c211622c850f469632cdf27cd44c121b3778115,1.0,ok
trellm-v0.3-iclr-protocol,sha256:a4258499d6f3ed0798552b353152a4bc6c810c3f83a697a328fdf95d1dcfb1db,glm__glm_5__synthetic_jump_tail_c0_v0_3__c0__e1__seed_23__sample_2,glm,glm-5,api-pinned-2026-07-02,synthetic_jump_tail_c0_v0_3,C0,23,2,E1,24,24,sha256:832fe04200f9b5e764dd4ee7219629f5b7babc08bde5e26ee6f92f375c4f1bee,sha256:708c7a7e1b059fdc3f9a6b289344d826cf18d73f26ca61c2e65ee621e2efa29c,sha256:e6d8dfafcc48baf53a52065948355d8e3cc5293b8c8c85caf07b73af27123a8d,sha256:24a2fee2280ee36d7defb9db832bdabc251ceeef6efe91452e758f8111b8d03a,1.0,ok
trellm-v0.3-iclr-protocol,sha256:b4e868eadb38cbc7cd02705c081314e2319e16ec884718c7bb9f05e3997d0be7,glm__glm_5__synthetic_jump_tail_c0_v0_3__c0__e1__seed_31__sample_0,glm,glm-5,api-pinned-2026-07-02,synthetic_jump_tail_c0_v0_3,C0,31,0,E1,24,24,sha256:23055d26fd176127dbd495b21e06ccafe0ea2e5297dbbb35ba3fc7cb4d9082c2,sha256:f0727fe114a15514ceca93f79c08ad3b306cf034d6b48751e27f0e5565a74b0a,sha256:cdc047f295bee41079812e80b58e9fa63494614476be72374a2fda9d0c1839e0,sha256:8bba94533d77b7aad5f184fd4a2ad07f252bbb0f653f7dba1da3d55346b4d0dc,1.0,ok
trellm-v0.3-iclr-protocol,sha256:2d5ab505e4c6899a23526ca7d38ff312e5c1cb8d564ecb81b0607f00ed70ee77,glm__glm_5__synthetic_jump_tail_c0_v0_3__c0__e1__seed_31__sample_1,glm,glm-5,api-pinned-2026-07-02,synthetic_jump_tail_c0_v0_3,C0,31,1,E1,24,24,sha256:1db8d9c56bbde49ca2e1162ea415b69edc294bc72319279b2e54a352bd4ef680,sha256:108a1ba754273d11baa16a040451d166a18421690572b8b6beca9a328097dcb3,sha256:e1d7c9a331e3291195c06b1eb6734e7ae9008d78211ca78e1b578c6863fe938a,sha256:bd86bac3b1dcffa8c786ff80c1b02413eaf9486edcf8a31ec7a252d2d39c1e54,1.0,ok
trellm-v0.3-iclr-protocol,sha256:a586d99cd23022733baeff5629d44422166711abe4adf3451331e64998b2ab53,glm__glm_5__synthetic_jump_tail_c0_v0_3__c0__e1__seed_31__sample_2,glm,glm-5,api-pinned-2026-07-02,synthetic_jump_tail_c0_v0_3,C0,31,2,E1,24,24,sha256:e1219450ca334fabf7e2ddc721e26b8dcdb4dc5b6f51a93cbb9c3ec2c410ee69,sha256:fea2aa364fc143ee73ff467bcefba52e1c362ade06f9de0c5bed8e0df6dd7785,sha256:1aeabb3ffebbfc4e406e9da1b7125015da190a689df67994133dab0ec0b140de,sha256:f292dcaa89a13cced373e42abc1ff91927198626ef3d7d156a91491e41d5268a,1.0,ok
trellm-v0.3-iclr-protocol,sha256:16c78e57ef9aa8946429100481973216016d6ae3868e954de196e14877ca4684,glm__glm_5__synthetic_jump_tail_c0_v0_3__c0__e1__seed_37__sample_0,glm,glm-5,api-pinned-2026-07-02,synthetic_jump_tail_c0_v0_3,C0,37,0,E1,24,24,sha256:0e21dd0ed0c15b3c1a4b676ae30e9d22eaba36458553d63fed6e5d8c84a02f02,sha256:ad2d652b6d2f2f72555faa15115fbc4f20b8cf4b35b38d5d003694fa92e9602a,sha256:67127294ff630b58b0a7bb3f63817ac9498e35bfb65d9a22cfc8cd94993cc888,sha256:8569ded6b2845f19694cbc678b2f76207fec9789c1c03ef4e911b4d0e64ae0cb,1.0,ok
trellm-v0.3-iclr-protocol,sha256:da2130075c0f6d5048d914b1a433ffc31b47625ea4f0697a1162c747e5d6b989,glm__glm_5__synthetic_jump_tail_c0_v0_3__c0__e1__seed_37__sample_1,glm,glm-5,api-pinned-2026-07-02,synthetic_jump_tail_c0_v0_3,C0,37,1,E1,24,24,sha256:2ae2210082bba4c697bd4fafeab28b00bd288fda55160b35d350c47fa3126c91,sha256:a90e2844597cd87f35b30f045aeecfdc394101bc6c66ef2ee36d09ade883b772,sha256:a1acfb9a3c563fd97c60f3080d479e767074dc059592cfcaf9136f1d609d926d,sha256:462dcbf92fca70dd913ebbc9f431062a2d5148e9d6893d4287c19c1fa866bca4,1.0,ok
trellm-v0.3-iclr-protocol,sha256:a0c78dfa79da01f05f7d4107ebe75c0a467ef64d7c69149f89de333e15188823,glm__glm_5__synthetic_jump_tail_c0_v0_3__c0__e1__seed_37__sample_2,glm,glm-5,api-pinned-2026-07-02,synthetic_jump_tail_c0_v0_3,C0,37,2,E1,24,24,sha256:81228b6e50792880f58e2027827f5678b09c2a1a34b01a39ee0623b882ff1d00,sha256:a05fbc182459e09d665583f179e27082ec27bd83e7057a0c125d75756a84242c,sha256:16357d0154ef53aa50eb6fe0b2989ac78a6d0475d7a7b7e987c39b95cd2eb9a3,sha256:552013bfcd37aff2680c22e268b6aafac595418c9f8aed91bcd92689e937033d,1.0,ok
trellm-v0.3-iclr-protocol,sha256:7f3bf7610b8738ce71c13dfb0edaab1f979f71dbcec1d157cfff93bf8e7eace7,glm__glm_5__synthetic_jump_tail_c0_v0_3__c0__e1__seed_41__sample_0,glm,glm-5,api-pinned-2026-07-02,synthetic_jump_tail_c0_v0_3,C0,41,0,E1,24,24,sha256:b38e959a4769a7e41972ae2631344865392ff55d1e1a68bf104c6da08feb21a0,sha256:9d2431091fc036bddf90254715e6ae125aacbda30100b6001c6a29b6194b4ed7,sha256:b30453aafeef1b359d059c6d13ec9955832230a04f99f9d840451becfebf0324,sha256:cb2b06858dad6e43a5665e01d4e4ac12b053d130e9e68f48bdc9df4b7a348ec3,1.0,ok
trellm-v0.3-iclr-protocol,sha256:ffe923ffd2d405008e812716b34d65c9078370f33f0a03a8f8515f90aefb582c,glm__glm_5__synthetic_jump_tail_c0_v0_3__c0__e1__seed_41__sample_1,glm,glm-5,api-pinned-2026-07-02,synthetic_jump_tail_c0_v0_3,C0,41,1,E1,24,24,sha256:6bdfb62d243d8ff861b170cc1c06182a00bfb867045ca6e1c53c515231e9849e,sha256:369e5257062a650ec3ddfc8203a40add91fb8bc3952d5038ee17600cf9af86e0,sha256:70ec455270aeb8762b9add7f1be5719185b58c9015286438a479249b35ce559a,sha256:adc6ab4ef40b45aae9945d2a802ecd768f27a47b9b5fce68ddb613cb1e34800d,1.0,ok
trellm-v0.3-iclr-protocol,sha256:e3ff830b925bcf847554e89fd57c536eaddad82edec507e66266de1413094458,glm__glm_5__synthetic_jump_tail_c0_v0_3__c0__e1__seed_41__sample_2,glm,glm-5,api-pinned-2026-07-02,synthetic_jump_tail_c0_v0_3,C0,41,2,E1,24,24,sha256:7f050ad57cfa7a675509c072e1e36df55417c5fff87070cbbde76251b2d858bc,sha256:3cad88dc20251e5bd1bc4fb530fd7777719bc2c0415ce166afe8d02263557d69,sha256:92c100b96defd2101001d85e41c5a56a8bf4f74cce156bef35df3026f3564934,sha256:3bfa96a0e4f7114c3e9759b44dcd35ca3c43d73fa56c6a99e89e40f3a1ad14ef,1.0,ok
trellm-v0.3-iclr-protocol,sha256:098d347b8f4e7694bf194b0a2f01cc7c79287191129faa2464f4c2570b16bf64,glm__glm_5__synthetic_jump_tail_c0_v0_3__c0__e1__seed_43__sample_0,glm,glm-5,api-pinned-2026-07-02,synthetic_jump_tail_c0_v0_3,C0,43,0,E1,24,24,sha256:a241f91b6a52542a1177f146e6e6fa8294610aa5a9ed2bc0644dfe4c41ff90a1,sha256:9c59aaaba2f1836103117262ffc8da5d9c31fa2bf1cd71854189258138914300,sha256:fb8a8adbbb77bb4467a52cf7a32f1126133edadb4d3e93900ba5f9493f00fcf4,sha256:eb5f9ff9b7306fc1f6df726e1aab1eab54c0dd709cf7913240130e1d61ee9c35,1.0,ok
trellm-v0.3-iclr-protocol,sha256:8d650d1a749843a490a9851f09b5fb37cf23573c41311f04a29738c242e3a1aa,glm__glm_5__synthetic_jump_tail_c0_v0_3__c0__e1__seed_43__sample_1,glm,glm-5,api-pinned-2026-07-02,synthetic_jump_tail_c0_v0_3,C0,43,1,E1,24,24,sha256:c24f865b884bf1ba48ff986e2bd2c36546acd59530b4f1d2ee11196952dcb006,sha256:63c52ecdd39208296326e542355489a464a88f052d9a21ce257a7b37b1c9f994,sha256:a747050ab6723989cf39b4a5a30bc92ee688b0066224f6b78f5ccc45b664d024,sha256:29b51bf9db096d7cb8fb55372b46ed53e464e51e0b92e962a09ce941184ac061,1.0,ok
trellm-v0.3-iclr-protocol,sha256:7bda4447a531582ef009cd4230cef20bda09af6c0104ed804123e03d07562fa7,glm__glm_5__synthetic_jump_tail_c0_v0_3__c0__e1__seed_43__sample_2,glm,glm-5,api-pinned-2026-07-02,synthetic_jump_tail_c0_v0_3,C0,43,2,E1,24,24,sha256:3e372d862fc2eb35938aeed19a7ed6a25627f0967cd00c9480813bade65c8557,sha256:082034325703c4cefdfb80e00cc98995bee88e1253ff655858f40f880cac793d,sha256:18603f2e5a4837eafb3cb49903ecc9303c35305e21ddb42b599b8ed3a44e271c,sha256:8b54edc5d39d6429bc11b3da98257b9df94a1d5ddba52ed93dfb4d149b7e941f,1.0,ok
trellm-v0.3-iclr-protocol,sha256:29469e12c88de07eb7e17dddc76e74e420b22d5cf05fa3526e791bf93d36e75b,glm__glm_5__synthetic_jump_tail_c0_v0_3__c0__e1__seed_47__sample_0,glm,glm-5,api-pinned-2026-07-02,synthetic_jump_tail_c0_v0_3,C0,47,0,E1,24,24,sha256:46da0a151ce74a1dcee085d160fa5c95c0587f6d973da1a46884300f78e227f1,sha256:150c2ee3e622bd1a3adc96d33fcfbe1df214baf9829f383520006c9e925fe210,sha256:cacee3fd95474fc062cf0d66369f655b6c1f8b20d138962ab24f6c0225586c3a,sha256:c5d28c2d820a43d7df004b0056d4afc2a350250e520f62b35298d457e74629a9,1.0,ok
trellm-v0.3-iclr-protocol,sha256:a15e4db4d9265b1a431a6526235e7ba6a8230b4d5138a98480e03fa62afe2aa6,glm__glm_5__synthetic_jump_tail_c0_v0_3__c0__e1__seed_47__sample_1,glm,glm-5,api-pinned-2026-07-02,synthetic_jump_tail_c0_v0_3,C0,47,1,E1,24,24,sha256:5a8b3d0b3c70fcb6cccf17ff84751fa1e985231e2e2a99ca8fc98d35489c4654,sha256:851a8efcda9bc3eea084147587e1d2f533e654af8c5a5e74c0db1c9a1c84b0e9,sha256:5570b7e6edff0030c85c5f7fdf1bb811d82daa459d0d8b78cfd3540c53807ef5,sha256:f52a2bf8252aec94a93c55c2e530d3089f5e45e24e50d143994fea2297db3bbb,1.0,ok
trellm-v0.3-iclr-protocol,sha256:51fad867708a2fb3addc971e143193779d3a50851897c1e295489d1fc46a0cec,glm__glm_5__synthetic_jump_tail_c0_v0_3__c0__e1__seed_47__sample_2,glm,glm-5,api-pinned-2026-07-02,synthetic_jump_tail_c0_v0_3,C0,47,2,E1,24,24,sha256:93e793741dee52819864bdb92fbc6be9ffa83711f1a276db22ad996f9deb49ff,sha256:240680475862ce6df79a18295ae7fb5781828e0c21718b2321bb7130d2eaf72e,sha256:a28ebb8502de1a74a9bc69d247a507ed087d6f8d5c689643fe72f9b5600d200f,sha256:18a841c87fda9ab6ce47060cb9f6500200e1f6d3140fffa87bb84fa9ee88229b,1.0,ok
trellm-v0.3-iclr-protocol,sha256:d0a7642cbe7ace4c49b3b2df7e900fd936965f0fdceede42741cdc385b212cee,glm__glm_5__synthetic_jump_tail_c0_v0_3__c0__e1__seed_53__sample_0,glm,glm-5,api-pinned-2026-07-02,synthetic_jump_tail_c0_v0_3,C0,53,0,E1,24,24,sha256:40b90ba9e14f842aeab957d21e949242d773ebb28323127be756b318318d905e,sha256:372c52f8611ed3c071e325339060f3dea5fe944404c8c2c4cab8870fd319a686,sha256:3144ef862235a4666fd6bc7ca98e5700f2f1ac7b6d8d35ff71f56004c9350176,sha256:1c1157df949483cff8fe49e78ba81eba1a0120693d8102d8572b59d212c8100d,1.0,ok
trellm-v0.3-iclr-protocol,sha256:de023303ecd7ab6c535843e411c92af05b3c5ca2ce9340ceb2c8e464605a28e2,glm__glm_5__synthetic_jump_tail_c0_v0_3__c0__e1__seed_53__sample_1,glm,glm-5,api-pinned-2026-07-02,synthetic_jump_tail_c0_v0_3,C0,53,1,E1,24,24,sha256:992047e7f0551649492f92fbdfebce48719b78afb4d3a1e5f77d6a07d40e4281,sha256:c2ed3a82a68e060168cc0318bafe471be811c390c2bd3275b485413a0917952f,sha256:9b0e7a700a83559793fc998207cba5be4c237018f1499956b75260ffc1482315,sha256:f7cd2fd9142730c85e593a9e2b979a16a502be546cfde8f03319c8dc3a8ccfb4,1.0,ok
trellm-v0.3-iclr-protocol,sha256:7b29e709b1b8033002718ef94daf14380b17ec0e68b564ba78d776a239e91597,glm__glm_5__synthetic_jump_tail_c0_v0_3__c0__e1__seed_53__sample_2,glm,glm-5,api-pinned-2026-07-02,synthetic_jump_tail_c0_v0_3,C0,53,2,E1,24,24,sha256:76ff1936a15fe49da18d0651cd25d55443b3f03156ab6feae9f8730e38bbceb6,sha256:a8d2b915bd0d67ac25b1164c8cc7a46b6ec3b88a9f3245a4a4f1664704c020dd,sha256:d691a3878a0ece557ec74d1d77865f041acc75668f5060b276f7c091b2c1b6bf,sha256:676bf63dc03674683d4c76f2422c39911659380ba88b4d57736bb7858ed293c9,1.0,ok
trellm-v0.3-iclr-protocol,sha256:12d28966333f54b37c2e0a4601a451da124825ec8e54ff16d9ad73e6a2956355,glm__glm_5__synthetic_jump_tail_c0_v0_3__c0__e1__seed_7__sample_0,glm,glm-5,api-pinned-2026-07-02,synthetic_jump_tail_c0_v0_3,C0,7,0,E1,24,24,sha256:59671a25f5875da758983b2215bbe332e9c26cf599f0e608f1b36c24030d9d4d,sha256:169f41d08a997538cd2c004f932e8c5a6e90274e10a508baf7c1fc8e513505ba,sha256:315729eb045db9afd97d945aaf870d02b2745a8c1892f4cba09e04e107b1fed8,sha256:ea5a5ddba5f039b2da460da8a461139b2c4dd6c43f3132a90cece0e6a534103a,1.0,ok
trellm-v0.3-iclr-protocol,sha256:c807ae5419c97671c2fde2ba43f0492a14dbdd52209e2e857cf9c29038c63de1,glm__glm_5__synthetic_jump_tail_c0_v0_3__c0__e1__seed_7__sample_1,glm,glm-5,api-pinned-2026-07-02,synthetic_jump_tail_c0_v0_3,C0,7,1,E1,24,24,sha256:92f3f25ddd603db9230937673b2633871178cf0483f4e24af51aa2e5a19db6b0,sha256:3aa67211630f0f98465a0de7e9ea8a0fae1d31f1993e11b49846d10416f824eb,sha256:97f1d0ed4d3dab424ef0d6061a991f0e7ef51e3c62d64a04bfcfadbc583bb13e,sha256:10b976da49e5de41ebf9f1c929c07e20aa389f2d43840a42ef1cb176c4130edd,1.0,ok
trellm-v0.3-iclr-protocol,sha256:18ad16e21506df90a573c43daad7d891e081541ffdc6951a0218982a09a286af,glm__glm_5__synthetic_jump_tail_c0_v0_3__c0__e1__seed_7__sample_2,glm,glm-5,api-pinned-2026-07-02,synthetic_jump_tail_c0_v0_3,C0,7,2,E1,24,24,sha256:fb10998a13cbaefa003b1d4436baef818097d117e0c009c91e724fc13f0b369d,sha256:58306fa63ed582832eff1fb4f47ec5aab2f7924fe5c8076a1ba33cf5f881d7a1,sha256:69ab24771b3bba03309cb527eec8f94d11aca206a2d162680984d690a52632ad,sha256:ff081e6e00cdf9b8be31ab3e393c639611b54195a8664d11026d59a5940c2a1e,1.0,ok
trellm-v0.3-iclr-protocol,sha256:0cfe6bee91f6fc7b17aa09ec296c8fe8ec0d979ed456dc91d8cce9a92a446ad3,glm__glm_5_turbo__synthetic_calm_trend_c0_v0_3__c0__e0__seed_11__sample_0,glm,glm-5-turbo,api-pinned-2026-07-06,synthetic_calm_trend_c0_v0_3,C0,11,0,E0,24,24,sha256:aba39d8d52ffda4a91f4952fe12c238eeb53205424577909da2260d87f365465,sha256:00710de88ee516033cc93ae0173143121653daf1ab5c9e99f08e99d25d04c742,sha256:b10cf51dee3236ee5353254b07ffe5bd70f1a0c06bfcfc5167ff8d01c0a669b8,sha256:37e09cdd99a6c6ebcf6eda96ee2d6953d814d44538bdd5e0c8a2ac70d5eea431,1.0,ok
trellm-v0.3-iclr-protocol,sha256:fe23017925df9551b88ccec020e8d240bfd3cb969d20081218335f8ba507aba0,glm__glm_5_turbo__synthetic_calm_trend_c0_v0_3__c0__e0__seed_11__sample_1,glm,glm-5-turbo,api-pinned-2026-07-06,synthetic_calm_trend_c0_v0_3,C0,11,1,E0,24,24,sha256:639cb423069fb14aaafc87784f7a4b135371102e7a3aa90debc05ffe822b7f9a,sha256:00710de88ee516033cc93ae0173143121653daf1ab5c9e99f08e99d25d04c742,sha256:9af88bbb1a748c865dd6a2065eabcf9930c1a48947564dbffbdd89e710184c63,sha256:4e42ad9412572d3da223f6b21275df1b299c091357c43dee21aee3e3673cd57d,1.0,ok
trellm-v0.3-iclr-protocol,sha256:d49a3da31dcccca82b1346bf48c69333b863d6f36e26ad131df67eeda3e64441,glm__glm_5_turbo__synthetic_calm_trend_c0_v0_3__c0__e0__seed_11__sample_2,glm,glm-5-turbo,api-pinned-2026-07-06,synthetic_calm_trend_c0_v0_3,C0,11,2,E0,24,24,sha256:fede9e19368cab0e8bc378c737488a84c30514f8b1f39dcca6a5e155bd684fcc,sha256:52372cc34a46c504fbeab4f8361dfb23e753cd4c08d8661e12055f4828811178,sha256:aa4ae9d150695f18fa4c10edc3f4b6f08dbff911e2ae382b9d7127c0eab70430,sha256:8bba0f85ac5c6020824f9372cd6c3ac0159cb94f8d6ad43232a8ed120fa6a51d,1.0,ok
trellm-v0.3-iclr-protocol,sha256:26a25a41d99f98c6d70526c3ff920c8777d02cd833fbb50681bf7b7c660f624f,glm__glm_5_turbo__synthetic_calm_trend_c0_v0_3__c0__e0__seed_17__sample_0,glm,glm-5-turbo,api-pinned-2026-07-06,synthetic_calm_trend_c0_v0_3,C0,17,0,E0,24,24,sha256:a441b8a00752062d5c0634f4789f291c7892f527d189fb2acc4838c068adf3c6,sha256:0de0e6bf471b31be9d8cb00f0a3c2074ed7f1099cb959bc20a7e79e7887c654b,sha256:aa8dd5cf3971ba048d3678901e01554b90cfe250dcfcf0a1d3db69ea05c50e86,sha256:2b5ec5715b18f4cd2ce4cffcdb956dbd07aedbefafeb3f27a529cf984d014142,1.0,ok
trellm-v0.3-iclr-protocol,sha256:de8094c87dffbdd73f62241b85690f5e38d32b4f133be94d4085e6cc52472752,glm__glm_5_turbo__synthetic_calm_trend_c0_v0_3__c0__e0__seed_17__sample_1,glm,glm-5-turbo,api-pinned-2026-07-06,synthetic_calm_trend_c0_v0_3,C0,17,1,E0,24,24,sha256:fc7568c5b634fb5732ce0bdf6f18d2d02a04b90e00481aa627ca0453a0f0b059,sha256:1ed0c675608530f6b8d005bd6721a19f46b463aaf2ebc45be385666655345296,sha256:bdc184cad84a80f7ff815f3be3a7ba0b2e5456470fe015fe03d47b9077703297,sha256:8086f86911d80e3638f7698d6cbaca2292774194bcc57c7c0083ff1361b07342,1.0,ok
trellm-v0.3-iclr-protocol,sha256:5a7966adc4a517e5d0eb710173b128f31927d986f5445402f0b19b7ee9645ac0,glm__glm_5_turbo__synthetic_calm_trend_c0_v0_3__c0__e0__seed_17__sample_2,glm,glm-5-turbo,api-pinned-2026-07-06,synthetic_calm_trend_c0_v0_3,C0,17,2,E0,24,24,sha256:3d7c288c6f87962eaed23fa3b44c812e2b2bdd2193742600aa0961fbc3215b6b,sha256:372a6e54fb92ce4b025605cec7356a3b3454e3e82b4b4243685115ebe97537d4,sha256:44e43ac0c51c806310a37c9c90a7fac161ca67c8ccf53751f6cc16c8c4161535,sha256:0257d290db60c555603e93f70fb14618d45edfe853a5a04b3a7485fa058eeead,1.0,ok
trellm-v0.3-iclr-protocol,sha256:b759d5ccb807d2e74085d42ea0483f79f6358b65b9dc15b61d40937b99581f34,glm__glm_5_turbo__synthetic_calm_trend_c0_v0_3__c0__e0__seed_23__sample_0,glm,glm-5-turbo,api-pinned-2026-07-06,synthetic_calm_trend_c0_v0_3,C0,23,0,E0,24,24,sha256:22c757aadc466d85b7275161d143fa708fcf6af48efe6e1f12cd39b6d1924a16,sha256:69ac8a4df29c8ad7cd809ce7e49448f66d85b8cc3ce0f9a7c54b9a9fea386805,sha256:14978a50fd18d89469a4b0c39c4a4e51c236464a0e7d4d447a2991d59534f513,sha256:9758bc00cb5f5d76258fbe9e4d0d84ba980bd777a4986bfbd94358008d52bf74,1.0,ok
trellm-v0.3-iclr-protocol,sha256:6f06ab8911640955c72e3d5c48c4124f458ea46135838a769e75b60f19a35a39,glm__glm_5_turbo__synthetic_calm_trend_c0_v0_3__c0__e0__seed_23__sample_1,glm,glm-5-turbo,api-pinned-2026-07-06,synthetic_calm_trend_c0_v0_3,C0,23,1,E0,24,24,sha256:662190ec295bfd7f8371c1b7d05bc9e3408e176cf50551d7342e2b1e4d723df4,sha256:51f90ddc0699399c7d1eff3d5c5313db0d08f4dbeb098da4432d88638d322690,sha256:2d00961be45ad2c801f80dcb44cfe14b593ebc46fe2ee99278bdfa1d10fd4998,sha256:57149ef6702c49294dc1712abe54ddcc396beded8eaef81398a2a4e2c124d797,1.0,ok
trellm-v0.3-iclr-protocol,sha256:58814460c90d1ce69cb17d56b8843521482a9681d6496f459689b21f2b4a3953,glm__glm_5_turbo__synthetic_calm_trend_c0_v0_3__c0__e0__seed_23__sample_2,glm,glm-5-turbo,api-pinned-2026-07-06,synthetic_calm_trend_c0_v0_3,C0,23,2,E0,24,24,sha256:76f1209f416e698e449c0059898a9011ce09767ee9e4eebadc6d7a9b939c3ba2,sha256:ed1a572b30fbdff43881eea5ad027f63c07bfc83b2d3b28a8e16bc17f44f869f,sha256:9949905d163680e2c0f49371048db6513ad6121660808d748e8193e41f69fe29,sha256:1d404dc66311fdc8694daf1ce84f58ed084fbbbd78af9efe112f6a348a2dd9c0,1.0,ok
trellm-v0.3-iclr-protocol,sha256:6848fe12202208f3f76d2c5915c91832cae2c7c8b8ac4dd14362ca59cdf10b84,glm__glm_5_turbo__synthetic_calm_trend_c0_v0_3__c0__e0__seed_31__sample_0,glm,glm-5-turbo,api-pinned-2026-07-06,synthetic_calm_trend_c0_v0_3,C0,31,0,E0,24,24,sha256:9b7ee116941a78e635b1c38e5d4c259d8afc46f779f7c73e23d175a070b700f0,sha256:f5960ec28a26c520668107ff5220e69cc763587710357f74bf8c7b1eb79bac37,sha256:161dece7cfa4f66bd0d81ed59b3eb6ac9bc3234ea0d7f6315fc12707d89cb472,sha256:d7e1ba9f05e40c21b6e542b93dbe18de83f3feedf39b1d9e5885d87bb97ffb21,1.0,ok
trellm-v0.3-iclr-protocol,sha256:3d0b0c153da40496dbda51e6f5ded730744b1617540abdfae5b923bb982ff104,glm__glm_5_turbo__synthetic_calm_trend_c0_v0_3__c0__e0__seed_31__sample_1,glm,glm-5-turbo,api-pinned-2026-07-06,synthetic_calm_trend_c0_v0_3,C0,31,1,E0,24,24,sha256:e57b120fa6814836f0c92dfcdc5236d41e7554975fa1c8b4ee7ff1683b879267,sha256:f9da42481617da86aa0a469a6db79ab9978f86f1bed534bbc4e3873d9a3d7198,sha256:e57a5b6403f48e77672f5dcc892710bc292ff4a8a6c380ccbee7c00be5b4f18e,sha256:2c583b02a8285c284f68f457ce2ba9b15de8630efe6fcdeb5f809988913abd56,1.0,ok
trellm-v0.3-iclr-protocol,sha256:ec8b117face16aa30b5ae6936c1aaf102e319a49075ade1f8d21cf85a036918a,glm__glm_5_turbo__synthetic_calm_trend_c0_v0_3__c0__e0__seed_31__sample_2,glm,glm-5-turbo,api-pinned-2026-07-06,synthetic_calm_trend_c0_v0_3,C0,31,2,E0,24,24,sha256:822e69085810e08a1d74609871a6fb8fcc0443ec92d70d2b946cc3a0a6edff48,sha256:f5960ec28a26c520668107ff5220e69cc763587710357f74bf8c7b1eb79bac37,sha256:8982af0e5aff39e2a653250680f0aa401f3b2b8771776e2eea938078eb5a5a36,sha256:e1c7baac8762c82eadd08b9c4cff28b2e00f3996fbfa498ea8515c2ca32e3f70,1.0,ok
trellm-v0.3-iclr-protocol,sha256:6f455ee7c0a2c9bbf7ef632d3e2f9c0ee741ef390567f110cbbfbec8b54b9b6a,glm__glm_5_turbo__synthetic_calm_trend_c0_v0_3__c0__e0__seed_37__sample_0,glm,glm-5-turbo,api-pinned-2026-07-06,synthetic_calm_trend_c0_v0_3,C0,37,0,E0,24,24,sha256:e7c2d5cca014d266e702b4d2a476113d269e28b750b93376bdc838fd2752a006,sha256:550baf88847202c1103766f8bdf7303858173d2e5023b64e7526cfc07fb2b514,sha256:6c7f2be4e1cdbb1d7f2ca61949b29120e4eabd2d0f3d3fb97e48285d6fb96aee,sha256:57d02916d8730cf02a380a323c403a0943dce25e56771bad296dbce1b0512439,1.0,ok
trellm-v0.3-iclr-protocol,sha256:9a49675236bc64ca0927d07b83eaf387a68be67083303f3f64ca575d8bf690fc,glm__glm_5_turbo__synthetic_calm_trend_c0_v0_3__c0__e0__seed_37__sample_1,glm,glm-5-turbo,api-pinned-2026-07-06,synthetic_calm_trend_c0_v0_3,C0,37,1,E0,24,24,sha256:3c01c4bb90044eca7607b4eb66fa111066ddee0ad16c2e5104b8761d46cd7128,sha256:2719ee441c592f01f619202c10f30fee678fb7bbfded8269f0574cacf262266f,sha256:eaf786cbfcef5ff019afbe36258045553844e96376e88455273b498270638c70,sha256:73684af8d9cfdda8e1b49a4fd553e6a5d335f64a0c66f0329cb21b58f1de6706,1.0,ok
trellm-v0.3-iclr-protocol,sha256:ec90f9e44130639e4452da6b660f06f845d24c61534924d48d4c698fa117120e,glm__glm_5_turbo__synthetic_calm_trend_c0_v0_3__c0__e0__seed_37__sample_2,glm,glm-5-turbo,api-pinned-2026-07-06,synthetic_calm_trend_c0_v0_3,C0,37,2,E0,24,24,sha256:07437fd71a83280154a330875009bf689d75420b673bc4f86ed200f88da54bb2,sha256:e2833b581842b412f67a72b40421d4d83d482214b5a98997136f28c2107995e1,sha256:a9047f4501c2f27da839f33a1998389925615f1ad334f9fecae8981688888c4f,sha256:41722c15f790103c565d682df8f4d40b1a26832d0bf892f6b102b31a6851fe37,1.0,ok
trellm-v0.3-iclr-protocol,sha256:9e22a8e1dd577da72df5e71e66c930d6d8fca0dbb306cbd727993795d058503b,glm__glm_5_turbo__synthetic_calm_trend_c0_v0_3__c0__e0__seed_41__sample_0,glm,glm-5-turbo,api-pinned-2026-07-06,synthetic_calm_trend_c0_v0_3,C0,41,0,E0,24,24,sha256:b4ba3fcaa8f5fe9236621c4f107a6f657e02b65760934c428acbcfa87002b754,sha256:0b759125d641b13b94f0d9b02ce57ce64866e585c532e4952ef704417b3640b8,sha256:f6d53ac3d81cd0df7bccd074076d89b7082840033cbace4b83422a304f86083e,sha256:bb6bb89366162a650acdc8e7dd6772a8a9d1d903660b63ae78edc897f43d838d,1.0,ok
trellm-v0.3-iclr-protocol,sha256:1ceb07489be12d8385e6efa7616fa57144a7aa5fde369e71c05d0388d57e0826,glm__glm_5_turbo__synthetic_calm_trend_c0_v0_3__c0__e0__seed_41__sample_1,glm,glm-5-turbo,api-pinned-2026-07-06,synthetic_calm_trend_c0_v0_3,C0,41,1,E0,24,24,sha256:e7fbd7fa1e31216dd9df63dce38abbe40e44d3d71711c7e6a85b9fcc774d66ee,sha256:ba1832ab3e05850eca1e4ddb99767ca7664d3a36afc8e8f2b5b4c4930736ceb0,sha256:73e7a6f45ceb303da843333727a4b74ea7a703c10c54559981444e049932d64d,sha256:ac7e33a8b73314c27e2aecb4069de3dd8f95d4be534c6e5f934172e760db1ac8,1.0,ok
trellm-v0.3-iclr-protocol,sha256:082d7d8c462ce68e3d3ddb72dbc929b1d08861b4160ec4450fe6fc7a81d54f55,glm__glm_5_turbo__synthetic_calm_trend_c0_v0_3__c0__e0__seed_41__sample_2,glm,glm-5-turbo,api-pinned-2026-07-06,synthetic_calm_trend_c0_v0_3,C0,41,2,E0,24,24,sha256:b50130a3edeb53c2bb4dad0a1d3e122afe30687b07d0695df16ccf9ce6a048e0,sha256:7afb504b26ca882a4234ed4a333d34e3f22fa24f8b43e62f4b80301ab3947392,sha256:ccfe5c188257fa436e80ac1bb436c2ab0d1c21e5e04921e157b80c4af2d300b5,sha256:d0525ea6c5f519a7fe2cea2cf638707e5e689eb572ad1a7b81964529d9bbd124,1.0,ok
trellm-v0.3-iclr-protocol,sha256:672c6e321465d9ee475dd34b279a90b1315094b9318ec995688827c42b29ef6f,glm__glm_5_turbo__synthetic_calm_trend_c0_v0_3__c0__e0__seed_43__sample_0,glm,glm-5-turbo,api-pinned-2026-07-06,synthetic_calm_trend_c0_v0_3,C0,43,0,E0,24,24,sha256:b517d3c804ac623fcd67bba6c1cbec7c1107ffba56fffa8d86ee2b123ad1630c,sha256:5d85e4a6810660d2bf3939be4d7e32dcc3c24997b76878d67351267862cb14f9,sha256:71788c10d748a2cc4cbdde1010d8df3a97e59a17da383aabd039a58f6c66841a,sha256:a1cc315b7773d1bcee55e89903d0c9cb0a0472c0967afd6db347aaae69824e19,1.0,ok
trellm-v0.3-iclr-protocol,sha256:b8cab61b94d1256ecca516160974ac77ca9fab290c96527ec8ed548bdabf99f2,glm__glm_5_turbo__synthetic_calm_trend_c0_v0_3__c0__e0__seed_43__sample_1,glm,glm-5-turbo,api-pinned-2026-07-06,synthetic_calm_trend_c0_v0_3,C0,43,1,E0,24,24,sha256:55944b6c109684264bd9a9bf19ac72a4ee9e1d67be26bb0fb600c0c6e8e29cfc,sha256:779cf6108d8073789c2073b04f3c0fbccb5b03fb54a64dd0edb583a9f6997854,sha256:f230ed5c19717ede10db675975bfeee0444d12cea468251b8cac390fbd18bd5e,sha256:a11451184eba594020b58fc4d7cf19f44070e0752436cfbcd97809e6fd91dadb,1.0,ok
trellm-v0.3-iclr-protocol,sha256:c3ea5bff0ff32642f5d50df1e52554a31286b370923b6e9be39dce0c0195342a,glm__glm_5_turbo__synthetic_calm_trend_c0_v0_3__c0__e0__seed_43__sample_2,glm,glm-5-turbo,api-pinned-2026-07-06,synthetic_calm_trend_c0_v0_3,C0,43,2,E0,24,24,sha256:7cca7aca284954adf492e830fb1f05bab72de0d235383c555896e0853a3c4593,sha256:6489665dcb4f5c4a7e714fc1a477b6baf10db6affdc8289865478e68233a3b5e,sha256:f6f7ddc5e7c4d69f17b5470509129ed592268df6b43d68e3cf4bbf6a95e5831c,sha256:bff6e6e9fb9bb126349862988d8adba75c183482eadff6670e3ffefc58ec0d13,1.0,ok
trellm-v0.3-iclr-protocol,sha256:f3c58a5de129209b03079e70d976200e9e2e13e55b64c611c037bb838b21cd24,glm__glm_5_turbo__synthetic_calm_trend_c0_v0_3__c0__e0__seed_47__sample_0,glm,glm-5-turbo,api-pinned-2026-07-06,synthetic_calm_trend_c0_v0_3,C0,47,0,E0,24,24,sha256:79f49a44df89470f040f900e93f0355ccbbe8bee278f00cb5c8ec9817f1f0e54,sha256:fd6bd8b1c6083fd7eb8ede02465c675c9b1dfb9c50382c8a8db8370c22de920c,sha256:dfb9bb32270e8a8f2ff239ee3204297dd4b105e097cac90ec8f6927691df780e,sha256:70029dd5923f729a859c672a334335ac9284ebe13ba861445f7533289fedc097,1.0,ok
trellm-v0.3-iclr-protocol,sha256:9248387840d783eca7a0f0db199da9aea87d2521c701d1201289930c81d7d62c,glm__glm_5_turbo__synthetic_calm_trend_c0_v0_3__c0__e0__seed_47__sample_1,glm,glm-5-turbo,api-pinned-2026-07-06,synthetic_calm_trend_c0_v0_3,C0,47,1,E0,24,24,sha256:18f420c3cfac56411c30fcc5c33a33abca6a3ad142d9fb8bc0cd53216fcc163b,sha256:92560685ae744a4f7d7a1c5278edeb5941bc1698e40d3f7b1c0d1b3a3d427aaa,sha256:234ec9b33b4658b614762dfb1f11237ec152c461ab7523e2de3e78bf2d1f9ef0,sha256:425ba1344a310932963a1733ee4e364b8c30a68a9fcd5ff674b9955c22a4297c,1.0,ok
trellm-v0.3-iclr-protocol,sha256:ee93ace0fda35b5c60c49e51c428cff16776c34c19bafb2518d20dbfad6acead,glm__glm_5_turbo__synthetic_calm_trend_c0_v0_3__c0__e0__seed_47__sample_2,glm,glm-5-turbo,api-pinned-2026-07-06,synthetic_calm_trend_c0_v0_3,C0,47,2,E0,24,24,sha256:e9c74c27ca0f72c5282e8cfd8046295ae4801ae7331e1413a44dd3efd13c4cd0,sha256:90479c1bc21b069e66379a220c01d2240ce8f63a4683c444065df5710fd423b6,sha256:fc463cbc021f126d203441657542640072a1054ce38893c11abb0de50370cb87,sha256:ddb3b5efb1a2a517a349b3bebe00c7dcf867a882cfea99ece05678290eac1a6b,1.0,ok
trellm-v0.3-iclr-protocol,sha256:32fa4f8b012c62bf3117152f1634775eb38478ceac58eb04116af5284761454d,glm__glm_5_turbo__synthetic_calm_trend_c0_v0_3__c0__e0__seed_53__sample_0,glm,glm-5-turbo,api-pinned-2026-07-06,synthetic_calm_trend_c0_v0_3,C0,53,0,E0,24,24,sha256:892c8889249b57361636676506cdcf34b07a0258c59e9e7a0ec5d261ec8e6e7b,sha256:2184114c74670bc9e0f27ffdee3004f612e8fb7be8a25195ebb898e6f3a3cb4a,sha256:7a58e8cd4058e82d596f912e6c6f2ddd7783032a9f76cf6f53aba5dae5c3b668,sha256:ec7258800ad594e72cd50923f0c7f911fd075d52fb8f8a2879f2b5af71138f41,1.0,ok
trellm-v0.3-iclr-protocol,sha256:dc7e32865d7808262bc3cf47bb844a1798496d39f8c716b2f3b6e123c41b8955,glm__glm_5_turbo__synthetic_calm_trend_c0_v0_3__c0__e0__seed_53__sample_1,glm,glm-5-turbo,api-pinned-2026-07-06,synthetic_calm_trend_c0_v0_3,C0,53,1,E0,24,24,sha256:6e431fb1cc8e152b350ec546284b46279b151f1bcbe2f1b13acc9f505e7e2bac,sha256:e7fba8e3f91f764ef907e906156ecbd429af0f574362460e5cb9bbf6a9d8fcf4,sha256:d3b040739f2ad99f473775e8eb73d4d06821d19b2f8f589f1d7d856374614ea7,sha256:f2c0c16419f03d811be1a0a0104513006a27c1c32acc23cfb49f5a7182a39957,1.0,ok
trellm-v0.3-iclr-protocol,sha256:f1a64acb344cd22462be6a15487e0cc5f7c54e9da95039c47579a0d128545ab4,glm__glm_5_turbo__synthetic_calm_trend_c0_v0_3__c0__e0__seed_53__sample_2,glm,glm-5-turbo,api-pinned-2026-07-06,synthetic_calm_trend_c0_v0_3,C0,53,2,E0,24,24,sha256:cb1feccca361bfa837366ca6717eccc4d00acbf0b996c2e4a91f84c5ba420d7a,sha256:9b965e6655bf6072e67b19458cdbf61392f6226c032552b7e2112d4fef66fee4,sha256:3ece80ea82cc956712a4bda4531e6ea46dd5bf022d520362f305fbe00eeb9729,sha256:9a056b2a79d082af3fa0f54b50aab2b85d9143d43843505d55032f8e2cb3a53f,1.0,ok
trellm-v0.3-iclr-protocol,sha256:0042596e5e231901175925c2ec9828d4de9149b4e51f3b25bdd7ab60e9158813,glm__glm_5_turbo__synthetic_calm_trend_c0_v0_3__c0__e0__seed_7__sample_0,glm,glm-5-turbo,api-pinned-2026-07-06,synthetic_calm_trend_c0_v0_3,C0,7,0,E0,24,24,sha256:171a990bfc044d3eb7650a9d26288c26e3626aacf62aaaeff2d52d4e7de0aa1f,sha256:e2a0001dbc9cb12b7ec77fde1315413f79e627c53b7d730897321689817fb44a,sha256:ab6c536d2ddc55136eef95d51fabb46940433b70f33dd2f60267f274d7bde78d,sha256:73704c90f9d501f64386a7671a87b5728ceda84bd65d26e32c8202e79197ce34,1.0,ok
trellm-v0.3-iclr-protocol,sha256:1e03218efc1a65fecee74db5f5298e7c960aeb02822b7fe7c1792ce7c9b55810,glm__glm_5_turbo__synthetic_calm_trend_c0_v0_3__c0__e0__seed_7__sample_1,glm,glm-5-turbo,api-pinned-2026-07-06,synthetic_calm_trend_c0_v0_3,C0,7,1,E0,24,24,sha256:ba16d9f26b54d1f952349ce856a10a51bdaa9104e1e9cc86f2a4c80db6fac990,sha256:15d0fadf5792b4a8c7657c4e0240fa68c95136b89f28cd6c55bac609fe8fac61,sha256:4e74e0830b3afde97b0041e440f050e1a75310bd0c1d1867a60f35dddd7a2d34,sha256:73ae26c0b3e71e2d615324345544333ff404fe1c75dcffc5b5fe46161063f718,1.0,ok
trellm-v0.3-iclr-protocol,sha256:44db39cf39c4a39530f24e005889432d30fda5a5fbffbe1ecd196f71f855861f,glm__glm_5_turbo__synthetic_calm_trend_c0_v0_3__c0__e0__seed_7__sample_2,glm,glm-5-turbo,api-pinned-2026-07-06,synthetic_calm_trend_c0_v0_3,C0,7,2,E0,24,24,sha256:b6baf8fe7d499bbf8ce745e1b23eaa3aa1ef9262213213a1537e2be080398846,sha256:15d0fadf5792b4a8c7657c4e0240fa68c95136b89f28cd6c55bac609fe8fac61,sha256:49beb456936ab9884ca19150534e1c1dc773e623713639ef85fb5472abe7f981,sha256:8005e02c9d481d0932dd84a616947465b0f1bbba6d4ebbb32bdc1430db01531f,1.0,ok
trellm-v0.3-iclr-protocol,sha256:0cfe6bee91f6fc7b17aa09ec296c8fe8ec0d979ed456dc91d8cce9a92a446ad3,glm__glm_5_turbo__synthetic_calm_trend_c0_v0_3__c0__e1__seed_11__sample_0,glm,glm-5-turbo,api-pinned-2026-07-06,synthetic_calm_trend_c0_v0_3,C0,11,0,E1,24,24,sha256:50cae2d405e2036f7cea84a63385c85da082dffb8b791d153f21f922c7421791,sha256:9e60a9cbb1ba63420c0c1e54751cc04babf82ff03823ec27e505d44af4c403e4,sha256:7c7783d41abbc3e664e6759d812344fdabc8910fb444fb8a4b3832ebd1543437,sha256:986854ea75c0a42610c1e3e77f953d4655db77873f88ce0516dafba9fa3b7efa,1.0,ok
trellm-v0.3-iclr-protocol,sha256:fe23017925df9551b88ccec020e8d240bfd3cb969d20081218335f8ba507aba0,glm__glm_5_turbo__synthetic_calm_trend_c0_v0_3__c0__e1__seed_11__sample_1,glm,glm-5-turbo,api-pinned-2026-07-06,synthetic_calm_trend_c0_v0_3,C0,11,1,E1,24,24,sha256:23f18723dfb20f1fc044dde7421b90d32b82570188c5f2a9cfc60aa367d6f9a6,sha256:73535ed27a37ea9ec5bbdbd5cd750c36b29163ae322f337085768ec6e34f315a,sha256:be20935a8b79edccf6383c971ab47d736fcfac3eb0d4a4867cbabf8683dd4a9f,sha256:36095bc8096b9d0a75d6e9f0b86ed2df589afe4422fa7ef1fc1023cfe306cf39,1.0,ok
trellm-v0.3-iclr-protocol,sha256:d49a3da31dcccca82b1346bf48c69333b863d6f36e26ad131df67eeda3e64441,glm__glm_5_turbo__synthetic_calm_trend_c0_v0_3__c0__e1__seed_11__sample_2,glm,glm-5-turbo,api-pinned-2026-07-06,synthetic_calm_trend_c0_v0_3,C0,11,2,E1,24,24,sha256:801689aea20481017f5a1199c6c23073a01425bbe626c33443b819c209ed303c,sha256:5c876a4e2646050fbfcc1da4cd6017f1c540c5c376e4daabd807db3db2a96d2a,sha256:b8de33f234de19dbcdf3d4a11ed6760ee3edc0bf15a343557369ef6c44c48843,sha256:e792e117a14d1418870a9b0e8717322500525ef31a396259df75b57edabae8c7,1.0,ok
trellm-v0.3-iclr-protocol,sha256:26a25a41d99f98c6d70526c3ff920c8777d02cd833fbb50681bf7b7c660f624f,glm__glm_5_turbo__synthetic_calm_trend_c0_v0_3__c0__e1__seed_17__sample_0,glm,glm-5-turbo,api-pinned-2026-07-06,synthetic_calm_trend_c0_v0_3,C0,17,0,E1,24,24,sha256:3ed1bfb4bd0ac20a300f020aa45e353f6e936680c89f3b593441c010428dd0c5,sha256:6f59c8471c2d825a7bb27c34c4d9df872f2edf339d8dbf133005650e498fc1e3,sha256:b3b25f0a89cc9b5b74f76a473970f5bb2fe6bbf8f603342b7123567111be7654,sha256:1c3fd542b9fef2f5a86746d16a174af867fa6681978f05fb43f43ce3169edb49,1.0,ok
trellm-v0.3-iclr-protocol,sha256:de8094c87dffbdd73f62241b85690f5e38d32b4f133be94d4085e6cc52472752,glm__glm_5_turbo__synthetic_calm_trend_c0_v0_3__c0__e1__seed_17__sample_1,glm,glm-5-turbo,api-pinned-2026-07-06,synthetic_calm_trend_c0_v0_3,C0,17,1,E1,24,24,sha256:047c4de2daf6fb865a71dd66f816923420be2104ed89c27e148d920c5f4b3e47,sha256:8be3e5f053e336a18995b66a5d86111019baff925d43bd14b856de5afb8ff801,sha256:ad11cf38278ec5b0daac3b11b6e6237571ad0898ae8ba28dbe0d80105143d4eb,sha256:3848d020eb2538d1fb1526ff7ab0cd68a79b3172222ae60f0e039d1fdeef4db6,1.0,ok
trellm-v0.3-iclr-protocol,sha256:5a7966adc4a517e5d0eb710173b128f31927d986f5445402f0b19b7ee9645ac0,glm__glm_5_turbo__synthetic_calm_trend_c0_v0_3__c0__e1__seed_17__sample_2,glm,glm-5-turbo,api-pinned-2026-07-06,synthetic_calm_trend_c0_v0_3,C0,17,2,E1,24,24,sha256:ce1f7c6ccd5a09398fd8b40eb16b56cb97633cf8ad66b6eeffd2e02bb6ffb39d,sha256:225b4e82b1f1c763a7d5af61fb01a3e5b15185c8c7a37959400e700f9e60cff8,sha256:5b7648562b1c7fb12b2e45eacb3970ad75565231ab8e4366b970b06c7324edba,sha256:bd06b8e480006c4b0c8716b773e47245a414d567b3aef2f7dec5a27c3ea9523e,1.0,ok
trellm-v0.3-iclr-protocol,sha256:b759d5ccb807d2e74085d42ea0483f79f6358b65b9dc15b61d40937b99581f34,glm__glm_5_turbo__synthetic_calm_trend_c0_v0_3__c0__e1__seed_23__sample_0,glm,glm-5-turbo,api-pinned-2026-07-06,synthetic_calm_trend_c0_v0_3,C0,23,0,E1,24,24,sha256:48aed35fe7a5430c7d9be04350ca077c3982875567d4dbcec96794dfeea0a259,sha256:0ef64c43b8b91241653e5e79d7d8356916bc672a1372247f8db1207717dd361c,sha256:d27666995b1409f9e3e768d055605e0f24e4e409ed7f8ff09d4de6f8932986fb,sha256:9147188fcd84c230412a0f47c45482582aeb1e674413f8dfebaaa8b76a2eb357,1.0,ok
trellm-v0.3-iclr-protocol,sha256:6f06ab8911640955c72e3d5c48c4124f458ea46135838a769e75b60f19a35a39,glm__glm_5_turbo__synthetic_calm_trend_c0_v0_3__c0__e1__seed_23__sample_1,glm,glm-5-turbo,api-pinned-2026-07-06,synthetic_calm_trend_c0_v0_3,C0,23,1,E1,24,24,sha256:0444d884e6a2dffb7a793e8c2e5a3cee4ac8861accd1b48bb7b284cf01cadcfe,sha256:bd6fb04294256ab0a1b423e45459fa2240f22d2f45e8a813fbd471c77f16225d,sha256:25c46fe409b886ad9ad15db61e8b962b9b26488b760d826feed9ff9d366e4a76,sha256:6d444e7fae34b92b14e5b648e21f3a1b0006b34138901ccecd4095df50e0b71e,1.0,ok
trellm-v0.3-iclr-protocol,sha256:58814460c90d1ce69cb17d56b8843521482a9681d6496f459689b21f2b4a3953,glm__glm_5_turbo__synthetic_calm_trend_c0_v0_3__c0__e1__seed_23__sample_2,glm,glm-5-turbo,api-pinned-2026-07-06,synthetic_calm_trend_c0_v0_3,C0,23,2,E1,24,24,sha256:6e8d04fe460cd0c931f42b2d3d51ef6def13832e6f076505eb597fd92b1f74d4,sha256:2d16422f8d59d0749b5253ddcaddafa3c8f60340ce5b85fa3c0b1473a134cead,sha256:e066df269932e919e49cd46ba39e6fefcd4eaa16597a3d496458898821963803,sha256:86f7e9c03eae7705e4d7e83bc53d79b4dd6e43720312e7d2f7adb69f52b61175,1.0,ok
trellm-v0.3-iclr-protocol,sha256:6848fe12202208f3f76d2c5915c91832cae2c7c8b8ac4dd14362ca59cdf10b84,glm__glm_5_turbo__synthetic_calm_trend_c0_v0_3__c0__e1__seed_31__sample_0,glm,glm-5-turbo,api-pinned-2026-07-06,synthetic_calm_trend_c0_v0_3,C0,31,0,E1,24,24,sha256:858f1125863d6f158c4f776874dd552321caca8da17cd596140bd9792a785723,sha256:2db9f551e5d362f6a04ea0c5af8b5e3049777270e19759ca5a3d786c5ea90fe3,sha256:0dc5a88e84d5e25ac004372538167d1b306a6e0ea8212093b50b01251111d27e,sha256:3a22a4ad7c7bb244d0be517a36c9bd8a8edcb145839c0f5a409662a0e5a91e88,1.0,ok
trellm-v0.3-iclr-protocol,sha256:3d0b0c153da40496dbda51e6f5ded730744b1617540abdfae5b923bb982ff104,glm__glm_5_turbo__synthetic_calm_trend_c0_v0_3__c0__e1__seed_31__sample_1,glm,glm-5-turbo,api-pinned-2026-07-06,synthetic_calm_trend_c0_v0_3,C0,31,1,E1,24,24,sha256:9cd4f4d44400670f45b9f32adf4dadf5eae61ea4498344835482f0b1d80bdaf3,sha256:d8280d5e34847898c44aa682275d25c88f98346e13695ef63a42b2587d353e4d,sha256:f13dc032b332434ee42f529de29043cb455c501489297e58ab26100206393e7e,sha256:f48e2f80afaf6405841c998f6e5d16a4304313f1bc23025466ebb6d9283ab1ff,1.0,ok
trellm-v0.3-iclr-protocol,sha256:ec8b117face16aa30b5ae6936c1aaf102e319a49075ade1f8d21cf85a036918a,glm__glm_5_turbo__synthetic_calm_trend_c0_v0_3__c0__e1__seed_31__sample_2,glm,glm-5-turbo,api-pinned-2026-07-06,synthetic_calm_trend_c0_v0_3,C0,31,2,E1,24,24,sha256:f97b06ccba105665993f662e3215df0536c6df9103e66947e7811ca31ec86ce4,sha256:74f257ae12b0038f01d82d4e9938443c52b05c21b902ba43d57516362b745c43,sha256:8f636631a8b6e6e3f52a7c8db7517aea3589910035e65d5deba805933610cd75,sha256:1d552b226dcf64f10cd5d7568e112e4f4123bdaf765692b8b7034f801b8767a9,1.0,ok
trellm-v0.3-iclr-protocol,sha256:6f455ee7c0a2c9bbf7ef632d3e2f9c0ee741ef390567f110cbbfbec8b54b9b6a,glm__glm_5_turbo__synthetic_calm_trend_c0_v0_3__c0__e1__seed_37__sample_0,glm,glm-5-turbo,api-pinned-2026-07-06,synthetic_calm_trend_c0_v0_3,C0,37,0,E1,24,24,sha256:a5d311bd0b5204290d3aba219d1446c3c428e62c8002a9350a79d49f7243da52,sha256:16af81d5cce9aa59e3b6e224f6ea57ba153f73bab5182ccf059e43bb7cfd6c5e,sha256:1ed4437e2ab9b201b8a5fa0a42185044e98d26ded1b5d9c445ce2f9a176117d9,sha256:5a2f538b15d5cd1028a81216efbceae2a7475afea5651272ea1160881afd68d9,1.0,ok
trellm-v0.3-iclr-protocol,sha256:9a49675236bc64ca0927d07b83eaf387a68be67083303f3f64ca575d8bf690fc,glm__glm_5_turbo__synthetic_calm_trend_c0_v0_3__c0__e1__seed_37__sample_1,glm,glm-5-turbo,api-pinned-2026-07-06,synthetic_calm_trend_c0_v0_3,C0,37,1,E1,24,24,sha256:53d9edfb5eaa79c6c48443543c747a9042bdafd53000e9708c8fd06052c86fcb,sha256:55a7e0d78bbddf84bf96235ca96f3f5a45a52a311f83f92fd5ce2f7fff2ec3d1,sha256:c05f5d3c10b0c99cedca02c5bfdb7dd6ea24bf5c9abc90a39867374ada502f4b,sha256:b503d90074dfc53471205b6b516bb349f943aaa75c8b66feedf766fef230fdb9,1.0,ok
trellm-v0.3-iclr-protocol,sha256:ec90f9e44130639e4452da6b660f06f845d24c61534924d48d4c698fa117120e,glm__glm_5_turbo__synthetic_calm_trend_c0_v0_3__c0__e1__seed_37__sample_2,glm,glm-5-turbo,api-pinned-2026-07-06,synthetic_calm_trend_c0_v0_3,C0,37,2,E1,24,24,sha256:f87111e29d5c9ee419b5cb0e25a9729a7d53872d5ec1f5cf020d16de304b1265,sha256:ca3ace63d6ea5dc3122deda55bdebcd08e102726f94567875f7e60e6be9e9bee,sha256:254f9341255fca401f4f58c3d49acb084d341e96d8c612ed1156854a5713730f,sha256:22501845eadbe6e82d04e6a7889d98242740ca36ee94fd515a6913ef750653d7,1.0,ok
trellm-v0.3-iclr-protocol,sha256:9e22a8e1dd577da72df5e71e66c930d6d8fca0dbb306cbd727993795d058503b,glm__glm_5_turbo__synthetic_calm_trend_c0_v0_3__c0__e1__seed_41__sample_0,glm,glm-5-turbo,api-pinned-2026-07-06,synthetic_calm_trend_c0_v0_3,C0,41,0,E1,24,24,sha256:999791cd33a24cbd53bc394fb7a88c9b5b566082f9a1d4c0dacbb8de5f4b6eed,sha256:51df07d5c145d8c68ec5c6b00be59c480df9cd505887945ddc2baf87203e728f,sha256:382bb6322c41e3f67e859813a6fcf0459d4bce1bb5de6dd994c31d73908f3c6b,sha256:d49079ccc31fc75c8c6dcd038c958a5686ad2cd324896beb8cf206a26e5cf17f,1.0,ok
trellm-v0.3-iclr-protocol,sha256:1ceb07489be12d8385e6efa7616fa57144a7aa5fde369e71c05d0388d57e0826,glm__glm_5_turbo__synthetic_calm_trend_c0_v0_3__c0__e1__seed_41__sample_1,glm,glm-5-turbo,api-pinned-2026-07-06,synthetic_calm_trend_c0_v0_3,C0,41,1,E1,24,24,sha256:d109850d046a03a41cb2303c91a372582ef42d0be085cf4d99ab5f50cc47abb6,sha256:f023bf59e781e341aa08496cdffe559c45004690eeb63b60c2cbdd8e3a9013c1,sha256:7d934a903e0cee29d0585f42e679a44d779c38bca3a8db83064ba9d61d297aab,sha256:a6798584b1d94ed4a1983710caf20297ffe17b203ab28d4cdfa6b5654fe1ea87,1.0,ok
trellm-v0.3-iclr-protocol,sha256:082d7d8c462ce68e3d3ddb72dbc929b1d08861b4160ec4450fe6fc7a81d54f55,glm__glm_5_turbo__synthetic_calm_trend_c0_v0_3__c0__e1__seed_41__sample_2,glm,glm-5-turbo,api-pinned-2026-07-06,synthetic_calm_trend_c0_v0_3,C0,41,2,E1,24,24,sha256:421538bfef65041bdddbe4a88946d83f3a6a525176b7434690100435ac81ae3c,sha256:6c7d9f8448b4c2d216c6b7d5e832483c7ca1f542585002e65cf2afbc42c21c9a,sha256:919d8a47381fdbe95a65f33b6122ee540c0adc6f776ebacce8b6f1fc6bed770d,sha256:c91802d17902ecb9e15b15f80c9fad9ccce3ac6c765c54f4f77457e0807d7531,1.0,ok
trellm-v0.3-iclr-protocol,sha256:672c6e321465d9ee475dd34b279a90b1315094b9318ec995688827c42b29ef6f,glm__glm_5_turbo__synthetic_calm_trend_c0_v0_3__c0__e1__seed_43__sample_0,glm,glm-5-turbo,api-pinned-2026-07-06,synthetic_calm_trend_c0_v0_3,C0,43,0,E1,24,24,sha256:7f9ac64312535b1f68ba0b603c0b9315a6e2ce7869b24996428d516455559b55,sha256:89a1200f560369e4e9f014d8463e41eccd43b2a7ba84bdf9c44442e544c34f5b,sha256:3f2d7f5c82310db18631c4f74ed279c2ef17db104e3e4dd228902c4aea2dde30,sha256:3a63d806ce109ee2e204accee8c33de630b64ea9dd0149df423a10d4e342575c,1.0,ok
trellm-v0.3-iclr-protocol,sha256:b8cab61b94d1256ecca516160974ac77ca9fab290c96527ec8ed548bdabf99f2,glm__glm_5_turbo__synthetic_calm_trend_c0_v0_3__c0__e1__seed_43__sample_1,glm,glm-5-turbo,api-pinned-2026-07-06,synthetic_calm_trend_c0_v0_3,C0,43,1,E1,24,24,sha256:f82ed479ca8816ae7d7a438a018fe8e310de547e65bf73655282210cd2db93f1,sha256:5d8d98f37e4784b736e78e10cf6fe61ae00e0695dd4a7f3793a89cdd4e67be58,sha256:02f50585abb70ec12e903f475a018dae34bb2d36dbabc754c26416457eea6650,sha256:3033ea7ca2ddc738818ed536adaced66a524d8ae48fa780c6209122700b5e681,1.0,ok
trellm-v0.3-iclr-protocol,sha256:c3ea5bff0ff32642f5d50df1e52554a31286b370923b6e9be39dce0c0195342a,glm__glm_5_turbo__synthetic_calm_trend_c0_v0_3__c0__e1__seed_43__sample_2,glm,glm-5-turbo,api-pinned-2026-07-06,synthetic_calm_trend_c0_v0_3,C0,43,2,E1,24,24,sha256:4ca8e191c3413caf956c15e0b931d3d29eafa6ec3070b41cf876fcf4f01afcaf,sha256:b4643e3a8011adec4be83a67001d77c124b5487b3fe4def44e4d3bf9df57e359,sha256:b9dcb2610d90c111e3f03858176204c717cbceb120a33d35494a368560035854,sha256:5a11da54a7efa884fdb1ce8e972eac965b9b515b34315be47d2b238882a5339d,1.0,ok
trellm-v0.3-iclr-protocol,sha256:f3c58a5de129209b03079e70d976200e9e2e13e55b64c611c037bb838b21cd24,glm__glm_5_turbo__synthetic_calm_trend_c0_v0_3__c0__e1__seed_47__sample_0,glm,glm-5-turbo,api-pinned-2026-07-06,synthetic_calm_trend_c0_v0_3,C0,47,0,E1,24,24,sha256:0b15f97d1ef815ce627f7ecb4c49b0bcf8e85839c9d496eb39b892e33e73a26a,sha256:3e13ecb0669b6db4638e087bc6a778f3494ea9c7d4748d585ee343f19a20aa1e,sha256:cd60159a1efb1b93483886c93f8953b15943083ce1b2a0fceed0c86701d73e37,sha256:c5faef90d3822a81562eee82c8420bf8bfe1b32cbde9a3244a584caa1061a789,1.0,ok
trellm-v0.3-iclr-protocol,sha256:9248387840d783eca7a0f0db199da9aea87d2521c701d1201289930c81d7d62c,glm__glm_5_turbo__synthetic_calm_trend_c0_v0_3__c0__e1__seed_47__sample_1,glm,glm-5-turbo,api-pinned-2026-07-06,synthetic_calm_trend_c0_v0_3,C0,47,1,E1,24,24,sha256:f3b7e40f4c40de50aa4334a60eb5a7dfa6186734c0b60dadf37a0531ea108b1a,sha256:2d13c0d8aa7e58e8b05254bb03e0db46416693a967140f5e93fe93f10d106fc7,sha256:2ce8f8fc7a9569c2cb661471f0203b10822a5fc858b281abc37c7f271d73c7f5,sha256:fbdf499b4f8ed38a3387884fe992b7f946dc87c2442f2272685724ec996d415b,1.0,ok
trellm-v0.3-iclr-protocol,sha256:ee93ace0fda35b5c60c49e51c428cff16776c34c19bafb2518d20dbfad6acead,glm__glm_5_turbo__synthetic_calm_trend_c0_v0_3__c0__e1__seed_47__sample_2,glm,glm-5-turbo,api-pinned-2026-07-06,synthetic_calm_trend_c0_v0_3,C0,47,2,E1,24,24,sha256:ba014bbecfc17cfde4959d318392f3207e9246d153a0784b82fb061ffd5a84a5,sha256:aa7f21988604d5102f902fb8f7f1300e36f8e3214d5866033a6e4da0956b1a6a,sha256:2a11833b8ee9df72875d22698753fd206a420564a3067813ba1fc744e0dfd122,sha256:c26ed0b026b6cbac74d9bf1c6468ef668c8a95e31e54b9d6ec3dcbe018b32ba2,1.0,ok
trellm-v0.3-iclr-protocol,sha256:32fa4f8b012c62bf3117152f1634775eb38478ceac58eb04116af5284761454d,glm__glm_5_turbo__synthetic_calm_trend_c0_v0_3__c0__e1__seed_53__sample_0,glm,glm-5-turbo,api-pinned-2026-07-06,synthetic_calm_trend_c0_v0_3,C0,53,0,E1,24,24,sha256:5183aaddf419c67f646df3afa6fd16268ffb271bab14a952967d3b1799926d65,sha256:ff0996e2718f1ca642df2e985a3b26dfeeb4671e0d562261916dd2c034dd4885,sha256:aa2674c6783a03ee6e3cac95a709b80ffb47365d0328e46a0c00e3c8312bbfae,sha256:aa77523e2b28872136e07655fc01a728fab021f42f161076dc869845ff87fc82,1.0,ok
trellm-v0.3-iclr-protocol,sha256:dc7e32865d7808262bc3cf47bb844a1798496d39f8c716b2f3b6e123c41b8955,glm__glm_5_turbo__synthetic_calm_trend_c0_v0_3__c0__e1__seed_53__sample_1,glm,glm-5-turbo,api-pinned-2026-07-06,synthetic_calm_trend_c0_v0_3,C0,53,1,E1,24,24,sha256:65821a60ee551f5f900dc2debe746e41c6fc16b06c1e2c08022c1d8a0cc9d390,sha256:1bd54250a682e6b7dfde7df4782be1651ce75a358dd0e3344da05c549c1f0c3a,sha256:427f0342a45f53f917c7baf7cdaeb46261264565516c789daeb4fd77264fd0fb,sha256:f17097d9146d921d11ab989d097b518bbf19b960cade2081fee2ec7fa4daee79,1.0,ok
trellm-v0.3-iclr-protocol,sha256:f1a64acb344cd22462be6a15487e0cc5f7c54e9da95039c47579a0d128545ab4,glm__glm_5_turbo__synthetic_calm_trend_c0_v0_3__c0__e1__seed_53__sample_2,glm,glm-5-turbo,api-pinned-2026-07-06,synthetic_calm_trend_c0_v0_3,C0,53,2,E1,24,24,sha256:c25a2525758e57e95e5928e36d6fff7d8cc2b6f9bd791c7f0dc8b69f0abb2ca5,sha256:80188e9dda4630c965b0301ffd7b75ce5deb6130838fc004c46292854fd23c04,sha256:c7ba9f54eda7762fcefe7e4383e73e2bb7ff1b3e6356d06b6d9b67b21c1276a2,sha256:3ac7a7e9f4aee53c2df76856cdebddfb31ce4890533105d623ab1edd2ba59025,1.0,ok
trellm-v0.3-iclr-protocol,sha256:0042596e5e231901175925c2ec9828d4de9149b4e51f3b25bdd7ab60e9158813,glm__glm_5_turbo__synthetic_calm_trend_c0_v0_3__c0__e1__seed_7__sample_0,glm,glm-5-turbo,api-pinned-2026-07-06,synthetic_calm_trend_c0_v0_3,C0,7,0,E1,24,24,sha256:b5119821820adf0a8cb174f62336772b84a79fcfeef987ac95b9675676dcf527,sha256:88cadc379bb1fa92d0f3963c320d49c5734e5922808c8e54fbc128e36e914545,sha256:de9bb9ef470116ecf0856998873a322e9bf2cabda0e46691fbe4a1ac361c2914,sha256:cdb071b6efdc9f152a596f1d5cfe4601906b04cb44147f45f687f0f3f3e099a9,1.0,ok
trellm-v0.3-iclr-protocol,sha256:1e03218efc1a65fecee74db5f5298e7c960aeb02822b7fe7c1792ce7c9b55810,glm__glm_5_turbo__synthetic_calm_trend_c0_v0_3__c0__e1__seed_7__sample_1,glm,glm-5-turbo,api-pinned-2026-07-06,synthetic_calm_trend_c0_v0_3,C0,7,1,E1,24,24,sha256:4aa92d95184b0fb3b9f749e8481d55435b22b783a8b31f2b9694515862f0c0d2,sha256:83a47597ba9c1afac5ce78243601fb6da5b30a79d3108a97ef1e801c21d6705d,sha256:72b41218b53247a008f40b14d6314f7b7f2264db41897f7031136013bf4e97fe,sha256:3bf7201d7dbb3b4cd8759e6cc0255a6b969cb1a525c9df3eef2d9bd93aa243d2,1.0,ok
trellm-v0.3-iclr-protocol,sha256:44db39cf39c4a39530f24e005889432d30fda5a5fbffbe1ecd196f71f855861f,glm__glm_5_turbo__synthetic_calm_trend_c0_v0_3__c0__e1__seed_7__sample_2,glm,glm-5-turbo,api-pinned-2026-07-06,synthetic_calm_trend_c0_v0_3,C0,7,2,E1,24,24,sha256:13f1e31da27426f11052be354f746f283eed1b7cfaf878d5e87445ff4f3ee6cb,sha256:b9f72c7b5012a983100703c06c80e5e17be9c070a007b97bfad17ba23eb182d0,sha256:7778131de2c3a38b5ce712367d2648a3304c667e46670672b36466b560f97c7f,sha256:11a325696a4bb9f657a9ec419391911d13e644c3feb148797de3cfa7aeb83ed5,1.0,ok
trellm-v0.3-iclr-protocol,sha256:592e77842186b90c00b678576e58e0ab24e63962c6114c50a056728dc20f8dfe,glm__glm_5_turbo__synthetic_high_volatility_c0_v0_3__c0__e0__seed_11__sample_0,glm,glm-5-turbo,api-pinned-2026-07-06,synthetic_high_volatility_c0_v0_3,C0,11,0,E0,24,24,sha256:82101b9c3917b1698e6c6fce072f70ec279cae52f67d42635b73f1eb78ad5254,sha256:aa50a7031541ca19c16c939d73ecf87674aa684435547bf37637769bb3b613c6,sha256:de0e7a3904ae392da8a8a1905f19443a87a1a0dfafff3abf898cc15e0add9dbd,sha256:07ae523fb32b0eb707e891a43d49f0998f0a4206e89627e59c67e460953863c4,1.0,ok
trellm-v0.3-iclr-protocol,sha256:6ab1148f13232e875be001a4f5c7d1ed9449b4ba7df17854cdeef357a11fe6a5,glm__glm_5_turbo__synthetic_high_volatility_c0_v0_3__c0__e0__seed_11__sample_1,glm,glm-5-turbo,api-pinned-2026-07-06,synthetic_high_volatility_c0_v0_3,C0,11,1,E0,24,24,sha256:231a7273ec149a1b820fefe2cb47e0aabbf804ca62babbd6e3b4d94ed5e10c69,sha256:3e8313783b79f1e3d454803ad58414b176a6483c7d7844be10ca222052857ca2,sha256:d3c1c066865b10b359d927c76b3935f376db23b04616af6048089d2f16ef00f3,sha256:d2196f7264b5510306d75a73e6406ea32f27176c7bc0c9b45eb55d1884b78a48,1.0,ok
trellm-v0.3-iclr-protocol,sha256:08327ff0dd30e39b353415a71ddc14e7d6e312b378f5e370ed79f7fa48e5f48a,glm__glm_5_turbo__synthetic_high_volatility_c0_v0_3__c0__e0__seed_11__sample_2,glm,glm-5-turbo,api-pinned-2026-07-06,synthetic_high_volatility_c0_v0_3,C0,11,2,E0,24,24,sha256:c458671473734c5073aeb70f19a3e7151ec3f0aa282c0aac0668c7900cfe35df,sha256:8e25ade957d003e8d9434e133ca85e1f43104bcd41138644cd6f0cc47be662b8,sha256:a49e9a3af0d905a0fe1769d311e80a68df84ae0fc33230b6348f165c580ec46e,sha256:c0bee5d84b979b2821bfb232c5f4c2d54084476ae273df1c37a257e415c0875a,1.0,ok
trellm-v0.3-iclr-protocol,sha256:87aab174c286b8cf42859e3654fee4a13ce643693719775b7d46a270eb910032,glm__glm_5_turbo__synthetic_high_volatility_c0_v0_3__c0__e0__seed_17__sample_0,glm,glm-5-turbo,api-pinned-2026-07-06,synthetic_high_volatility_c0_v0_3,C0,17,0,E0,24,24,sha256:b5e2d40a2e701da2d3b7f564f6fb1eec7934585b05565e854e904fc04927a957,sha256:1a77de0000010aaf50eac3c183c22786fce83226fa8ed08858bb03a2d7ded9f4,sha256:be90a1dda10972520d0ac870b03d924131d5743bb560b47f38b93d97d007bef6,sha256:215d848a2c01098d63f6fa87c7ce633962886187da8c9193141717fb0ff85b8a,1.0,ok
trellm-v0.3-iclr-protocol,sha256:f235cb47d2427c42ebce64d5bac2777486377652ecdf06da853bce79f708841f,glm__glm_5_turbo__synthetic_high_volatility_c0_v0_3__c0__e0__seed_17__sample_1,glm,glm-5-turbo,api-pinned-2026-07-06,synthetic_high_volatility_c0_v0_3,C0,17,1,E0,24,24,sha256:9247b3b7f6cc14e7149e8fbaa283ac86f9668844841a5c7dbe993f1d57f56b2d,sha256:c17ec79f7205b9959e6b4bd86ca162be9b3b60580bb2346a283f7edb6c9e2d26,sha256:9ef0ce59f05a2b7f152ae69d0a73ceecf523c8791ed225868eecfc6865fb0ee1,sha256:4f446fd4840b18708a6416fabda7bd9d7afe923b436b02354e6da2feb0f113db,1.0,ok
trellm-v0.3-iclr-protocol,sha256:a4d3f5dec39fe7ecd0d75d549aa6eb970e10302ff3dd934f6a88e72b515c678e,glm__glm_5_turbo__synthetic_high_volatility_c0_v0_3__c0__e0__seed_17__sample_2,glm,glm-5-turbo,api-pinned-2026-07-06,synthetic_high_volatility_c0_v0_3,C0,17,2,E0,24,24,sha256:0af9eb94cf17211d0134998ef0c8e842caaa5efcac33d7cd6a4dc4d61a340bb3,sha256:400eda68323d39810a58f234203446cc63f5c68bb0f3f61c7e7927a9278e4f43,sha256:9afeee18b220421120ad7a4015d4c966004c19199ace6db1ff249453a4bab77e,sha256:1eb246314d9414ba45f9db6c38a0b5bb615bf95564e7c9f3c6d7b0c35f514a36,1.0,ok
trellm-v0.3-iclr-protocol,sha256:cbe28449f71f1f0dac2e3ac135aa1ea164175ad99b20978f005a1b2eca66f1d6,glm__glm_5_turbo__synthetic_high_volatility_c0_v0_3__c0__e0__seed_23__sample_0,glm,glm-5-turbo,api-pinned-2026-07-06,synthetic_high_volatility_c0_v0_3,C0,23,0,E0,24,24,sha256:eb2c40a3fbe802c4b774c1345f43ba2b8a8166144619ca7e17c3e20a4d48ee56,sha256:63b4f85dc0dccd027ca2b274f2b4e43ac2e1a508e222fc167be6134a42206114,sha256:28f498306f444c122f8007b38e1db26defb5299db6ce960dddec5711f933d156,sha256:e873c817d80ccbfc5fc6fcbbdafafbf11aa5f0cb61ffc84b8147e18460df9ed1,1.0,ok
trellm-v0.3-iclr-protocol,sha256:030605ea90dac9bef405c035aa57be8ef9733f5f8bdc5eb57bddc90fe0b08d55,glm__glm_5_turbo__synthetic_high_volatility_c0_v0_3__c0__e0__seed_23__sample_1,glm,glm-5-turbo,api-pinned-2026-07-06,synthetic_high_volatility_c0_v0_3,C0,23,1,E0,24,24,sha256:53ae6023d15276297b9d3dc3dec690e2c2a507919efeabe398629851a17ab85d,sha256:088b5dab73cacbe689da57b9f5ff865c378fe9c144e357106fb8dea7fe007a0f,sha256:ebc969942aaaf46b077f0c89a123b7d645f9a5decbdc015a27aa758fc6e1e4a6,sha256:c8161874400924006f89950da411c809fe01c279712046e05ee429f4dd81cdc6,1.0,ok
trellm-v0.3-iclr-protocol,sha256:c0486cb558e4f98fa1824719f83468aa34d8c84427ba20bab46b2d1aed6a316f,glm__glm_5_turbo__synthetic_high_volatility_c0_v0_3__c0__e0__seed_23__sample_2,glm,glm-5-turbo,api-pinned-2026-07-06,synthetic_high_volatility_c0_v0_3,C0,23,2,E0,24,24,sha256:8316b98b1485254cc79222f8cafa430bbf6ac1ae57dabf078d71ebeec7f1f929,sha256:7130259699bd9cc9ed85be03336ee023c4f265981e9c94ea1030adc4908bd3c1,sha256:2805de2647168d54060a2159099f20db7d4ac9ec43b0b04d2cc6c386127178fa,sha256:a80ab119709e03ad8bf6e8ff4e122cfbae7f355310ca84665651be59c38371b3,1.0,ok
trellm-v0.3-iclr-protocol,sha256:cef48801c0b60589d1eadc97cd8e07a20fb3c902be87fbbab0aa6e69af74382f,glm__glm_5_turbo__synthetic_high_volatility_c0_v0_3__c0__e0__seed_31__sample_0,glm,glm-5-turbo,api-pinned-2026-07-06,synthetic_high_volatility_c0_v0_3,C0,31,0,E0,24,24,sha256:6b938686827991b3fb0d92266f457b8fb8a23df0527457d54edca520e3f5b4dc,sha256:cb6e28cc421bebaa83e23d27e094580d7cb4a307dc898a792ba26f92f0f4e6b5,sha256:90046c02f585cd14ad216e293d1c99d518f6a78c0a13133e08f187bfc9b6bcf3,sha256:331e727eb9046b63c1cd2f573d13dee5911d4f5d57eddc4982a9ddecbe681845,1.0,ok
trellm-v0.3-iclr-protocol,sha256:18ad02ddf261d3c2f1c0eef466b0ebc8f3b09dc19e33effffe2e7f8f4b66c043,glm__glm_5_turbo__synthetic_high_volatility_c0_v0_3__c0__e0__seed_31__sample_1,glm,glm-5-turbo,api-pinned-2026-07-06,synthetic_high_volatility_c0_v0_3,C0,31,1,E0,24,24,sha256:50ed2db975f64390a00cf4e39d0aaea5ed4c0dbe3e88802604e9e695b6324772,sha256:f5d368961f0cd71ab2b936c0e74544c2668ab57adbe2a31b3d5f1c3db46096e8,sha256:ed95698c7504d9b3afe0af587052deeb6c2a4ce6cdec39cfb567209c88cc9a2f,sha256:500ac26dbd93466b803f825ae558d098cf17e85ae7ea297ccf2ca1a28a6678ab,1.0,ok
trellm-v0.3-iclr-protocol,sha256:789a7ff94257ade994ac5fe2847d9a9ee7744251f83280d60554d2195eefd2b3,glm__glm_5_turbo__synthetic_high_volatility_c0_v0_3__c0__e0__seed_31__sample_2,glm,glm-5-turbo,api-pinned-2026-07-06,synthetic_high_volatility_c0_v0_3,C0,31,2,E0,24,24,sha256:ad932e7aecebc37712aec87471861774fc9ca02de4e456b12e193f9489a6575d,sha256:6202185d2e20914b1c3ec6de83d30af6dfff9d531e7fa0422fcd492e5d8703fd,sha256:eb42f49954ea66b41105be8a5d5872a0d1f60d90b6eae659384b8486af33b634,sha256:d37a9422da2ad99d84359eadca191316df200fd0555b20fb7221d2a04baa06cf,1.0,ok
trellm-v0.3-iclr-protocol,sha256:b1263931172c94e4985ef17658ae314ccfe2a0527c6d9f2359dbea0fdc3be33d,glm__glm_5_turbo__synthetic_high_volatility_c0_v0_3__c0__e0__seed_37__sample_0,glm,glm-5-turbo,api-pinned-2026-07-06,synthetic_high_volatility_c0_v0_3,C0,37,0,E0,24,24,sha256:810498c59a99ef12ab8fb6725da9b7afe8d99565c2d9190fb053204ae55faeaf,sha256:8de2b551b735d33860151861e1986c517e2b561996c5c2bcd84ee6d96be8a27e,sha256:6ccfd9596c98a879b23886569894c12c527dc34b16875abb06e31d478665c4f4,sha256:15faa9bf207999c9e3184cee3b844f14d9ac69eac5ced79903e8cbb9eeaafc74,1.0,ok
trellm-v0.3-iclr-protocol,sha256:b4af73a044bc1642e39726b9cdd17adaa0e663c3bc369353e3dd9c47b725b2d0,glm__glm_5_turbo__synthetic_high_volatility_c0_v0_3__c0__e0__seed_37__sample_1,glm,glm-5-turbo,api-pinned-2026-07-06,synthetic_high_volatility_c0_v0_3,C0,37,1,E0,24,24,sha256:e53378a0b7bd778e08a90a3d8a5b703af98eedfabdb0b8eac951ae987d878e99,sha256:ef94bfaf5a59c27346231128a0157a669a9ad28d188578b9f8a17febfccf154f,sha256:3984bfea81d6fe94dbacedeb9f6064fae36b592c4f6bdd48485781381b2cc7a8,sha256:93f0c2c3df9f5dea4b5238b99ca99281c22ab5c91ff7186413f83227dc2cbd48,1.0,ok
trellm-v0.3-iclr-protocol,sha256:db354f939118e4c5aa5424aa1a6e00a3ff3002215b0fa093ad213e13a280d595,glm__glm_5_turbo__synthetic_high_volatility_c0_v0_3__c0__e0__seed_37__sample_2,glm,glm-5-turbo,api-pinned-2026-07-06,synthetic_high_volatility_c0_v0_3,C0,37,2,E0,24,24,sha256:09bc0a7bdd5fdb93abea5f5d5c8ea4ebe8656a35619fcae6e79e772536def31a,sha256:4e317c1c268b00358e91a4882f87705ed61429f1d451cd5912edf4685ea5d616,sha256:ca8545831ca98475afc41d8b6c558e4b33a803a35a10ac48ea6d6bfd505a1b39,sha256:e218b2b7cf2f53c190ad49461d4c4ccf2c5301b3bae0849d162f1f9d9c69e118,1.0,ok
trellm-v0.3-iclr-protocol,sha256:f84048dcf3dd456e3e57d9b9c909cf02b7c1bff73f11a44c59b81feace25e5c5,glm__glm_5_turbo__synthetic_high_volatility_c0_v0_3__c0__e0__seed_41__sample_0,glm,glm-5-turbo,api-pinned-2026-07-06,synthetic_high_volatility_c0_v0_3,C0,41,0,E0,24,24,sha256:46e9cde1ab829daef3fb4f7b9c40099842eff2dcefe2217a77119abd71abf96c,sha256:de406f4d03a574ce507b5a4325b8ff636d5157a1018b407030bb0fc3cabe86e4,sha256:4eaa0f816dd22d3679e7e29280951522879cbd12534878256ca70ed5de91e367,sha256:ca00cef46ca73035cb4b463f37abcc67907efc744240605f22b24f6425b818d1,1.0,ok
trellm-v0.3-iclr-protocol,sha256:4982f2db76959d4b5e36878a2f652a98ffad6304f263d68a7c795d4f2b811e5c,glm__glm_5_turbo__synthetic_high_volatility_c0_v0_3__c0__e0__seed_41__sample_1,glm,glm-5-turbo,api-pinned-2026-07-06,synthetic_high_volatility_c0_v0_3,C0,41,1,E0,24,24,sha256:38e7c8e00a27245f9c7ef65ab05696f9c668d8919493f003d03bf52a47eb8192,sha256:de3903065b9475f2bb5a6b4760793c99c7f4b3cc4a0d19e8402caf4aa1f8c1d4,sha256:e517ac3407feaa9a61beddb9cddc1042521d3b3e0d47caf10c863e28b73a7d1c,sha256:1bacd07482e6886215188092e9f3e82399125ea69e69ea4a1fb99c05274672e4,1.0,ok
trellm-v0.3-iclr-protocol,sha256:47d6ad3132281eec04dc7778cbf59322f1ce9570dec8e53786827d0cd9ea3f29,glm__glm_5_turbo__synthetic_high_volatility_c0_v0_3__c0__e0__seed_41__sample_2,glm,glm-5-turbo,api-pinned-2026-07-06,synthetic_high_volatility_c0_v0_3,C0,41,2,E0,24,24,sha256:db6f7603ceaa387382910863bbd9d385968fa6f097ef5e0cf0d50db3e2358436,sha256:24c91272210a22b3405f5eb8c9550e4f30f1d994e13646d0df64745a121099bb,sha256:e14162ead7bb392e589c26f9f42b4b973ffd9b2ab43038f6ce4126c6622f6826,sha256:9b289ce9badf1cb54e82d8bf233b259ca68494ea86f2c0d469dbe9b9448088d9,1.0,ok
trellm-v0.3-iclr-protocol,sha256:7fae56d5c91db19ac4e7c213325a352d0821184e64788f892f0ea74dd05ae6e5,glm__glm_5_turbo__synthetic_high_volatility_c0_v0_3__c0__e0__seed_43__sample_0,glm,glm-5-turbo,api-pinned-2026-07-06,synthetic_high_volatility_c0_v0_3,C0,43,0,E0,24,24,sha256:b3a030b4afcc2e17ca5acdfa2ebff8a546158baa9367d1d3a0e930b6e1e9f5b6,sha256:1510847169d976077956d40e8a2272361ebaf33d7a346a4882f0a03c7238e5f2,sha256:49468d0956d5549a6055e83e33188dfd064bca80934b9fc8d7ffcc52cd14fabc,sha256:ae5922511291a39551e2658022a45e4476dea1e7d2131bceb6cddc75acb5bf81,1.0,ok
trellm-v0.3-iclr-protocol,sha256:41a7744926ee019a9809e6b636b30eb2e538d433398322090bb429e1a6c64b8a,glm__glm_5_turbo__synthetic_high_volatility_c0_v0_3__c0__e0__seed_43__sample_1,glm,glm-5-turbo,api-pinned-2026-07-06,synthetic_high_volatility_c0_v0_3,C0,43,1,E0,24,24,sha256:3bf93ce038ddaff10fff9dda160950dc9bb459acd9afa514930050953e422e63,sha256:42e71a5506f6ebdf6821313a442c91e2e2e751d6249de36ed6dbc59ab532b095,sha256:a58eccaa4908587da4f17f4f5f97ac9f6247bb5ea0e0745742847e464a3bdb8b,sha256:0e1e8e07b6d75a038cf014ded233672e74a2e69b140a296db2ae354a65229134,1.0,ok
trellm-v0.3-iclr-protocol,sha256:2e8e50039c49002c232b2ca2166349281fcba8b0c7e818549b5104c0249f06cd,glm__glm_5_turbo__synthetic_high_volatility_c0_v0_3__c0__e0__seed_43__sample_2,glm,glm-5-turbo,api-pinned-2026-07-06,synthetic_high_volatility_c0_v0_3,C0,43,2,E0,24,24,sha256:4d278cf2c2a6c140b8db1262d34d752b227c81d39e01cdca34168bbeab6008b0,sha256:bde8bea4a2c86f9ba056c6a00015bbc8df56d76e83d58e0bf2bd7c03b98bec76,sha256:248a3c325f8b7419a81e36229dc093eb0b135a53e934c87022891d3d8b018e6f,sha256:4d462b672ca98d1d6b233e5333eb80cf217ecdc430a3917d9bde656662d66e65,1.0,ok
trellm-v0.3-iclr-protocol,sha256:37f275b9eca8f2a38a1eebd76bdb0a3b67e53fbbd0018bc9920b702bc1af1664,glm__glm_5_turbo__synthetic_high_volatility_c0_v0_3__c0__e0__seed_47__sample_0,glm,glm-5-turbo,api-pinned-2026-07-06,synthetic_high_volatility_c0_v0_3,C0,47,0,E0,24,24,sha256:4a794ede545ba461219feda83f57aa03703f0de8a7995fee2994c8f7afd0c05a,sha256:a5fb6765045f3d22e6487f2a94a871ec67da5a5fb54a09d5a7fa3e3498f36f5f,sha256:7c38ab5fbbe8fd6c91745c8b842a5a429038a595e908862aef53b40d5db44d94,sha256:a9d6fca6d2ab8dc9662e939e992c3f54252c7fedbbf4a24ec69fcbb95eac9a58,1.0,ok
trellm-v0.3-iclr-protocol,sha256:d39a2f177f2b11405c923ef4fee2bfc8a59a0520a9bdd611c3b31d5640bfada4,glm__glm_5_turbo__synthetic_high_volatility_c0_v0_3__c0__e0__seed_47__sample_1,glm,glm-5-turbo,api-pinned-2026-07-06,synthetic_high_volatility_c0_v0_3,C0,47,1,E0,24,24,sha256:f7720e67c38589bcdab86337346b4f37764d669c61c198970a2faa361b0c4dff,sha256:d1b98550a889aa5a7e2c7b4db6a2d7346ad6fe38d652cbf859b6b85c9d4aec63,sha256:cafa04eba75ba4aec21f97bb87f88efeb6430a85d179578f244e9f68d33bccf3,sha256:34c76cece6163c3c4fe25d88908482563b81f6498c5458d99a7f37a7d58c1f69,1.0,ok
trellm-v0.3-iclr-protocol,sha256:b7facfcb6c93e4ad4841622cc2b9a14184252691d682d574a29826eba63259be,glm__glm_5_turbo__synthetic_high_volatility_c0_v0_3__c0__e0__seed_47__sample_2,glm,glm-5-turbo,api-pinned-2026-07-06,synthetic_high_volatility_c0_v0_3,C0,47,2,E0,24,24,sha256:85f26937c17ec73ca167d5eb9515fdb1621e4205b2a709bb1bd96b6a588e370f,sha256:c29cd3c08fc341515938e12d759f8fe74c6f8e5909979ee26c45213ee4659c78,sha256:df1675effb4e94fb5080b892b3f429e7f2766311d392fc7e6cdf456fa5a28e54,sha256:f81d3ade446b18b5828e017880d741b15142b35634a9dc87dbbabd9245e2a0dd,1.0,ok
trellm-v0.3-iclr-protocol,sha256:77e36a11a2c52d79ea8be09434cc22c670f7471d9dd5b1effbc1cd0e433a5c65,glm__glm_5_turbo__synthetic_high_volatility_c0_v0_3__c0__e0__seed_53__sample_0,glm,glm-5-turbo,api-pinned-2026-07-06,synthetic_high_volatility_c0_v0_3,C0,53,0,E0,24,24,sha256:4190bc04e2268b5d8fe86b6bc0f790953fcce34e7a5c6b1b9238d114b6e8931f,sha256:d55693e288250ec3cbdf9681bb00c5e37114e97222ddd9e19462d0e98bb93b9e,sha256:538e972467974f85e24ed6a2ab66cdf063397aa98c81644f8982b26e69076509,sha256:3061e5d0e972b62cf5cf9aac7ffeda90169dcdbc1b622281d6b431b09273b021,1.0,ok
trellm-v0.3-iclr-protocol,sha256:ba89b9be93d3f16040e20e6cdc5f24ed0aadc744f2846dc019abbb9721f49f90,glm__glm_5_turbo__synthetic_high_volatility_c0_v0_3__c0__e0__seed_53__sample_1,glm,glm-5-turbo,api-pinned-2026-07-06,synthetic_high_volatility_c0_v0_3,C0,53,1,E0,24,24,sha256:206de180f38513798917735413d39ddb871b9ad0df0ec0eb209e4a992f77561e,sha256:57cf730a20327d9a79a8909c5ead41d832f39b0fdb612fe83b6825a1d17b24ba,sha256:384bb7e2bc8726236a0968ec416d89f0591842f935fc07fa3da969f392f9ca28,sha256:5a803dd7d4ef1beda8c47d5c67f2eb5238731f8a4109e354444530096368e1da,1.0,ok
trellm-v0.3-iclr-protocol,sha256:95233e4f621096d4261dbc188fcccf218bcaf81d51b933e1b1565c452df25cf2,glm__glm_5_turbo__synthetic_high_volatility_c0_v0_3__c0__e0__seed_53__sample_2,glm,glm-5-turbo,api-pinned-2026-07-06,synthetic_high_volatility_c0_v0_3,C0,53,2,E0,24,24,sha256:7feb79c0a8b3c0ce9e5ee46594b7655228483361a904a995217ead0b2ce36421,sha256:724d0a069b0de15fdf850eae303e8b8eeefc515eb09ce5a5c10e90cdf0dd6c1b,sha256:59461daf0d3b2fb5062086967ec3ed100ca0334fa0e923b6ebbd65d349a718dc,sha256:612a1266c3682d6b512efaba3bfe272241d758825881cafcedfec93ec8a87057,1.0,ok
trellm-v0.3-iclr-protocol,sha256:8ec94564927b9fdec938fafd633d9f0781571f238a7f2c4884eeccaab608e7d9,glm__glm_5_turbo__synthetic_high_volatility_c0_v0_3__c0__e0__seed_7__sample_0,glm,glm-5-turbo,api-pinned-2026-07-06,synthetic_high_volatility_c0_v0_3,C0,7,0,E0,24,24,sha256:75679546870be961afd188e1e5e822a709522085b064866b6d65b596e5c191f5,sha256:a16071a1f99b74f54360f3f9537aaba5b1bb7358317a38b5348c0b1598d107f4,sha256:932bf657f19243b36b55da4c6ea0837dfaf92ae54d36aa7fe6bc14fb1e4ab740,sha256:eb9bb16044eb5ba1d9036869f34ae4350cb2dee0377fe495b7832cf1d1525e09,1.0,ok
trellm-v0.3-iclr-protocol,sha256:1c13a63638265151f4d5813965e9abf1d256f778242fa31f45db027fae121b63,glm__glm_5_turbo__synthetic_high_volatility_c0_v0_3__c0__e0__seed_7__sample_1,glm,glm-5-turbo,api-pinned-2026-07-06,synthetic_high_volatility_c0_v0_3,C0,7,1,E0,24,24,sha256:f7a80b3fbfcc0bfaa279d27df3ac00bd4292041cd2b03a1415839931192f8f9c,sha256:70776a099d44f88eaa4fdbbe488556df3f7a55936ff456d73e3c6ce301c36c65,sha256:5a180b77845fe127d29d3e80a99c5dd607bf13d9f8d3c899795eae9c1e969d08,sha256:1b3df47f1c2aaa404506ebdf4e0f6e400a55224abb30567b93ed394d5b8d14db,1.0,ok
trellm-v0.3-iclr-protocol,sha256:90fe09b1dc851ee0071e6e857f84343a46aad8317329aca83a56045d9093afda,glm__glm_5_turbo__synthetic_high_volatility_c0_v0_3__c0__e0__seed_7__sample_2,glm,glm-5-turbo,api-pinned-2026-07-06,synthetic_high_volatility_c0_v0_3,C0,7,2,E0,24,24,sha256:6b901e564bed19cb755516eb690dd1f4a84a2a2c7fc31fcd45673e7444913836,sha256:b524bd39778ec62e23e43ab9d101f5fa377b535303f0b85d124eb5b98dc072e9,sha256:27a4ce9b76a48d373e05443e16697f7dd7a52bab3dc7fa749467521bfbd74246,sha256:6df41fa3cf64602b0da05346d8b22e5ce9804d741384d079c7608b70a173b9fc,1.0,ok
trellm-v0.3-iclr-protocol,sha256:592e77842186b90c00b678576e58e0ab24e63962c6114c50a056728dc20f8dfe,glm__glm_5_turbo__synthetic_high_volatility_c0_v0_3__c0__e1__seed_11__sample_0,glm,glm-5-turbo,api-pinned-2026-07-06,synthetic_high_volatility_c0_v0_3,C0,11,0,E1,24,24,sha256:46e694cb2fda5bc7f2ef0411c9b2af38a99dd83f90e2dc56c7e129bd11666b49,sha256:8a6defac11bf2aa9f21e9ee92758f95ce6be3cbaad36dc3b952dace5b3142415,sha256:1e09b0b5d2f8433d70465111fb1039bc85fbc1767d29f44ad250e53953333a04,sha256:da2e00831fb54019de102ebb0d1ac1249f538980a06dbbddde49b2db55ea6634,1.0,ok
trellm-v0.3-iclr-protocol,sha256:6ab1148f13232e875be001a4f5c7d1ed9449b4ba7df17854cdeef357a11fe6a5,glm__glm_5_turbo__synthetic_high_volatility_c0_v0_3__c0__e1__seed_11__sample_1,glm,glm-5-turbo,api-pinned-2026-07-06,synthetic_high_volatility_c0_v0_3,C0,11,1,E1,24,24,sha256:df25923fad0aa7c4da765028ff176b1dd29623be64c4e563c9533cc3736d93f4,sha256:491b99feb2597245cf72d7557e3078d58e5793f7a8f540e36e5f1dedf5ba02c7,sha256:2a2f1827e2fd8cb803fb366687c716149cd7ef5d267f1003906824ce96c82961,sha256:4e95e67a36eb12c3215453b9994a79e0a50e1ed6a2cf1280cf521864b12f2326,1.0,ok
trellm-v0.3-iclr-protocol,sha256:08327ff0dd30e39b353415a71ddc14e7d6e312b378f5e370ed79f7fa48e5f48a,glm__glm_5_turbo__synthetic_high_volatility_c0_v0_3__c0__e1__seed_11__sample_2,glm,glm-5-turbo,api-pinned-2026-07-06,synthetic_high_volatility_c0_v0_3,C0,11,2,E1,24,24,sha256:1b9b054473d9bf7a279529d2509062fd39c53c5a1e03dd5b8538862417df8de6,sha256:5f2529a0ed2d8df1b4e5ada1070185a25df1097b76a1a5996edcca9459554f06,sha256:d5e40b91ff0ef9ad0d5a6e6f59d551596dad1a42cfbc834fba61813e2ca1638b,sha256:f57452dc1374422b11036ba5f07ea877f91074354dbd311072e837e5b53fbeb1,1.0,ok
trellm-v0.3-iclr-protocol,sha256:87aab174c286b8cf42859e3654fee4a13ce643693719775b7d46a270eb910032,glm__glm_5_turbo__synthetic_high_volatility_c0_v0_3__c0__e1__seed_17__sample_0,glm,glm-5-turbo,api-pinned-2026-07-06,synthetic_high_volatility_c0_v0_3,C0,17,0,E1,24,24,sha256:ec20b73387d2f4e8e54d9c8f4ce42ef9f822841e7f46f77a2d8823d96a853a48,sha256:071ac3ebf2d098b8d78e3879f97019d16392f732d100507544318e416702672a,sha256:853fe99f18b2cef0b6a8904e601056c9326c8a7baf3433ea67a2127284705912,sha256:0f79a7163ff5e7f1513955dfc24ff9c59e91bec88ded0156e25fa90f1bca8126,1.0,ok
trellm-v0.3-iclr-protocol,sha256:f235cb47d2427c42ebce64d5bac2777486377652ecdf06da853bce79f708841f,glm__glm_5_turbo__synthetic_high_volatility_c0_v0_3__c0__e1__seed_17__sample_1,glm,glm-5-turbo,api-pinned-2026-07-06,synthetic_high_volatility_c0_v0_3,C0,17,1,E1,24,24,sha256:3dc8db90a39f59cf83aaa87e77fa023fa35f426bceee6f9eef064ae4382c1a90,sha256:d31b75c61de09372b20291d09b9b5697e1f7ab3f5ef59388eab3ef6f57bf6582,sha256:e7ba5740f0a64f0a6649228d69d7ac21ad30eaa8b5681b9880350eb6c330a090,sha256:9fdbfdebcc3a90967b5e3d15496bcf31c60a0d454ab12daadb4205aa64f9fca3,1.0,ok
trellm-v0.3-iclr-protocol,sha256:a4d3f5dec39fe7ecd0d75d549aa6eb970e10302ff3dd934f6a88e72b515c678e,glm__glm_5_turbo__synthetic_high_volatility_c0_v0_3__c0__e1__seed_17__sample_2,glm,glm-5-turbo,api-pinned-2026-07-06,synthetic_high_volatility_c0_v0_3,C0,17,2,E1,24,24,sha256:0ec0d43bd7f3691fa0ad745b2296e3f35a184d0cb512e8f21af282efc934134d,sha256:499b52204cf805eede92c67cb6ec1c2d9db6d663776bbcbe946499123055cec8,sha256:c40569b84260565cac792c5aa4a278784263fdd104f22e1ed7208e4fdbf22a19,sha256:8ab3bae9f5536ec489c1cceec8bd9b1c7fda0ca99447ee5d7c16bd95e833b47a,1.0,ok
trellm-v0.3-iclr-protocol,sha256:cbe28449f71f1f0dac2e3ac135aa1ea164175ad99b20978f005a1b2eca66f1d6,glm__glm_5_turbo__synthetic_high_volatility_c0_v0_3__c0__e1__seed_23__sample_0,glm,glm-5-turbo,api-pinned-2026-07-06,synthetic_high_volatility_c0_v0_3,C0,23,0,E1,24,24,sha256:69703c6e3178ce093107c35ce2ca2ec20abfed50e28d17b33274e10f7ad68a6c,sha256:bc9b56d1595affb89b491d9bb129c93b6f81acbc3ce137973c3245d5f919f730,sha256:c46fbde73b63c8bc6f0c420fa2015526021ec7018cfe702580482c174393d59f,sha256:d614e7e19ebff576f34be38ed5d8eb1d5edc3fc70e6027cf8d135c7218d63365,1.0,ok
trellm-v0.3-iclr-protocol,sha256:030605ea90dac9bef405c035aa57be8ef9733f5f8bdc5eb57bddc90fe0b08d55,glm__glm_5_turbo__synthetic_high_volatility_c0_v0_3__c0__e1__seed_23__sample_1,glm,glm-5-turbo,api-pinned-2026-07-06,synthetic_high_volatility_c0_v0_3,C0,23,1,E1,24,24,sha256:2ce21d4b3dc52e6f63e97195a3a854d22fd401214b28e0d084bdb6d818177ff5,sha256:66d41af13929cf62c6390db2d1b71f9f2b1d5f0c2d771563a3f14302e74f022f,sha256:f6ae8aec555735e536a46f4b249e09a7510b834c2fbc3d561c3218721e19d6d1,sha256:e2bf0899545ee763c3be68f9713a3c85617b7d27034bb64d9f9ce5b70df8c99a,1.0,ok
trellm-v0.3-iclr-protocol,sha256:c0486cb558e4f98fa1824719f83468aa34d8c84427ba20bab46b2d1aed6a316f,glm__glm_5_turbo__synthetic_high_volatility_c0_v0_3__c0__e1__seed_23__sample_2,glm,glm-5-turbo,api-pinned-2026-07-06,synthetic_high_volatility_c0_v0_3,C0,23,2,E1,24,24,sha256:49564cd88031a70617200e68872e04c612015f2b033b4e49081c7f302b95821f,sha256:825e3991e0cee99a7de03d9bfcbc3f65755b30536928112bcbcccde8458a1f9c,sha256:3d781a7659a9e8b83cf826cc33488fefda2c7df3bc97d20d716cfc8933ee3f17,sha256:4db7c0cc6ecbc6366c04fc6a4d5766d3d73252959b56e4a9cd9451bbe530afdb,1.0,ok
trellm-v0.3-iclr-protocol,sha256:cef48801c0b60589d1eadc97cd8e07a20fb3c902be87fbbab0aa6e69af74382f,glm__glm_5_turbo__synthetic_high_volatility_c0_v0_3__c0__e1__seed_31__sample_0,glm,glm-5-turbo,api-pinned-2026-07-06,synthetic_high_volatility_c0_v0_3,C0,31,0,E1,24,24,sha256:f536746438dae2aae82c5abee7edd062ff8da35916eb635377eff205466e0f8d,sha256:600dcde889df35079769ad8103af3392f19d3764d28d9162169398affd319a2d,sha256:37452e9a92d23b2e678ca2dbbf3ec4e3599d6c2fd2c4a458189f22647980e2f4,sha256:71e82f8022b5799cd91b285764d6d15060db82b773de4e0163badaddcf00f02b,1.0,ok
trellm-v0.3-iclr-protocol,sha256:18ad02ddf261d3c2f1c0eef466b0ebc8f3b09dc19e33effffe2e7f8f4b66c043,glm__glm_5_turbo__synthetic_high_volatility_c0_v0_3__c0__e1__seed_31__sample_1,glm,glm-5-turbo,api-pinned-2026-07-06,synthetic_high_volatility_c0_v0_3,C0,31,1,E1,24,24,sha256:f3d53820e04d9a8d147d9126ad660330ef9f25b5f63b164dcfef23accf3dca8f,sha256:ce8a79355dafa38e239c6a1dc7a0008eada0d9e7a912327e35fb7e8d1b895c79,sha256:ad22d6216f0bbdc3d9f890ed9a98e9470bc0597cb7aa7c1298e33a53c736e768,sha256:608d0568d83567856f155283ffd6c3edb1f9023240a66cfe9958892ef8186aa1,1.0,ok
trellm-v0.3-iclr-protocol,sha256:789a7ff94257ade994ac5fe2847d9a9ee7744251f83280d60554d2195eefd2b3,glm__glm_5_turbo__synthetic_high_volatility_c0_v0_3__c0__e1__seed_31__sample_2,glm,glm-5-turbo,api-pinned-2026-07-06,synthetic_high_volatility_c0_v0_3,C0,31,2,E1,24,24,sha256:eb927325dfdfc5855ba80b09578c2da96d4c57de1a1f0d3ae8fef33be55320b1,sha256:050d2336a3401fdec96abc0919b79d4ee4edac8ab71d603310d4a610fde23b8c,sha256:0e33d655c705a793e79363e3398d0bcb5ccd544e103ebe234d446a3eefb48b9f,sha256:17b97e2212f8e1cb16ca3bb47197206c689b744bfca8c7b8395999cbca6d71b1,1.0,ok
trellm-v0.3-iclr-protocol,sha256:b1263931172c94e4985ef17658ae314ccfe2a0527c6d9f2359dbea0fdc3be33d,glm__glm_5_turbo__synthetic_high_volatility_c0_v0_3__c0__e1__seed_37__sample_0,glm,glm-5-turbo,api-pinned-2026-07-06,synthetic_high_volatility_c0_v0_3,C0,37,0,E1,24,24,sha256:d12d420f4b5bba4e6e10ea0e37eaf6e4a98a1bdbdc9c22f937003662e8ed160d,sha256:9847bbd55143f18811f2174be5d91b6e5fd519ae6dd5a51751ff17276267805c,sha256:570cf48541df58e3982f88f8d957296170a689b7397217173a347173af79b7aa,sha256:dea9b13527d2f76c014e1dfd005dc5a47c1587367b809bc0bb6d8e7cc49df234,1.0,ok
trellm-v0.3-iclr-protocol,sha256:b4af73a044bc1642e39726b9cdd17adaa0e663c3bc369353e3dd9c47b725b2d0,glm__glm_5_turbo__synthetic_high_volatility_c0_v0_3__c0__e1__seed_37__sample_1,glm,glm-5-turbo,api-pinned-2026-07-06,synthetic_high_volatility_c0_v0_3,C0,37,1,E1,24,24,sha256:4bf6a42a42026e2c1b318932b3b08e44666dad7d4307ae32d5257f578b10a934,sha256:3bc3d8b13130c168726304c61dcb529c670c39b4f471fb6c656dd733c2a70f64,sha256:9d2ed1625fed8cc1e3df1c55f897f61c612389bf93bbfe0af59c127537c2e95d,sha256:769bebc55fbc9d105cfab740768989a11177a73db4ed227f65fbc1fa922d7ce5,1.0,ok
trellm-v0.3-iclr-protocol,sha256:db354f939118e4c5aa5424aa1a6e00a3ff3002215b0fa093ad213e13a280d595,glm__glm_5_turbo__synthetic_high_volatility_c0_v0_3__c0__e1__seed_37__sample_2,glm,glm-5-turbo,api-pinned-2026-07-06,synthetic_high_volatility_c0_v0_3,C0,37,2,E1,24,24,sha256:524ef5cf05750890409aa9f50584d74ff8e48333ac80fd520f2664bee130c761,sha256:b58317876edec7e002d0ada86072264be883a626219ecb87a06bfb6abbb58bc0,sha256:65bacb56a9c526c901f310dd3e9103b07a6b011e8355ccb2f1111fe773f063fb,sha256:37b0af5db542a7b5d7e595f5a7f75b5ecc5037f666dafbb3a86eb65c09a11053,1.0,ok
trellm-v0.3-iclr-protocol,sha256:f84048dcf3dd456e3e57d9b9c909cf02b7c1bff73f11a44c59b81feace25e5c5,glm__glm_5_turbo__synthetic_high_volatility_c0_v0_3__c0__e1__seed_41__sample_0,glm,glm-5-turbo,api-pinned-2026-07-06,synthetic_high_volatility_c0_v0_3,C0,41,0,E1,24,24,sha256:291e0d76c94022a5b23bc836c7e6bb8b7004ad5924703e73e033949ae8eb768b,sha256:48b5a0cabce5509bef49a3635cef13725893ad09c313d35fde212468418c26df,sha256:f1101947482f54fa04cb7c144c84cc8010d77ded08410e0aaf8a1814a2f0229f,sha256:f9c86266ee7b15cb69c0e6fd3daed3506c24eda1bcddd1ca2f3f17a98c978870,1.0,ok
trellm-v0.3-iclr-protocol,sha256:4982f2db76959d4b5e36878a2f652a98ffad6304f263d68a7c795d4f2b811e5c,glm__glm_5_turbo__synthetic_high_volatility_c0_v0_3__c0__e1__seed_41__sample_1,glm,glm-5-turbo,api-pinned-2026-07-06,synthetic_high_volatility_c0_v0_3,C0,41,1,E1,24,24,sha256:cd96a302a62c87ff4671bf82ecccf6d220e188caa917e7e53ca06ccd64f1a1c2,sha256:a19c6a4d964d5fedd09ccd14e464f6c9ba56264befff4ea7c6fd2acb0ae1aa47,sha256:8dbf31dc243085713df138fa202f24c3f12646b591cef8afb8306393da67ed28,sha256:96917e38a66830d5b6e14a79fc26b356c94157738a7bca180828afbf82fe8d71,1.0,ok
trellm-v0.3-iclr-protocol,sha256:47d6ad3132281eec04dc7778cbf59322f1ce9570dec8e53786827d0cd9ea3f29,glm__glm_5_turbo__synthetic_high_volatility_c0_v0_3__c0__e1__seed_41__sample_2,glm,glm-5-turbo,api-pinned-2026-07-06,synthetic_high_volatility_c0_v0_3,C0,41,2,E1,24,24,sha256:3e9e45efc8279386bae23b32e68131cdb90952431b98c1fba1cfb4737d6e0aee,sha256:5d13b97c65e1d6c583eb7112ab86866070a891963156fc795e42af792d61592b,sha256:5f5177d890df09b14f06212a2aaa8aca0fb1ff7850919fc12f9766c40e1af57d,sha256:9375eccc618f2753577a20fb41bd68a626713ace8992e3427772c3ce621fec18,1.0,ok
trellm-v0.3-iclr-protocol,sha256:7fae56d5c91db19ac4e7c213325a352d0821184e64788f892f0ea74dd05ae6e5,glm__glm_5_turbo__synthetic_high_volatility_c0_v0_3__c0__e1__seed_43__sample_0,glm,glm-5-turbo,api-pinned-2026-07-06,synthetic_high_volatility_c0_v0_3,C0,43,0,E1,24,24,sha256:5ca2f47505eae6557ce7365f043d57bb0da912e8bac82e310072ea42f020c255,sha256:fde2b1f8ff3f78fd5c654a97b6f3f8b73858d093a12ca9f4a70a74e978901705,sha256:a49b59d1e619bcf30fc539e24dd6fa91902775acf4c7748946a72a06d6c7470f,sha256:eb245a953b63c4e2bfc476a540eb629b33facc90a43c72d0e84a9add16f117b5,1.0,ok
trellm-v0.3-iclr-protocol,sha256:41a7744926ee019a9809e6b636b30eb2e538d433398322090bb429e1a6c64b8a,glm__glm_5_turbo__synthetic_high_volatility_c0_v0_3__c0__e1__seed_43__sample_1,glm,glm-5-turbo,api-pinned-2026-07-06,synthetic_high_volatility_c0_v0_3,C0,43,1,E1,24,24,sha256:b601176edbf49666a0dab5a8539c6ce4c21ea76c7225ab5da88ddc78ad76c809,sha256:ca0a605998499803346ccb9a55a27a633f23b962b1e92aaa6dfc52f89743b08e,sha256:64b146c13515f9b620d39aebe5a99835be09788beeb4ca0c6553e390bcf7fc60,sha256:6b7cf030e51e9b0a80d3862f8f35420b3dadd7e09361732e68c2ce5b4e13405e,1.0,ok
trellm-v0.3-iclr-protocol,sha256:2e8e50039c49002c232b2ca2166349281fcba8b0c7e818549b5104c0249f06cd,glm__glm_5_turbo__synthetic_high_volatility_c0_v0_3__c0__e1__seed_43__sample_2,glm,glm-5-turbo,api-pinned-2026-07-06,synthetic_high_volatility_c0_v0_3,C0,43,2,E1,24,24,sha256:eb1df08604693a4190ca9f77204718875061a35583a20ce45bab706d6dbd3ac9,sha256:3be872da379ab224718d9037b7ff4659c6c9472cea52366550c0d564f8b33c6a,sha256:366f3eceb0afd809f9235d6763948d4f9e86570d221a831e1d42eb23cd1f3cc2,sha256:aac6f012d7a1181ab503c24300b81e05e61df24dddfd8a214e803db67c7f1c69,1.0,ok
trellm-v0.3-iclr-protocol,sha256:37f275b9eca8f2a38a1eebd76bdb0a3b67e53fbbd0018bc9920b702bc1af1664,glm__glm_5_turbo__synthetic_high_volatility_c0_v0_3__c0__e1__seed_47__sample_0,glm,glm-5-turbo,api-pinned-2026-07-06,synthetic_high_volatility_c0_v0_3,C0,47,0,E1,24,24,sha256:a2b76568852247d7aaf9723eb4edafa45bde71b404175ebf68bc4501acbab483,sha256:f4a2493ee0dbc0a35f7b436fe17ee4a41b43397727c7487a93bd79ac75bbe601,sha256:2bed7ce064e5a45b06dde6c6aad7b3730604bdbd4696041eb53dceaf0fa37e94,sha256:403e8b3763789880fca641a9486ee8d975777c73c3fc2112c9818a83b1023c6a,1.0,ok
trellm-v0.3-iclr-protocol,sha256:d39a2f177f2b11405c923ef4fee2bfc8a59a0520a9bdd611c3b31d5640bfada4,glm__glm_5_turbo__synthetic_high_volatility_c0_v0_3__c0__e1__seed_47__sample_1,glm,glm-5-turbo,api-pinned-2026-07-06,synthetic_high_volatility_c0_v0_3,C0,47,1,E1,24,24,sha256:356a56f413264f587ab3edf6eede7337f5ae87bc32c812adc40e7540b7cc651d,sha256:c002ee5bd1f774cc83dc4b701bf96d3c0479c427ffabcdf84957131239d10e08,sha256:0f1b206e47905af209a7b46b3ff58bd49342637994285b088b560fb5757daa41,sha256:7208b6869195fe6338b6dab3c99554db43ef1cbdbf637c9bc28c84c0b209817e,1.0,ok
trellm-v0.3-iclr-protocol,sha256:b7facfcb6c93e4ad4841622cc2b9a14184252691d682d574a29826eba63259be,glm__glm_5_turbo__synthetic_high_volatility_c0_v0_3__c0__e1__seed_47__sample_2,glm,glm-5-turbo,api-pinned-2026-07-06,synthetic_high_volatility_c0_v0_3,C0,47,2,E1,24,24,sha256:f250aa51b4d3e72f1f402c6e68bb138a1f820aa19fa59936d51b4a1aa755441c,sha256:30dfb4489eb56c044cac48092fb953777e2861946852257d2adb0beb8c09aa05,sha256:15c12dea17cef4eecbd9475a4dacda30752ff1eeea5d22c5ead19a3b69717892,sha256:567ee1f51eda997016cf00671d6872df2a842b30f16b03195362b39bafa4c4dd,1.0,ok
trellm-v0.3-iclr-protocol,sha256:77e36a11a2c52d79ea8be09434cc22c670f7471d9dd5b1effbc1cd0e433a5c65,glm__glm_5_turbo__synthetic_high_volatility_c0_v0_3__c0__e1__seed_53__sample_0,glm,glm-5-turbo,api-pinned-2026-07-06,synthetic_high_volatility_c0_v0_3,C0,53,0,E1,24,24,sha256:a7b8f750604588d4f26d49e5f3abfcf3fc88bfc7180c1f19e92c2a459452e609,sha256:75e2007f910a0babb906ca36829176e5701f26847845b775b9a9bf4c793c0913,sha256:8457dc0fb9748889b2527f4d080b364a6f04760c978679324684d065e1cbb136,sha256:4a7fdc736ec5e0d2fb09196c3c1fdd3e5fb4398f03e42e77eab1566447482b65,1.0,ok
trellm-v0.3-iclr-protocol,sha256:ba89b9be93d3f16040e20e6cdc5f24ed0aadc744f2846dc019abbb9721f49f90,glm__glm_5_turbo__synthetic_high_volatility_c0_v0_3__c0__e1__seed_53__sample_1,glm,glm-5-turbo,api-pinned-2026-07-06,synthetic_high_volatility_c0_v0_3,C0,53,1,E1,24,24,sha256:dc5a274b31cefea63cd0b6cdf117545cf6db0cc93606a08be31d7bedaa006ef2,sha256:3cfe6c0bbc460fdc9cb2cd698240f1ea63af00692e45dcdb80166ddc6cc1df51,sha256:6318428b631b6bc281c713e1ed1ada491942f923a3f61688326a6c6471e466f0,sha256:003f85bd485072c426ebe689299914f2db25b8eec6d632d5fd8f106251260486,1.0,ok
trellm-v0.3-iclr-protocol,sha256:95233e4f621096d4261dbc188fcccf218bcaf81d51b933e1b1565c452df25cf2,glm__glm_5_turbo__synthetic_high_volatility_c0_v0_3__c0__e1__seed_53__sample_2,glm,glm-5-turbo,api-pinned-2026-07-06,synthetic_high_volatility_c0_v0_3,C0,53,2,E1,24,24,sha256:4438da5208147bdd0375f67d81a11314ac5eb6b0c94a40e4f23dcce7c6f7292f,sha256:f2dfe10b13543e2dd0c427245949bf659a972ecdaa93c5a45ccad3fc6f5ca18b,sha256:c9edcd63eac64dc8a0f4ac90c4d9a7b0d0de852570f686f724c82f88e27092bb,sha256:ff573036c355702d2176aae5feacc2bcc14aa5cf50654c68a426e00036b00927,1.0,ok
trellm-v0.3-iclr-protocol,sha256:8ec94564927b9fdec938fafd633d9f0781571f238a7f2c4884eeccaab608e7d9,glm__glm_5_turbo__synthetic_high_volatility_c0_v0_3__c0__e1__seed_7__sample_0,glm,glm-5-turbo,api-pinned-2026-07-06,synthetic_high_volatility_c0_v0_3,C0,7,0,E1,24,24,sha256:ee5adba689c58db858bf2dcaf36de11f01e9f0b068273034c60973e4b19fd550,sha256:dd334cb83a30375b9e90851dce4ee9fcc273d24fe797556d12f20e7d7f9feae3,sha256:3f01548f257a7437a8fc822453e543a762eef584a2da61ee68be16b6e23ff89c,sha256:6e8c69b98b1618ce866081a2a4b961b41c05dc3e6d558e3850d65d501d497597,1.0,ok
trellm-v0.3-iclr-protocol,sha256:1c13a63638265151f4d5813965e9abf1d256f778242fa31f45db027fae121b63,glm__glm_5_turbo__synthetic_high_volatility_c0_v0_3__c0__e1__seed_7__sample_1,glm,glm-5-turbo,api-pinned-2026-07-06,synthetic_high_volatility_c0_v0_3,C0,7,1,E1,24,24,sha256:2466a78b4b9e443a1f44e1a423fe47625f8968c57653524f36e8f05a05d6e87f,sha256:05540466c64e2df423bd502b3b6849c3b8af00df674bcb6f23f2dee429a72310,sha256:4958a4ebb966d5fd64abc970235b792fe952da8e1a11e7365ca156aa9aa466c4,sha256:b8db58948b4cc295bedcefb139fdaf9aa9d103e6171551822e116af76d906321,1.0,ok
trellm-v0.3-iclr-protocol,sha256:90fe09b1dc851ee0071e6e857f84343a46aad8317329aca83a56045d9093afda,glm__glm_5_turbo__synthetic_high_volatility_c0_v0_3__c0__e1__seed_7__sample_2,glm,glm-5-turbo,api-pinned-2026-07-06,synthetic_high_volatility_c0_v0_3,C0,7,2,E1,24,24,sha256:9e190d0464cbf3356ac7e88c76e6596fa73eb05eac38838c37f1a995c59da035,sha256:9007eb7e17af8b67c3ce65bf13c20047fa6273773aeb6646367769893d2a5fdc,sha256:0425b7d7b741c8254c14fb1fde004da19b6b2b29560f50537c8f1c83d233ef1f,sha256:fa585f8f1a50be3a1705c0b60a0eea84dd008e529a3007f7f52c6227992909d6,1.0,ok
trellm-v0.3-iclr-protocol,sha256:d559e3bfa627a039d9bf5481407048391c6499c5a780cd61db95a0b1d531c06e,glm__glm_5_turbo__synthetic_jump_tail_c0_v0_3__c0__e0__seed_11__sample_0,glm,glm-5-turbo,api-pinned-2026-07-06,synthetic_jump_tail_c0_v0_3,C0,11,0,E0,24,24,sha256:dc9a3ac1df5426dab1f69531c131d2421343532596d8440b95855abb0c6927a9,sha256:64febe725e6f7058d09d60f252083558a208f2ad79fef5e4b08cbefa277f0c33,sha256:74ce493212b931a38afd16c58a157a7497918b29ff305c30aad02c506964ff86,sha256:c5a8f41e7d7cbaef054486fe012b6d76322c08af95bce2ff9d2bcc8940b5d35c,1.0,ok
trellm-v0.3-iclr-protocol,sha256:78c2c3338436df119acf850e54297c69913f3784082ced53d0e723d8539468b9,glm__glm_5_turbo__synthetic_jump_tail_c0_v0_3__c0__e0__seed_11__sample_1,glm,glm-5-turbo,api-pinned-2026-07-06,synthetic_jump_tail_c0_v0_3,C0,11,1,E0,24,24,sha256:c67cf0c790fec99da5e0c94e05f294c1bdd4eaa8b792b31e696e18a4caeaf053,sha256:f53fc904a8bab1e24e52a1e5498aea89b903d5523ab008b52240a22c85e5e36d,sha256:2ee677b9f6f4250d2c74c6864cb56730119178b8706ed684f1f43db0e0120f92,sha256:47a13386a7f8267f54cf46fae1d3c3441d6adc1973192b8c4924759713d5d24e,1.0,ok
trellm-v0.3-iclr-protocol,sha256:9143296fdcf6cb1074290bbc50a0b954e76435a7395cc1c1f3e6eb9dc827f353,glm__glm_5_turbo__synthetic_jump_tail_c0_v0_3__c0__e0__seed_11__sample_2,glm,glm-5-turbo,api-pinned-2026-07-06,synthetic_jump_tail_c0_v0_3,C0,11,2,E0,24,24,sha256:584953dc1a268d2e5a4ba0489d855b503d02d3e314cd6420c340150a176bf7cf,sha256:c71b2b21366deea75d60780c1f6f9375caabdfa9dccf435eb8c5a0120c3767e0,sha256:2718042c84f62ecaaa0cd42b976da51cb55ff91009e88bd089a5a15fd9934e80,sha256:f3fe268b215217602af2008b275715b9f353ecd49f03eebf8aac516299e6f940,1.0,ok
trellm-v0.3-iclr-protocol,sha256:76d3ab53f05060f025328059f799f26feb5d1e0a32f9e80d29957d7a624a1d4a,glm__glm_5_turbo__synthetic_jump_tail_c0_v0_3__c0__e0__seed_17__sample_0,glm,glm-5-turbo,api-pinned-2026-07-06,synthetic_jump_tail_c0_v0_3,C0,17,0,E0,24,24,sha256:4f2bf909dffd1b9bd75625b9d7d9c5c6d57af7b2abac5a0c54930d2b5a8230e8,sha256:bc7ccad55f7c4e8b0c49f9507f379412a6d26d15d7295dc2bc61fa0a754b62c5,sha256:f59a42483a96b66943fec1e17141fa5a6c4e653459d59ff5105d4e51624ca880,sha256:86c4358835e636e6d1518d11dbfd73ae49cfa1d95a8b24292ea50c632518b4fa,1.0,ok
trellm-v0.3-iclr-protocol,sha256:0a14bff34c476003f2dbaf230b083f701999615e234c4d80bb015745579fd728,glm__glm_5_turbo__synthetic_jump_tail_c0_v0_3__c0__e0__seed_17__sample_1,glm,glm-5-turbo,api-pinned-2026-07-06,synthetic_jump_tail_c0_v0_3,C0,17,1,E0,24,24,sha256:573cb587d425aa2e5b4f125effd3cd416056c68df4ece1a53e71988707e909dc,sha256:72b10839b8b61f0c3e8858870533cc6affc478414f63cfd9fcad56c96de47df2,sha256:d4fe23c1565abc1c85f48d19f39df1bdaa11f2079442e1aacb6eee1255b513b9,sha256:42221f6d6e796c9b7c1bfea4974e900944710cef262e63975fa561e54f434972,1.0,ok
trellm-v0.3-iclr-protocol,sha256:ba6929480ef4580aa34258c953cc059c701140f715e93cc96177eb647900495a,glm__glm_5_turbo__synthetic_jump_tail_c0_v0_3__c0__e0__seed_17__sample_2,glm,glm-5-turbo,api-pinned-2026-07-06,synthetic_jump_tail_c0_v0_3,C0,17,2,E0,24,24,sha256:95c8f4f00dd7212625cdd852c0a79b8df52e00b348ed2404084b53d9a16de19c,sha256:0025ff379b210794799ddf8eaf58dad3117c8162021f64e7970b7b23c17613c8,sha256:379d78da9f331417ea3fd7e662bd146a02a93830b14ba2eeaf9aa80fad202aad,sha256:07b168c36e11858cc5458cf759e114d6be816a91188d0163948914b579d9a8e9,1.0,ok
trellm-v0.3-iclr-protocol,sha256:9243d50a945169aa89ce64bd92eeeb2c31d5cba630724e4617bcb025152b1852,glm__glm_5_turbo__synthetic_jump_tail_c0_v0_3__c0__e0__seed_23__sample_0,glm,glm-5-turbo,api-pinned-2026-07-06,synthetic_jump_tail_c0_v0_3,C0,23,0,E0,24,24,sha256:99f54e96252092373765fe7830ce7c4891ed6b6e3cb7ff55d811eca096a6a5a8,sha256:9e7408f8502e4ea09439a90895340aae6872c3dbc781d5b733aca52d04e9a9d8,sha256:38f028047004e36f764b7e75345fe45fddd1e7eb7b1d8e15bf4d2802fa0fcab9,sha256:4e030ce6cbd6b1cd7b2ba9d263ff47bd790c87552e0cd154280c7bb5e125c5c9,1.0,ok
trellm-v0.3-iclr-protocol,sha256:0a96a00f3ad7e111b30383c11130de55c9baf168b63ed79522f18f3a8805dcd2,glm__glm_5_turbo__synthetic_jump_tail_c0_v0_3__c0__e0__seed_23__sample_1,glm,glm-5-turbo,api-pinned-2026-07-06,synthetic_jump_tail_c0_v0_3,C0,23,1,E0,24,24,sha256:6f1f8e157198475d25675b930d66eb1f646e887c260e880187a115a1a7c3555e,sha256:98a79476f8c720358d904dec7af899bafdaa42ac9760db0190b84a2c176a436b,sha256:cfc21da3c12b781ac4c354ae6ddec5194dbdaee4e776a8e0fe498430898a9028,sha256:bb986409ec2e92c0cbd4ce7cef1658f28044aa675d61f49c835bb7a318217929,1.0,ok
trellm-v0.3-iclr-protocol,sha256:e22b61a0d1bf9233bb93058148f6f9c8f4eb334a024513efaab4249c729dfd80,glm__glm_5_turbo__synthetic_jump_tail_c0_v0_3__c0__e0__seed_23__sample_2,glm,glm-5-turbo,api-pinned-2026-07-06,synthetic_jump_tail_c0_v0_3,C0,23,2,E0,24,24,sha256:76baff4bafbc179ec0302421a7ed55aef3e481d1589361f122bf58e75188d65a,sha256:27e269745b487686635727801624f2f604c593f091e75d7184bf791b2f6156ea,sha256:eb08110ffebc172812fd61bc9310b47260bcbb668ef2b0f727691046bc92541d,sha256:fafe89887524055b620b11166ed3e1b075038f88b6ad484a122740f78b5ec6d6,1.0,ok
trellm-v0.3-iclr-protocol,sha256:a522ce7afcde44c902abf07e69fc8ae7ba22d704476ee05726ea74dce1092b18,glm__glm_5_turbo__synthetic_jump_tail_c0_v0_3__c0__e0__seed_31__sample_0,glm,glm-5-turbo,api-pinned-2026-07-06,synthetic_jump_tail_c0_v0_3,C0,31,0,E0,24,24,sha256:e3a8a2e14fa467fd65a0ea8988bc2489115749c9a1763b545b036968cef1a186,sha256:9aaf690967eb8e71951cff15264c0738048e9a441e2f7defece4d59fb71dd272,sha256:f2bbb849fcdfa6fef7fe2ae178afdc54665c9cf42f7cd9d09d58e6872afdddd2,sha256:609bdbdac488ad0f3b9df0368df5c52825f6975938679791c93adae309949b5d,1.0,ok
trellm-v0.3-iclr-protocol,sha256:b553a9700960b6d48457b0627494520c6a8cf1933f07779a9a5d89fe49872acf,glm__glm_5_turbo__synthetic_jump_tail_c0_v0_3__c0__e0__seed_31__sample_1,glm,glm-5-turbo,api-pinned-2026-07-06,synthetic_jump_tail_c0_v0_3,C0,31,1,E0,24,24,sha256:1870463de937401739edeb920cf7b7d877190027ee0ec9a70ab6529ce07390dc,sha256:b9014cf5130229122de29683fd8ef9f25d6d74d450970dd61814d90be7aa73ad,sha256:33b69de907ec8407b828a36f3a31379c4940ab31dcc5ccd3649c5be905b104c8,sha256:bbb52f4ceffac6406fc1563d4bf82da2a3b436e57a44512577f216fb5d32aae7,1.0,ok
trellm-v0.3-iclr-protocol,sha256:629da8adffe2d4bbbcb439dea809ca42f50ec4e3eb80771b8a1ec0068caed672,glm__glm_5_turbo__synthetic_jump_tail_c0_v0_3__c0__e0__seed_31__sample_2,glm,glm-5-turbo,api-pinned-2026-07-06,synthetic_jump_tail_c0_v0_3,C0,31,2,E0,24,24,sha256:52d63cb504470429ca9095795a7a8fcf944085fa8622889f041f139b5500df4c,sha256:3fea944f2532d30b5670b9ff55d584cf53added7a90785388f3e3a57ca8f5d26,sha256:f879d0943f3daa55203d1b1e255bf43059b2b0617d0ba3b373e32745c6e91077,sha256:c57305dc3653c19f65fc4ddaa386e0e0b5dbee407fb372c3e667a4347bdf35e3,1.0,ok
trellm-v0.3-iclr-protocol,sha256:21ce6ec25981c0fd55df0ce0d3ba7820d497d2bce8adb51e45ac9a6edbc89257,glm__glm_5_turbo__synthetic_jump_tail_c0_v0_3__c0__e0__seed_37__sample_0,glm,glm-5-turbo,api-pinned-2026-07-06,synthetic_jump_tail_c0_v0_3,C0,37,0,E0,24,24,sha256:932153dcb21aeb6fa70af6b0c7368e133a2f2b1ea2430524b02743e2e3a691d1,sha256:51372b123e722bf6203814d0a5fb8426132914e74bcf92e2a90a6ae76d18ce06,sha256:09fefdd64e42d3ced4ad7800339037e28bc19ae19248db9a74f5bd1ffd7de704,sha256:36d4ff1eb797525d22c6e50614fd52651d05c4fd64ded934d4d5ae5dd8791cfd,1.0,ok
trellm-v0.3-iclr-protocol,sha256:e660ad71e9012333369f86b2d8a1fa2e87f205f884bf8bee4d925d6c3b322f2e,glm__glm_5_turbo__synthetic_jump_tail_c0_v0_3__c0__e0__seed_37__sample_1,glm,glm-5-turbo,api-pinned-2026-07-06,synthetic_jump_tail_c0_v0_3,C0,37,1,E0,24,24,sha256:84458da5be0801fd77df900a251824ccc85d910a207080bd467d20d847a10cfd,sha256:933a15632be1a51c24172fb9bc7748326bc324b2c22f792b6bdad9728eb25221,sha256:d291524a2fb6c2815ac0bae0e6c3fed6e92e664bf926b4951412c8be7bd39d2b,sha256:6586aa301bdcdaa76cfcb2ba8beb7b7820d8185a8bc6bf43eb8327b9c3f5ab51,1.0,ok
trellm-v0.3-iclr-protocol,sha256:c6e4a7b8d35e0873f5dbc899eeb39b4cd5f0e565af0149852efb002a7b2a55bf,glm__glm_5_turbo__synthetic_jump_tail_c0_v0_3__c0__e0__seed_37__sample_2,glm,glm-5-turbo,api-pinned-2026-07-06,synthetic_jump_tail_c0_v0_3,C0,37,2,E0,24,24,sha256:cce4d98ebe917ccb0267c49b42c8277d072825d2e82e884d107064fad6c22fb4,sha256:cdea8a8ffa86836f24a20e3ea9499d7ec350ad52a76699290c0d7dfc74f40d5d,sha256:533acb5cdc96e99203b4e1281bb6650e8f6bdcd93a3d3cdc4c360c70c2c89bb6,sha256:b7ed95468abfb0259992d16c8bdace090b5387bcabff94933975349154f72fbf,1.0,ok
trellm-v0.3-iclr-protocol,sha256:419eb52982d2ce911e9d4bb7748e60bb80e9983f251790108d886ff9ebb0f828,glm__glm_5_turbo__synthetic_jump_tail_c0_v0_3__c0__e0__seed_41__sample_0,glm,glm-5-turbo,api-pinned-2026-07-06,synthetic_jump_tail_c0_v0_3,C0,41,0,E0,24,24,sha256:920fddbc3f826c767314651566ca80fdfa28dc3438734a4a6f1fa44e22351fb9,sha256:7ce8b8d824450bb9ee52c549fcd3f2e2a8dd99df4290a023d60d779fce91bb08,sha256:1922da41a29237162b6de687246acd049039957d7a955d575978cb5b983e117c,sha256:ec7294d036f44fbf192c7c4dc2750d5384df94cb2d620954c538296f4f730618,1.0,ok
trellm-v0.3-iclr-protocol,sha256:495c5b9cb542ed2eac6ec57b55a4ee780eee7aa08ec8ecd0d4c68cec2d64da94,glm__glm_5_turbo__synthetic_jump_tail_c0_v0_3__c0__e0__seed_41__sample_1,glm,glm-5-turbo,api-pinned-2026-07-06,synthetic_jump_tail_c0_v0_3,C0,41,1,E0,24,24,sha256:dd41cf756b2ed88a2c566f0ab175af89a86a38cc1da3a50c712b5e58385c838d,sha256:d77433ed8f95841186a2f8c161e3b2dff635904d17cc662d2180c27f82588ec5,sha256:a417a08df6610259aef4709695f1279e5dea06d9805b71e901d6855061097edf,sha256:6480a90c6ce0dfffe09c0b66c18ff7a66c567cea0b2502f31bce4cd754d53dbd,1.0,ok
trellm-v0.3-iclr-protocol,sha256:fc59861aef2b491b42a007c07b3dd94c716fc70fec8807f72f9fb9d0ee4a0cd1,glm__glm_5_turbo__synthetic_jump_tail_c0_v0_3__c0__e0__seed_41__sample_2,glm,glm-5-turbo,api-pinned-2026-07-06,synthetic_jump_tail_c0_v0_3,C0,41,2,E0,24,24,sha256:40ac49f11ead3d439136117b45e23d1df356716da450059969a5f0f573aef6fe,sha256:ce5a336767bb1238d659dd39a8ed89803d9559b9ae2b9a89894fdd747bc8f46d,sha256:6bf26852d16e22138346d7d6854dd8ac43bfdce9d6a7351a8079feceb712020d,sha256:c7a994646c6707757af70eacdf0b6365035abfe6abf73626e5c9a292d5930ab3,1.0,ok
trellm-v0.3-iclr-protocol,sha256:1d588e99741d9f802d2f2bbf9df7b0402e5473cf624ab7cae00bf88db1252c4a,glm__glm_5_turbo__synthetic_jump_tail_c0_v0_3__c0__e0__seed_43__sample_0,glm,glm-5-turbo,api-pinned-2026-07-06,synthetic_jump_tail_c0_v0_3,C0,43,0,E0,24,24,sha256:ade40bc9116bedeebd245ca68ff7be24c4c886e6331b7364b8e2bed2dc39c9ea,sha256:1d00b605eae71172d2882889f02bf2dff6a89aef56be2df27f598c922caa3d2f,sha256:b81a069fb3a2308f0f5c0bdce17fd5dfafbfb8540bcf5407f12a537fe65c1a0f,sha256:94ca967a97cf3b34fb88a276ddd0fa23183d59b67b16879eef9512e50e372a56,1.0,ok
trellm-v0.3-iclr-protocol,sha256:8c768072ac5035f63892cfaf52953346eb835368603f15c14f7c030bd51b067b,glm__glm_5_turbo__synthetic_jump_tail_c0_v0_3__c0__e0__seed_43__sample_1,glm,glm-5-turbo,api-pinned-2026-07-06,synthetic_jump_tail_c0_v0_3,C0,43,1,E0,24,24,sha256:23b581d223332f5d89b78b7ece17eda0a9dff2d9dcfa6ae911fd136c1daa22ab,sha256:a93a1ee6515cf722f96e7a5026fa5b8f11623a9e3e6578c72c21de087958c8c7,sha256:7276c531032b8196dffca8e23e8c64b053a55319aa65fa0820bcfa4ab2077ee6,sha256:dce1ae5c04d40d90535283e23aa53e51b34c391ac7db316d6bc5b6989ea96af6,1.0,ok
trellm-v0.3-iclr-protocol,sha256:bd931bcd0d0bd2eccd345ba582e9d41f3279076dd74cc0f7383d7dbbfcccbc5d,glm__glm_5_turbo__synthetic_jump_tail_c0_v0_3__c0__e0__seed_43__sample_2,glm,glm-5-turbo,api-pinned-2026-07-06,synthetic_jump_tail_c0_v0_3,C0,43,2,E0,24,24,sha256:7430229c13461e5f87759b7326f1e88b354eb7645ad1ecf3ffc824ff5034b0c0,sha256:f8d3cd0e009218158de1672a364b3b03806b20a094516a0082b6cd9c7a871fc3,sha256:ad6a40c83b22d87180c499fd971fb66db22b7c5e65764c441550055bb44cb0a9,sha256:30511423cd5f8f15862ad8346cc2fa90cd30f7f85b192431d00cf9a662296511,1.0,ok
trellm-v0.3-iclr-protocol,sha256:99a44403b0187253bc521a2ee79e8e3dc0384c9869e44965c10ac551ce8a795c,glm__glm_5_turbo__synthetic_jump_tail_c0_v0_3__c0__e0__seed_47__sample_0,glm,glm-5-turbo,api-pinned-2026-07-06,synthetic_jump_tail_c0_v0_3,C0,47,0,E0,24,24,sha256:3dc23548ff11a6e2c5e71ea3f2642d830e6d0b0b972370f023a8caf80656797c,sha256:0c0f42c0fe320b874b49b1d3c7ba23d566bfae29e27817c4fac6b3501c827848,sha256:49f200c34fc8487a76eb26750b152503eef38ef15d4b982020dde2a455be2821,sha256:f009f2d5224078dc8a51bba492b03a54b889593ac214c3ed2ed6ac3523c75fba,1.0,ok
trellm-v0.3-iclr-protocol,sha256:48499e94a7810eac635353d84ead59d9abafd4e355a2e4ea6f0bdcac17b0acb4,glm__glm_5_turbo__synthetic_jump_tail_c0_v0_3__c0__e0__seed_47__sample_1,glm,glm-5-turbo,api-pinned-2026-07-06,synthetic_jump_tail_c0_v0_3,C0,47,1,E0,24,24,sha256:77b8382168d60725fca2dc3e7b2c3e5c3f95253502558641ba4b748073856efd,sha256:fd15d4a8a053e0ba507ff296e7021c31a805392adcfd271f345590b49150951c,sha256:b0f09946fe6c63460722361cbc22d89380d35df710673ce221fca9d64530de0d,sha256:ea4677bd8e3e3e59831809b4fb78d50f7634797fc26a3c01fe76809b1a8971af,1.0,ok
trellm-v0.3-iclr-protocol,sha256:8c0babb81acf0f9f11b98eda31a5244514bdabd92a786bf309a758eeea0486aa,glm__glm_5_turbo__synthetic_jump_tail_c0_v0_3__c0__e0__seed_47__sample_2,glm,glm-5-turbo,api-pinned-2026-07-06,synthetic_jump_tail_c0_v0_3,C0,47,2,E0,24,24,sha256:1c27a06d178a83727f8da8dc0334e34583355d4c0b717bc71fd3fe9e368c1514,sha256:a4e51d824058614586bce5e6d41a4104c83a4f444fc0181330a07274cb8cc63c,sha256:76e1428b76203a15b57a1a50e5ffbea5e3415cc0e7bf4a61d2eaab5a0eee2cce,sha256:fab42e94ba9fef3e01d4bafbcf14d1dbdda8aa5763bc31dd927b94d8eb0de8a7,1.0,ok
trellm-v0.3-iclr-protocol,sha256:97687e7957ad1bbcf313ad2fda9d1c18900bc018a0fc2842f3ad32b73252c97d,glm__glm_5_turbo__synthetic_jump_tail_c0_v0_3__c0__e0__seed_53__sample_0,glm,glm-5-turbo,api-pinned-2026-07-06,synthetic_jump_tail_c0_v0_3,C0,53,0,E0,24,24,sha256:3f597ec0f29c2ac456cdd05741f9e4a01c751f6c092ff3b9d2253f1515b4a9b2,sha256:03583f53eb68b15a6d35a3b6e3b3b8b7481b73f262cdb7c7c3fdf3e6afd74545,sha256:e8261eefc3f0fb1a234bfd7c15564cd438100507a15f21338575a64e7bb12685,sha256:5741780b9547b25284b60b89bbb03520ea0b1466aa0b8929d75ee11d453eb90b,1.0,ok
trellm-v0.3-iclr-protocol,sha256:3170a49c6e4b83195bb88e0ff0a107a79284f83e832b59e2f7411b38a6107af8,glm__glm_5_turbo__synthetic_jump_tail_c0_v0_3__c0__e0__seed_53__sample_1,glm,glm-5-turbo,api-pinned-2026-07-06,synthetic_jump_tail_c0_v0_3,C0,53,1,E0,24,24,sha256:8c5abd36f565ffd548816a7c9b2e272c624fbcccf36df0deacbbfab0e03183d0,sha256:f069b3ae44a76052d92ac656806aa2eafd5df9ff04665e59ab5eebc396df30aa,sha256:a3d9b69d463444d68042d512c5db92b279ea0502a2209f69d6046f52c7b6e854,sha256:1ed8639b2f203dd72ea8fba3899f5e50e9c0d5adda819651b680b1a553ee52ef,1.0,ok
trellm-v0.3-iclr-protocol,sha256:c2f3d08cfbd15bf9f260502e1c7b1054b85e6fc4c17636bbc50f846180cdb59a,glm__glm_5_turbo__synthetic_jump_tail_c0_v0_3__c0__e0__seed_53__sample_2,glm,glm-5-turbo,api-pinned-2026-07-06,synthetic_jump_tail_c0_v0_3,C0,53,2,E0,24,24,sha256:b51e52c818ecfc6410fbaecec3f3a3919375b7bd408002365deb47867e8e6331,sha256:f069b3ae44a76052d92ac656806aa2eafd5df9ff04665e59ab5eebc396df30aa,sha256:02d9898f91b1c4c573eba938cec820ac207b1009537365547c1749b9b4f63965,sha256:36e93022331057c2dd0433f959d5bab84f23e286aa36616036659d97c1c24337,1.0,ok
trellm-v0.3-iclr-protocol,sha256:6fb1585946c05fcc43a6c67020cbabe2c68fd4ac45705934180e5f2ca2139db8,glm__glm_5_turbo__synthetic_jump_tail_c0_v0_3__c0__e0__seed_7__sample_0,glm,glm-5-turbo,api-pinned-2026-07-06,synthetic_jump_tail_c0_v0_3,C0,7,0,E0,24,24,sha256:d950b22ae84d96e32dcfa9d0192a6f324a83f71defc9cd29d9653137c74846ef,sha256:6b05120c0bc3f96796f357cd20f9e0143bcd2ed4457e78d81bd3020fbf8f1145,sha256:64ef0a745a2af4d66c04fc8caf247ab9225415ed4dfcd3145e6ece5d092e011c,sha256:b8c5782e5ac508fe33747781fe37394649746fb9f9b4668456ee2cff45d9ef9e,1.0,ok
trellm-v0.3-iclr-protocol,sha256:bf0e140b58f4cd0642c70dd99c6785b278f6f9d90ad2b261b7e20acde4475e84,glm__glm_5_turbo__synthetic_jump_tail_c0_v0_3__c0__e0__seed_7__sample_1,glm,glm-5-turbo,api-pinned-2026-07-06,synthetic_jump_tail_c0_v0_3,C0,7,1,E0,24,24,sha256:67a7cae12fc24e645ffa6508525a45ff488a0f1a83c2e0f54bd59e672fe164cc,sha256:156172b06d3ef237dd849f94626e94ae8cc3b0559292213622b97bd1841fd1a4,sha256:6a11f50ed642e76afd3e276edb4e90ac4c7adce1cd098ba607b8f2ad3d009ba5,sha256:f3fc023e5b425cad11ed7d0adc243a7d66ee140a0b505e0d404603ea0e2ccbe0,1.0,ok
trellm-v0.3-iclr-protocol,sha256:9f93b5dee59da831f65e4eda8912525e1d4a7106be0f2c29f0a6c0d3e80f1813,glm__glm_5_turbo__synthetic_jump_tail_c0_v0_3__c0__e0__seed_7__sample_2,glm,glm-5-turbo,api-pinned-2026-07-06,synthetic_jump_tail_c0_v0_3,C0,7,2,E0,24,24,sha256:26097c220c86ec91e2c5578fd09844061ceee3ecc7b0b85a46664362e7b2f900,sha256:b707b517be7a8b1232ad001a3b02109138586c4944918cd2981e8fce124100c7,sha256:1d8e93fc71c9e68335c7a22294f4fccd4ff57cf1ff1e8d5a2d07ed26b8d94602,sha256:437c6adab6b43ae72d0138a538314c6767d86a2a7633ec73422373637cf7cfda,1.0,ok
trellm-v0.3-iclr-protocol,sha256:d559e3bfa627a039d9bf5481407048391c6499c5a780cd61db95a0b1d531c06e,glm__glm_5_turbo__synthetic_jump_tail_c0_v0_3__c0__e1__seed_11__sample_0,glm,glm-5-turbo,api-pinned-2026-07-06,synthetic_jump_tail_c0_v0_3,C0,11,0,E1,24,24,sha256:b09fe7dfc0a791f53369fc4467ce10deb7cf5d9973b987dcf4dc17f04053473e,sha256:e9c56ac7fe3f169a691d65333cbaa9b20aa80eb2405ea337dff83aa057fffb4e,sha256:432ee415f45a9001a6008755d5aee0deae4d0b6b3e6a350ccebd99bc65b175a5,sha256:ad3efb0dd2815db65fe7d9be1d63e16d419a841b9995814c73bdff554a77da30,1.0,ok
trellm-v0.3-iclr-protocol,sha256:78c2c3338436df119acf850e54297c69913f3784082ced53d0e723d8539468b9,glm__glm_5_turbo__synthetic_jump_tail_c0_v0_3__c0__e1__seed_11__sample_1,glm,glm-5-turbo,api-pinned-2026-07-06,synthetic_jump_tail_c0_v0_3,C0,11,1,E1,24,24,sha256:e0337210aa78daa8f8ed9e93d1fe5e18ff1e5e85272582aeb921a6658862e11c,sha256:92de06f924b10709d79a66aeebbdf09c0e80851dd9b630741f47a5d13a15f952,sha256:6a70b9f6e36690e2f5d89420c28d397e988f3e1caf759971c3e47ff74fc8f421,sha256:2d7d9562321eec1e475cb79b61f397571408a2d00b67603fbd310a38de8d4de2,1.0,ok
trellm-v0.3-iclr-protocol,sha256:9143296fdcf6cb1074290bbc50a0b954e76435a7395cc1c1f3e6eb9dc827f353,glm__glm_5_turbo__synthetic_jump_tail_c0_v0_3__c0__e1__seed_11__sample_2,glm,glm-5-turbo,api-pinned-2026-07-06,synthetic_jump_tail_c0_v0_3,C0,11,2,E1,24,24,sha256:a916496b82c8762b5b698efd87ee4c7174e9ca8b4afb20b4be60fd338d0e23a2,sha256:2bee3952e842aee9e93d4ae044c6821fce54330ac33a4ee9246ce38e92e86c77,sha256:8c245a91359d2e0ee984181cdb103d039cdf0a594f555ec3fd73cd3f0be798d1,sha256:0b8881a222814aace57efbbac3406210e8fce16bfd2f11d15aab711572fd8f2b,1.0,ok
trellm-v0.3-iclr-protocol,sha256:76d3ab53f05060f025328059f799f26feb5d1e0a32f9e80d29957d7a624a1d4a,glm__glm_5_turbo__synthetic_jump_tail_c0_v0_3__c0__e1__seed_17__sample_0,glm,glm-5-turbo,api-pinned-2026-07-06,synthetic_jump_tail_c0_v0_3,C0,17,0,E1,24,24,sha256:8b1bd005e7fbe97abe58105c5fdfbd78f2438c032e277fdbf12fe931340f14da,sha256:cf71fc7370fad97ff4c0c9dd06f0eb0a05993196923d42313620d5e87d2ac8ad,sha256:70f79dd8dce07fd7d9e0e37bbaa4003c226952a4dd4b35132e9df4caea9c26d6,sha256:c1d4dd896ddd5454bd4b3cec116d6eb2c50f48a430d3585bf06de7728b4edaaf,1.0,ok
trellm-v0.3-iclr-protocol,sha256:0a14bff34c476003f2dbaf230b083f701999615e234c4d80bb015745579fd728,glm__glm_5_turbo__synthetic_jump_tail_c0_v0_3__c0__e1__seed_17__sample_1,glm,glm-5-turbo,api-pinned-2026-07-06,synthetic_jump_tail_c0_v0_3,C0,17,1,E1,24,24,sha256:83bb363bef2b751fd963751c41adbe667bef1807f4cbe7d3010393ec088b7233,sha256:b6b0cd96af6fcaf7eb264d7a11055e2f5a2f1c31916812850b132ac8a04d147c,sha256:4f058d81f9ad0816465f8e73c09d5b8461259bcf77f0b60a39f926b00a6e1bf3,sha256:cfbd8375165535c03eb3167e4a29ca905bdec8eff287caea22655a39449d00df,1.0,ok
trellm-v0.3-iclr-protocol,sha256:ba6929480ef4580aa34258c953cc059c701140f715e93cc96177eb647900495a,glm__glm_5_turbo__synthetic_jump_tail_c0_v0_3__c0__e1__seed_17__sample_2,glm,glm-5-turbo,api-pinned-2026-07-06,synthetic_jump_tail_c0_v0_3,C0,17,2,E1,24,24,sha256:390bfd1b43d4a0ae94dd3814af3173ab67a014d0ca134b058c295ba4ee19da1a,sha256:3bf891075adc08c37aaec194d09a1edeb4b8b40df2dc07e5d17cab41d5c0d546,sha256:5355f5ab91df9f92e3dda2eeedd94e45cda6e8b401122d1b466313be848fcfac,sha256:af182052ab73093308ca7611f367da8529cab7291d3db6e39fe59f58915222da,1.0,ok
trellm-v0.3-iclr-protocol,sha256:9243d50a945169aa89ce64bd92eeeb2c31d5cba630724e4617bcb025152b1852,glm__glm_5_turbo__synthetic_jump_tail_c0_v0_3__c0__e1__seed_23__sample_0,glm,glm-5-turbo,api-pinned-2026-07-06,synthetic_jump_tail_c0_v0_3,C0,23,0,E1,24,24,sha256:d837d37d0d1481a1e0be1fa26f74b8175e67a273e26f8a64ab4cd1010d15a8c9,sha256:9e350bf427c979755a4a25927fab689a74dfb9c566eb8d9d0b92f4bd96d4c0f1,sha256:473147ea420fc271ff11ca725b7bd712d14069e44ae4838a5b1961b61328558b,sha256:9220cf39f0913121cf5f9a0870c4f0b0eae024724854c5e54b90a80add54abc2,1.0,ok
trellm-v0.3-iclr-protocol,sha256:0a96a00f3ad7e111b30383c11130de55c9baf168b63ed79522f18f3a8805dcd2,glm__glm_5_turbo__synthetic_jump_tail_c0_v0_3__c0__e1__seed_23__sample_1,glm,glm-5-turbo,api-pinned-2026-07-06,synthetic_jump_tail_c0_v0_3,C0,23,1,E1,24,24,sha256:9e11218375cc4aa78a616289266afbab65dee30f7fa9a8904def1922c443e9b4,sha256:1a96813e155e220376237e5b5e070cde86e7106b7f0dc388fb012babad1b86f1,sha256:684a5d36c2d37543f1d61b23d3de056b90090ca400f7338abcf52da39c3ea537,sha256:b0f237758053e57ba02faf0a60218fcd3505ef914e36a638e9859104794008e7,1.0,ok
trellm-v0.3-iclr-protocol,sha256:e22b61a0d1bf9233bb93058148f6f9c8f4eb334a024513efaab4249c729dfd80,glm__glm_5_turbo__synthetic_jump_tail_c0_v0_3__c0__e1__seed_23__sample_2,glm,glm-5-turbo,api-pinned-2026-07-06,synthetic_jump_tail_c0_v0_3,C0,23,2,E1,24,24,sha256:a551833bafe51f8f78df0a076fdeaa50762640d762cf9a161f68bed27830098e,sha256:45b5ecbd6698abd89ed37045006a88e60b1ff03a39eea78a431af21516b2ace8,sha256:2cb97525c612ac78d9e18e45c604d9f2f3cf21eee96a2b0fe3386284695d0ec6,sha256:34b03b9827926205e01cc17e19a648a37dca872c0f94cb36e49bd1c83090469a,1.0,ok
trellm-v0.3-iclr-protocol,sha256:a522ce7afcde44c902abf07e69fc8ae7ba22d704476ee05726ea74dce1092b18,glm__glm_5_turbo__synthetic_jump_tail_c0_v0_3__c0__e1__seed_31__sample_0,glm,glm-5-turbo,api-pinned-2026-07-06,synthetic_jump_tail_c0_v0_3,C0,31,0,E1,24,24,sha256:b7ae48b0beff6c1e537748a145934eec4039feb43e0b3e106853e6e089e901f7,sha256:0615de1fb28a808b714e201880dcd1bef5b557ed143aabeb8c073dea075fbe27,sha256:b3e8b270049ad0e4da002e767b8aa376260e437997c910ecc7d5efffc536b5e7,sha256:7434b8ebe0ba08219344c22ed5edc10ae2783a89623077d975174522495495f6,1.0,ok
trellm-v0.3-iclr-protocol,sha256:b553a9700960b6d48457b0627494520c6a8cf1933f07779a9a5d89fe49872acf,glm__glm_5_turbo__synthetic_jump_tail_c0_v0_3__c0__e1__seed_31__sample_1,glm,glm-5-turbo,api-pinned-2026-07-06,synthetic_jump_tail_c0_v0_3,C0,31,1,E1,24,24,sha256:5bd9b286ca547001d8dd8c40dcc3f76f03051828d6be63f10330b63e975fb585,sha256:815e16cc55064c26df60cfe6af701d3261d01726a3aee945558ade887f58305e,sha256:513c26a277979e53f68b367f6d47d6b570c5070435a6a5e6687e7a6288336417,sha256:5762b6a476b0c06fcf13f1a38251383d24a6225b69de5772f91719043ec80b61,1.0,ok
trellm-v0.3-iclr-protocol,sha256:629da8adffe2d4bbbcb439dea809ca42f50ec4e3eb80771b8a1ec0068caed672,glm__glm_5_turbo__synthetic_jump_tail_c0_v0_3__c0__e1__seed_31__sample_2,glm,glm-5-turbo,api-pinned-2026-07-06,synthetic_jump_tail_c0_v0_3,C0,31,2,E1,24,24,sha256:12bbcb7af9c7b025cc85f182ca033684747cb5288fef66b075bec8085e16d2a1,sha256:abb55ad80a03c2ade3d1707bae58ead9b3e48d157fa1cfaaed79ae4d1d4645a7,sha256:996295b9073da9ee540e69ab1cef629f7411fce773bf11eda7adca34692108c6,sha256:e79c29e515f79c4183279474fb559846bd318383e5bffebdffe8d7a36aadffe3,1.0,ok
trellm-v0.3-iclr-protocol,sha256:21ce6ec25981c0fd55df0ce0d3ba7820d497d2bce8adb51e45ac9a6edbc89257,glm__glm_5_turbo__synthetic_jump_tail_c0_v0_3__c0__e1__seed_37__sample_0,glm,glm-5-turbo,api-pinned-2026-07-06,synthetic_jump_tail_c0_v0_3,C0,37,0,E1,24,24,sha256:c819f01d4e8932b12a76bece751f238f7a351fc3d9f268c95041c33dca47f015,sha256:0da0fb67c0917efc5a6f0bbc95fd6abd9e5dbffb85786a3d276124ba68491203,sha256:e876e74d313e09345e355ad2d11b7fa7c13f717facb2a4d62ab6fb9dad2b04c0,sha256:fe008a85ddfef9d6e71094e197584d8e11790d489336d98e1b1a89509e2fbacc,1.0,ok
trellm-v0.3-iclr-protocol,sha256:e660ad71e9012333369f86b2d8a1fa2e87f205f884bf8bee4d925d6c3b322f2e,glm__glm_5_turbo__synthetic_jump_tail_c0_v0_3__c0__e1__seed_37__sample_1,glm,glm-5-turbo,api-pinned-2026-07-06,synthetic_jump_tail_c0_v0_3,C0,37,1,E1,24,24,sha256:46a770a5de498ade6305668f0008f5ba74390fe5badd977a9d546f5e71f2690f,sha256:a8c813f6226e7b2b22a3c0e0afd8f9cf2cc8234370834b05b9f65b5fd651b681,sha256:7a885757f1dd8445bd422b656fa6fe49352b7a0c18ee49b71305b2be6830d513,sha256:a4a81ba82603431b3302e42810d51f7a36c0ffaf190276d41fc5bd6ea199ea35,1.0,ok
trellm-v0.3-iclr-protocol,sha256:c6e4a7b8d35e0873f5dbc899eeb39b4cd5f0e565af0149852efb002a7b2a55bf,glm__glm_5_turbo__synthetic_jump_tail_c0_v0_3__c0__e1__seed_37__sample_2,glm,glm-5-turbo,api-pinned-2026-07-06,synthetic_jump_tail_c0_v0_3,C0,37,2,E1,24,24,sha256:0fa4dc99cdfbd0fa0e120d3d4427772a3560118ef3832833f00a24906c8825cc,sha256:7ce61b889c72566aae02e9acb7b6a0716609f54736e5c3ed689546f0932b8807,sha256:c1a7929aa95c703f040f88f9c56bfabbb96ebfae7a648b0f816a0e2132913462,sha256:e0eee1de2075ca3784131fe5c86235f2201a8c5897573507f07eaf9e708d6ca4,1.0,ok
trellm-v0.3-iclr-protocol,sha256:419eb52982d2ce911e9d4bb7748e60bb80e9983f251790108d886ff9ebb0f828,glm__glm_5_turbo__synthetic_jump_tail_c0_v0_3__c0__e1__seed_41__sample_0,glm,glm-5-turbo,api-pinned-2026-07-06,synthetic_jump_tail_c0_v0_3,C0,41,0,E1,24,24,sha256:f632ebb76ed593fce05a485da147836b606733c33c57f5c85b4914a05fbe3716,sha256:c2961a48c98f36659888646be2116807edd807c01dd1b284034abe2b460a6bef,sha256:365644a76b9ffbd8405826247a3ec86422422b096fa5f65f20bcc0cedb57594a,sha256:e118d5d78b12afd80cb4c5c97b12bd1a271d1375cc11c0e13a7bd0205d601694,1.0,ok
trellm-v0.3-iclr-protocol,sha256:495c5b9cb542ed2eac6ec57b55a4ee780eee7aa08ec8ecd0d4c68cec2d64da94,glm__glm_5_turbo__synthetic_jump_tail_c0_v0_3__c0__e1__seed_41__sample_1,glm,glm-5-turbo,api-pinned-2026-07-06,synthetic_jump_tail_c0_v0_3,C0,41,1,E1,24,24,sha256:2f3f5270624a3e7c98588c1dbf4888a2ab147a4e5872e2df1a05349d898b6e04,sha256:aa9e8ebe7e9d665941aada1716da22f0937a4902fdf3464f7058853ba39de48c,sha256:91fa9bb106dd5da94516015794b4b0f775739f76062ed2d0c77265d393fd7d44,sha256:868bb08a2a9a1f651aa42748916a7833d1769bdf365fd4498d5a4319f5301b04,1.0,ok
trellm-v0.3-iclr-protocol,sha256:fc59861aef2b491b42a007c07b3dd94c716fc70fec8807f72f9fb9d0ee4a0cd1,glm__glm_5_turbo__synthetic_jump_tail_c0_v0_3__c0__e1__seed_41__sample_2,glm,glm-5-turbo,api-pinned-2026-07-06,synthetic_jump_tail_c0_v0_3,C0,41,2,E1,24,24,sha256:74240d6bedc7712615f669958b6c20bf75280333c0fd1f4b2285d5a114126031,sha256:7a309dac340b8eb165475fe101116b24bbdf137f135a664264e0601c78d9daa6,sha256:b41ed8f5e06baa037c7e3c4be881f57bb37d46c1645259014b77ab314f64f4ce,sha256:a49bbcab6d689c689b589dcabbeb80dc19b3c7c84207e82612c0d6eeece4982b,1.0,ok
trellm-v0.3-iclr-protocol,sha256:1d588e99741d9f802d2f2bbf9df7b0402e5473cf624ab7cae00bf88db1252c4a,glm__glm_5_turbo__synthetic_jump_tail_c0_v0_3__c0__e1__seed_43__sample_0,glm,glm-5-turbo,api-pinned-2026-07-06,synthetic_jump_tail_c0_v0_3,C0,43,0,E1,24,24,sha256:51b3ddf4916842745b150b48a376521c68405f615c26fd18994c5fd1d6f5822f,sha256:8fdbdf8bdf26791fab15481dc31e3df9156608f8737b3c4530ed65886ad3e29e,sha256:cf02f6d96e63c6973954be0ddc9f390e39406b1a73c05081abae5dc2a9361a86,sha256:01ef4ecc99183c625b2da471813c65d767ade885d79fa1afa83a392eac1d67e2,1.0,ok
trellm-v0.3-iclr-protocol,sha256:8c768072ac5035f63892cfaf52953346eb835368603f15c14f7c030bd51b067b,glm__glm_5_turbo__synthetic_jump_tail_c0_v0_3__c0__e1__seed_43__sample_1,glm,glm-5-turbo,api-pinned-2026-07-06,synthetic_jump_tail_c0_v0_3,C0,43,1,E1,24,24,sha256:afb464c29a5c6341f3db966c17f7b644ab24df6ec1f9a1e4eb8e54677e7473fa,sha256:96e8ab7f8d48138a7a3c2728ce23438f505c91013ec1e91ffceecad9eab18506,sha256:7cc42121a5ffcc528b17373ad89343518c36b5c6020c897af97491d0fd8fa27b,sha256:f84691696c0bf4c459fbd18c1ec3ef07b36e2b3cbf584c8631203dab92ae3dfc,1.0,ok
trellm-v0.3-iclr-protocol,sha256:bd931bcd0d0bd2eccd345ba582e9d41f3279076dd74cc0f7383d7dbbfcccbc5d,glm__glm_5_turbo__synthetic_jump_tail_c0_v0_3__c0__e1__seed_43__sample_2,glm,glm-5-turbo,api-pinned-2026-07-06,synthetic_jump_tail_c0_v0_3,C0,43,2,E1,24,24,sha256:3a4fc1505a5c5960a2d53dd78b7265012e798901a43ac684392188b92999ca97,sha256:d04692b4b8f19ae01e32fc38c8417c5ac4251c45c1288838a58d057cbc69398c,sha256:4e88ff38d7b7cec7bd54256b9b4959af3e86c8c99f537d414c7165ece6200907,sha256:a7a02360436d4ee743af0b66f60d8532ff2e437fd77b7de912dedad4a258d55f,1.0,ok
trellm-v0.3-iclr-protocol,sha256:99a44403b0187253bc521a2ee79e8e3dc0384c9869e44965c10ac551ce8a795c,glm__glm_5_turbo__synthetic_jump_tail_c0_v0_3__c0__e1__seed_47__sample_0,glm,glm-5-turbo,api-pinned-2026-07-06,synthetic_jump_tail_c0_v0_3,C0,47,0,E1,24,24,sha256:43552ce8105dcfb65d76af18d33a62b65e02cab8f7a3b4e94d41df255e0a8e94,sha256:540bf11a7e5da6b4ce23112684a931420b26c644834de2814b38998888f4aa94,sha256:756b76f466511df25601a5fbd4f4abf7e436eab501bc84aa418276dc3cbfc537,sha256:1029438fb8e2f437263ba64d96a96c203b266b4c8a7bb77043d521773965f5b2,1.0,ok
trellm-v0.3-iclr-protocol,sha256:48499e94a7810eac635353d84ead59d9abafd4e355a2e4ea6f0bdcac17b0acb4,glm__glm_5_turbo__synthetic_jump_tail_c0_v0_3__c0__e1__seed_47__sample_1,glm,glm-5-turbo,api-pinned-2026-07-06,synthetic_jump_tail_c0_v0_3,C0,47,1,E1,24,24,sha256:20ea5c75196adbc79a24f8aad74675cdae6f7e549441deae3d167febfad0806b,sha256:22199dcd272c067cf092e7af98fa1d606588a3496eb781b743825cb79c6fca22,sha256:6b7c3b1d349a431f83ae1c1b9eda32ae7f0f84dc6881280d144568eb3b4510b9,sha256:02ce6689c6eb9cad1282a785b03cd629eaef8b2b13052411aea3f214bec61f22,1.0,ok
trellm-v0.3-iclr-protocol,sha256:8c0babb81acf0f9f11b98eda31a5244514bdabd92a786bf309a758eeea0486aa,glm__glm_5_turbo__synthetic_jump_tail_c0_v0_3__c0__e1__seed_47__sample_2,glm,glm-5-turbo,api-pinned-2026-07-06,synthetic_jump_tail_c0_v0_3,C0,47,2,E1,24,24,sha256:d1f4eda4c25b72762409f29954bab8d5731348a3a1860ad88f43aeb454f481dd,sha256:09d6d63860253861bc5e56f3f92f7c25282578551005f79e04883e9f8aaff237,sha256:f65f6ef6835c9183fe65bb4f878c543f9d731ae4f23cbe72b3a695976bc3d0ea,sha256:d67eab4faab4e4ba325d30b4b74130d6799adb14d5f8b209d7b41619a3869252,1.0,ok
trellm-v0.3-iclr-protocol,sha256:97687e7957ad1bbcf313ad2fda9d1c18900bc018a0fc2842f3ad32b73252c97d,glm__glm_5_turbo__synthetic_jump_tail_c0_v0_3__c0__e1__seed_53__sample_0,glm,glm-5-turbo,api-pinned-2026-07-06,synthetic_jump_tail_c0_v0_3,C0,53,0,E1,24,24,sha256:110cfad92c17c7e3979bacec6f8793bcd9588a74be399e9365a3e96ee215abbb,sha256:64d794ad7051f7dc0a2ecde3c3a9c4457517e09be5b6b3beee59868eb1281fee,sha256:0491c49805556273906adef976a305167ddbdcf5cede9bff0e942ca8fba2d7eb,sha256:217e68550ae63b45dcbc70f7684184ca531d6695ad7f3562b6c085220da43d0e,1.0,ok
trellm-v0.3-iclr-protocol,sha256:3170a49c6e4b83195bb88e0ff0a107a79284f83e832b59e2f7411b38a6107af8,glm__glm_5_turbo__synthetic_jump_tail_c0_v0_3__c0__e1__seed_53__sample_1,glm,glm-5-turbo,api-pinned-2026-07-06,synthetic_jump_tail_c0_v0_3,C0,53,1,E1,24,24,sha256:d2a5cc42b112daa40f211c250aa143a8c1d1035e4e4a55e9e2624f15bce53c73,sha256:a34a83bbe085c2df46036fa499397d4148d5de6fb0fd81e52ff1c53d9f837ca1,sha256:76d770abcec67622ea04032236d3c151d17562bdd9913bac6d1140d25373475e,sha256:7d2f9433a62fb2f7cd369cbb38a4e28eb17a903cb0743dd13b7f8ce0fb26c08b,1.0,ok
trellm-v0.3-iclr-protocol,sha256:c2f3d08cfbd15bf9f260502e1c7b1054b85e6fc4c17636bbc50f846180cdb59a,glm__glm_5_turbo__synthetic_jump_tail_c0_v0_3__c0__e1__seed_53__sample_2,glm,glm-5-turbo,api-pinned-2026-07-06,synthetic_jump_tail_c0_v0_3,C0,53,2,E1,24,24,sha256:f1904bae9aad66dd4bb05240848e54a1b2de792078af32180b17600f41cd3727,sha256:ceb51ae37ef8ebafebd3532405f0bd4c39f05382f0c7d4b44a4f900b771ab59f,sha256:2f2836a02402e8452c0a2e71bf026dcbd6f54dc795c6519d9986f091704c5495,sha256:e8e9dc123b4bf8ee97d921a871bbf5a688954459e938bd05c021ae6cc25bd729,1.0,ok
trellm-v0.3-iclr-protocol,sha256:6fb1585946c05fcc43a6c67020cbabe2c68fd4ac45705934180e5f2ca2139db8,glm__glm_5_turbo__synthetic_jump_tail_c0_v0_3__c0__e1__seed_7__sample_0,glm,glm-5-turbo,api-pinned-2026-07-06,synthetic_jump_tail_c0_v0_3,C0,7,0,E1,24,24,sha256:7c5fc133b03ef9ca2e62714a95e74f1d0d7b684adfdc075fc08508503c8767ba,sha256:a0cce3b9cc2251b0260a4aa589593bdd30d0900c378e3329defa44e9521c15ba,sha256:5a3f68690e80fc3c51bcf0a5be862dcac159aba80f13629dd1e22a213a88deec,sha256:322881024b79e9b41179c32a355e1c6eeddc135f9115cb2461ba31cc4f1b1193,1.0,ok
trellm-v0.3-iclr-protocol,sha256:bf0e140b58f4cd0642c70dd99c6785b278f6f9d90ad2b261b7e20acde4475e84,glm__glm_5_turbo__synthetic_jump_tail_c0_v0_3__c0__e1__seed_7__sample_1,glm,glm-5-turbo,api-pinned-2026-07-06,synthetic_jump_tail_c0_v0_3,C0,7,1,E1,24,24,sha256:1d40b8d5048148efdbf7b1224432827138506da24f036206261c50280e809c8d,sha256:44ba0a2b5326e28045ccd3c038f7b974976bc50d844d1e2e4180995593b279aa,sha256:57ef9a37f88c7cdfd342471c5ca20376ac890a5d76353983b7f6858c531138f9,sha256:0517d98f9fe5867f931fcf6cb3aa6f8996681b44df17026e038af19e08f2a898,1.0,ok
trellm-v0.3-iclr-protocol,sha256:9f93b5dee59da831f65e4eda8912525e1d4a7106be0f2c29f0a6c0d3e80f1813,glm__glm_5_turbo__synthetic_jump_tail_c0_v0_3__c0__e1__seed_7__sample_2,glm,glm-5-turbo,api-pinned-2026-07-06,synthetic_jump_tail_c0_v0_3,C0,7,2,E1,24,24,sha256:ba53023a6621e43e22f153faacbac4963d2cebd326d1b291b6906895d638836d,sha256:896c6a0ab4bba7cd8e9476d4a74ebd429bd9716499325a15ef8a28c8618880fd,sha256:556e12ab3c3b2114f2bc76297452bd93b96fddc4124df3d50c91848e8708031d,sha256:0912d90ea78158a3a402b86e316b40e62d7f726b1ad37cead4b377dbeb97ae3e,1.0,ok
